gameDateEt,market,playerName,line,overPrice,underPrice,projectedValue,actualValue,predictedSide,playerPredictedSide,universalPredictedSide,chosenSource,actualSide,correct,expectedMinutes,actualMinutes,minutesVolatility,starterRateLast10,lineGap,priceLean,favoredSide
2025-10-23,PTS,Shai Gilgeous-Alexander,32.5,-115,-120,27.8,55,OVER,OVER,OVER,PLAYER,OVER,true,29.93,45.35,8.76,0,-4.7,-0.0106,UNDER
2025-10-25,PTS,Shai Gilgeous-Alexander,33.5,-119.5,-117.5,29.81,30,UNDER,UNDER,OVER,PLAYER,UNDER,true,31.37,28.733,9.92,0,-3.69,0.0042,OVER
2025-10-27,PTS,Shai Gilgeous-Alexander,32.5,-115,-115,31.68,23,UNDER,UNDER,OVER,PLAYER,UNDER,true,31.54,35.467,9.85,0,-0.82,0,NEUTRAL
2025-10-28,PTS,Shai Gilgeous-Alexander,33.5,-117.5,-114,32.62,31,UNDER,UNDER,OVER,PLAYER,UNDER,true,31.59,35.783,9.87,0,-0.88,0.0075,OVER
2025-10-30,PTS,Shai Gilgeous-Alexander,33.5,-115,-115,32.09,31,UNDER,UNDER,OVER,PLAYER,UNDER,true,31.67,29.033,9.9,0,-1.41,0,NEUTRAL
2025-11-02,PTS,Shai Gilgeous-Alexander,31.5,-117.5,-115,31.01,30,UNDER,UNDER,OVER,PLAYER,UNDER,true,31.57,29.983,9.92,0,-0.49,0.0053,OVER
2025-11-04,PTS,Shai Gilgeous-Alexander,30.5,-118,-115,30.66,30,UNDER,UNDER,OVER,PLAYER,UNDER,true,30.87,29.05,9.76,,0.16,0.0064,OVER
2025-11-05,PTS,Shai Gilgeous-Alexander,32.5,-118,-115,31.05,35,OVER,OVER,OVER,PLAYER,OVER,true,31.8,37.543,9.07,,-1.45,0.0064,OVER
2025-11-07,PTS,Shai Gilgeous-Alexander,31.5,-121,-114,31.74,30,UNDER,UNDER,OVER,PLAYER,UNDER,true,33.62,29.45,8.17,,0.24,0.0148,OVER
2025-11-09,PTS,Shai Gilgeous-Alexander,31.5,-118,-115,30.73,35,OVER,OVER,OVER,PLAYER,OVER,true,34.76,35.322,6.55,,-0.77,0.0064,OVER
2025-11-11,PTS,Shai Gilgeous-Alexander,31.5,-115,-115,31.46,28,UNDER,UNDER,OVER,PLAYER,UNDER,true,33.57,28.49,5.1,,-0.04,0,NEUTRAL
2025-11-12,PTS,Shai Gilgeous-Alexander,31.5,-120,-113.5,31.4,30,UNDER,UNDER,OVER,PLAYER,UNDER,true,31.89,29.383,3.45,,-0.1,0.0138,OVER
2025-11-15,PTS,Shai Gilgeous-Alexander,30.5,-119,-112,30.99,33,OVER,OVER,OVER,PLAYER,OVER,true,31.95,29.433,3.4,,0.49,0.0151,OVER
2025-11-17,PTS,Shai Gilgeous-Alexander,30.5,-119,-117.5,30.63,23,UNDER,UNDER,OVER,PLAYER,UNDER,true,31.35,28.933,3.25,,0.13,0.0031,OVER
2025-11-19,PTS,Shai Gilgeous-Alexander,30.5,-125,-110,30.78,33,OVER,OVER,OVER,PLAYER,OVER,true,30.66,35.567,2.95,,0.28,0.0317,OVER
2025-11-21,PTS,Shai Gilgeous-Alexander,31.5,-122.5,-120,30.41,31,UNDER,UNDER,OVER,PLAYER,UNDER,true,31.32,30.15,3.23,,-1.09,0.0051,OVER
2025-11-23,PTS,Shai Gilgeous-Alexander,31.5,-117,-115,30.37,37,OVER,OVER,OVER,PLAYER,OVER,true,31.33,30,3.22,,-1.13,0.0043,OVER
2025-11-26,PTS,Shai Gilgeous-Alexander,31.5,-115,-117.5,31.44,40,OVER,OVER,OVER,PLAYER,OVER,true,31.43,36.717,3.17,,-0.06,-0.0053,UNDER
2025-11-28,PTS,Shai Gilgeous-Alexander,31.5,-125,-121.5,32.12,37,OVER,OVER,OVER,PLAYER,OVER,true,31.34,35.717,3.01,,0.62,0.007,OVER
2025-11-30,PTS,Shai Gilgeous-Alexander,31.5,-120,-120,33.15,26,UNDER,UNDER,OVER,PLAYER,UNDER,true,31.97,35.813,3.2,,1.65,0,NEUTRAL
2025-12-02,PTS,Shai Gilgeous-Alexander,30.5,-112.5,-121.5,32.26,38,OVER,OVER,OVER,PLAYER,OVER,true,32.02,35.55,3.25,,1.76,-0.0191,UNDER
2025-12-05,PTS,Shai Gilgeous-Alexander,31.5,-118,-116.5,33.07,33,OVER,OVER,OVER,PLAYER,OVER,true,32.73,28.562,3.18,,1.57,0.0032,OVER
2025-12-10,PTS,Shai Gilgeous-Alexander,31.5,-128,-121,32.93,28,UNDER,UNDER,OVER,PLAYER,UNDER,true,32.64,26.833,3.27,,1.43,0.0139,OVER
2025-12-13,PTS,Shai Gilgeous-Alexander,31.5,-119,-125,31.54,29,UNDER,UNDER,OVER,PLAYER,UNDER,true,32.38,36.568,3.6,,0.04,-0.0122,UNDER
2025-12-18,PTS,Shai Gilgeous-Alexander,30.5,-120,-115,31.68,32,UNDER,UNDER,OVER,PLAYER,OVER,false,33.15,28.68,3.6,,1.18,0.0106,OVER
2025-12-19,PTS,Shai Gilgeous-Alexander,32,-121,-120,31.34,35,OVER,OVER,OVER,PLAYER,OVER,true,32.46,37.033,3.73,,-0.66,0.0021,OVER
2025-12-22,PTS,Shai Gilgeous-Alexander,32.5,-120,-125,31.68,31,UNDER,UNDER,OVER,PLAYER,UNDER,true,33.15,35.65,3.87,,-0.82,-0.0101,UNDER
2025-12-23,PTS,Shai Gilgeous-Alexander,31.5,-118,-125,31.54,33,UNDER,UNDER,OVER,PLAYER,OVER,false,33.71,35.497,3.78,,0.04,-0.0143,UNDER
2025-12-25,PTS,Shai Gilgeous-Alexander,32.5,-115,-115.5,32.57,22,UNDER,UNDER,OVER,PLAYER,UNDER,true,33.59,36.133,3.7,,0.07,-0.0011,UNDER
2025-12-28,PTS,Shai Gilgeous-Alexander,30.5,-120,-122,31.49,27,UNDER,UNDER,OVER,PLAYER,UNDER,true,33.63,29.017,3.73,,0.99,-0.0041,UNDER
2025-12-29,PTS,Shai Gilgeous-Alexander,30.5,-115,-120,30.68,39,UNDER,UNDER,OVER,PLAYER,OVER,false,32.95,35.883,3.88,,0.18,-0.0106,UNDER
2025-12-31,PTS,Shai Gilgeous-Alexander,31.5,-119,-125,31.39,30,UNDER,UNDER,OVER,PLAYER,UNDER,true,32.99,28.583,3.91,,-0.11,-0.0122,UNDER
2026-01-02,PTS,Shai Gilgeous-Alexander,30.5,-115,-125,31.1,30,UNDER,UNDER,OVER,PLAYER,UNDER,true,32.99,28.183,3.9,,0.6,-0.0207,UNDER
2026-01-04,PTS,Shai Gilgeous-Alexander,30.5,-116,-115,31.14,25,UNDER,UNDER,OVER,PLAYER,UNDER,true,33.12,35.642,3.71,,0.64,0.0022,OVER
2026-01-05,PTS,Shai Gilgeous-Alexander,30.5,-114,-118,30.22,21,UNDER,UNDER,OVER,PLAYER,UNDER,true,33.03,29.567,3.63,,-0.28,-0.0086,UNDER
2026-01-07,PTS,Shai Gilgeous-Alexander,31.5,-120.5,-123.5,29.7,46,OVER,OVER,OVER,PLAYER,OVER,true,33.12,41.967,3.53,,-1.8,-0.0061,UNDER
2026-01-11,PTS,Shai Gilgeous-Alexander,30.5,-121,-118,31.48,29,UNDER,UNDER,OVER,PLAYER,UNDER,true,33.61,31.97,4.31,,0.98,0.0062,OVER
2026-01-13,PTS,Shai Gilgeous-Alexander,31.5,-120,-124,31.37,34,UNDER,UNDER,OVER,PLAYER,OVER,false,33.24,33.667,4.27,,-0.13,-0.0081,UNDER
2026-01-15,PTS,Shai Gilgeous-Alexander,30.5,-108,-128.5,31.62,20,UNDER,UNDER,OVER,PLAYER,UNDER,true,33.06,32.65,4.21,,1.12,-0.0431,UNDER
2026-01-17,PTS,Shai Gilgeous-Alexander,31.5,-114,-122,30.63,39,OVER,OVER,OVER,PLAYER,OVER,true,32.71,36.265,4.08,,-0.87,-0.0168,UNDER
2026-01-19,PTS,Shai Gilgeous-Alexander,32.5,-115,-117,31.87,30,UNDER,UNDER,OVER,PLAYER,UNDER,true,33.44,33.667,4.01,,-0.63,-0.0043,UNDER
2026-01-21,PTS,Shai Gilgeous-Alexander,32,-116,-124,31.22,40,OVER,OVER,OVER,PLAYER,OVER,true,33.22,33.333,3.93,,-0.78,-0.0165,UNDER
2026-01-23,PTS,Shai Gilgeous-Alexander,33.5,-117,-121,32.6,47,UNDER,UNDER,OVER,PLAYER,OVER,false,33.69,34.7,3.61,,-0.9,-0.0083,UNDER
2026-01-25,PTS,Shai Gilgeous-Alexander,32.5,-115,-115,33.68,24,UNDER,UNDER,OVER,PLAYER,UNDER,true,34.34,35.197,3.11,,1.18,0,NEUTRAL
2026-01-27,PTS,Shai Gilgeous-Alexander,31.5,-120,-125,32.28,29,UNDER,UNDER,OVER,PLAYER,UNDER,true,34.3,35.828,3.1,,0.78,-0.0101,UNDER
2026-01-29,PTS,Shai Gilgeous-Alexander,32.5,-119,-111,32.73,30,UNDER,UNDER,UNDER,PLAYER,UNDER,true,34.92,31.417,2.68,,0.23,0.0173,OVER
2026-02-01,PTS,Shai Gilgeous-Alexander,31.5,-117.5,-116.5,31.87,34,UNDER,UNDER,UNDER,PLAYER,OVER,false,33.87,33.433,1.53,,0.37,0.0021,OVER
2026-02-03,PTS,Shai Gilgeous-Alexander,31.5,-125,-119,32.34,20,UNDER,UNDER,UNDER,PLAYER,UNDER,true,34.02,27.8,1.41,,0.84,0.0122,OVER
2026-02-27,PTS,Shai Gilgeous-Alexander,28.5,-123,-117,31.23,36,OVER,OVER,UNDER,PLAYER,OVER,true,33.43,33.767,2.34,,2.73,0.0124,OVER
2026-03-01,PTS,Shai Gilgeous-Alexander,30.5,-116,-120,31.56,30,UNDER,UNDER,OVER,PLAYER,UNDER,true,33.54,33.472,2.33,1,1.06,-0.0084,UNDER
2026-03-04,PTS,Shai Gilgeous-Alexander,30.5,-118,-118,31.74,26,UNDER,UNDER,UNDER,PLAYER,UNDER,true,33.26,35.467,2.15,1,1.24,0,NEUTRAL
2026-03-07,PTS,Shai Gilgeous-Alexander,31.5,-116.5,-120.5,31.32,27,UNDER,UNDER,UNDER,PLAYER,UNDER,true,33.44,35,2.25,1,-0.18,-0.0084,UNDER
2026-03-09,PTS,Shai Gilgeous-Alexander,32.5,-115,-120,31.32,35,OVER,OVER,UNDER,PLAYER,OVER,true,33.61,38.95,2.29,1,-1.18,-0.0106,UNDER
2025-10-23,REB,Shai Gilgeous-Alexander,4.5,-130,-109,4.84,8,OVER,OVER,UNDER,PLAYER,OVER,true,29.93,45.35,8.76,0,0.34,0.0437,OVER
2025-10-25,REB,Shai Gilgeous-Alexander,4.5,-132,-7.5,4.97,5,OVER,OVER,OVER,PLAYER,OVER,true,31.37,28.733,9.92,0,0.47,0.4992,OVER
2025-10-27,REB,Shai Gilgeous-Alexander,4.5,-136.5,100,4.98,4,UNDER,UNDER,OVER,PLAYER,UNDER,true,31.54,35.467,9.85,0,0.48,0.0772,OVER
2025-10-28,REB,Shai Gilgeous-Alexander,4.5,-139,106.5,4.96,9,OVER,OVER,OVER,PLAYER,OVER,true,31.59,35.783,9.87,0,0.46,0.0973,OVER
2025-10-30,REB,Shai Gilgeous-Alexander,5.5,-105,-137,5.04,3,UNDER,UNDER,UNDER,PLAYER,UNDER,true,31.67,29.033,9.9,0,-0.46,-0.0659,UNDER
2025-11-02,REB,Shai Gilgeous-Alexander,4.5,-133,102,5.09,2,UNDER,UNDER,OVER,PLAYER,UNDER,true,31.57,29.983,9.92,0,0.59,0.0758,OVER
2025-11-04,REB,Shai Gilgeous-Alexander,4.5,-115,-115,4.69,4,UNDER,UNDER,UNDER,PLAYER,UNDER,true,30.87,29.05,9.76,,0.19,0,NEUTRAL
2025-11-05,REB,Shai Gilgeous-Alexander,4.5,-137,-137,4.54,9,OVER,OVER,UNDER,PLAYER,OVER,true,31.8,37.543,9.07,,0.04,0,NEUTRAL
2025-11-07,REB,Shai Gilgeous-Alexander,4.5,-130,100,5.06,1,UNDER,UNDER,UNDER,PLAYER,UNDER,true,33.62,29.45,8.17,,0.56,0.0652,OVER
2025-11-11,REB,Shai Gilgeous-Alexander,4.5,-127.5,-105.5,5.01,5,OVER,OVER,UNDER,PLAYER,OVER,true,33.57,28.49,5.1,,0.51,0.0471,OVER
2025-11-12,REB,Shai Gilgeous-Alexander,4.5,-112,-125,4.4,5,OVER,OVER,UNDER,PLAYER,OVER,true,31.89,29.383,3.45,,-0.1,-0.0273,UNDER
2025-11-15,REB,Shai Gilgeous-Alexander,4.5,-122,-110,4.78,4,UNDER,UNDER,UNDER,PLAYER,UNDER,true,31.95,29.433,3.4,,0.28,0.0257,OVER
2025-11-17,REB,Shai Gilgeous-Alexander,4.5,-105,-137,4.3,2,UNDER,UNDER,UNDER,PLAYER,UNDER,true,31.35,28.933,3.25,,-0.2,-0.0659,UNDER
2025-11-19,REB,Shai Gilgeous-Alexander,4.5,-105,-130,4.19,8,OVER,OVER,UNDER,PLAYER,OVER,true,30.66,35.567,2.95,,-0.31,-0.053,UNDER
2025-11-21,REB,Shai Gilgeous-Alexander,4.5,100,-130,4.33,2,UNDER,UNDER,UNDER,PLAYER,UNDER,true,31.32,30.15,3.23,,-0.17,-0.0652,UNDER
2025-11-23,REB,Shai Gilgeous-Alexander,4.5,-110,-131,4.21,5,OVER,OVER,UNDER,PLAYER,OVER,true,31.33,30,3.22,,-0.29,-0.0433,UNDER
2025-11-26,REB,Shai Gilgeous-Alexander,4.5,-117,-131,4.37,6,OVER,OVER,UNDER,PLAYER,OVER,true,31.43,36.717,3.17,,-0.13,-0.0279,UNDER
2025-11-28,REB,Shai Gilgeous-Alexander,4.5,-125,-116,4.74,3,UNDER,UNDER,UNDER,PLAYER,UNDER,true,31.34,35.717,3.01,,0.24,0.0185,OVER
2025-11-30,REB,Shai Gilgeous-Alexander,4.5,-135,105,4.97,4,UNDER,UNDER,OVER,PLAYER,UNDER,true,31.97,35.813,3.2,,0.47,0.0867,OVER
2025-12-02,REB,Shai Gilgeous-Alexander,5,-137,-137,4.71,3,UNDER,UNDER,UNDER,PLAYER,UNDER,true,32.02,35.55,3.25,,-0.29,0,NEUTRAL
2025-12-05,REB,Shai Gilgeous-Alexander,4.5,-140,101,4.89,5,UNDER,UNDER,OVER,PLAYER,OVER,false,32.73,28.562,3.18,,0.39,0.0858,OVER
2025-12-10,REB,Shai Gilgeous-Alexander,4.5,-138,105,4.91,2,UNDER,UNDER,OVER,PLAYER,UNDER,true,32.64,26.833,3.27,,0.41,0.092,OVER
2025-12-13,REB,Shai Gilgeous-Alexander,4.5,-4.5,-136,4.07,4,UNDER,UNDER,UNDER,PLAYER,UNDER,true,32.38,36.568,3.6,,-0.43,-0.5332,UNDER
2025-12-18,REB,Shai Gilgeous-Alexander,4.5,-126,-118,4.6,7,OVER,OVER,UNDER,PLAYER,OVER,true,33.15,28.68,3.6,,0.1,0.0162,OVER
2025-12-19,REB,Shai Gilgeous-Alexander,4.5,-135,-110,4.72,5,OVER,OVER,UNDER,PLAYER,OVER,true,32.46,37.033,3.73,,0.22,0.0507,OVER
2025-12-22,REB,Shai Gilgeous-Alexander,5.5,-110,-137,4.51,10,OVER,OVER,UNDER,PLAYER,OVER,true,33.15,35.65,3.87,,-0.99,-0.0542,UNDER
2025-12-23,REB,Shai Gilgeous-Alexander,4.5,-114,-127.5,4.81,3,UNDER,UNDER,UNDER,PLAYER,UNDER,true,33.71,35.497,3.78,,0.31,-0.0277,UNDER
2025-12-25,REB,Shai Gilgeous-Alexander,4.5,-136,-107.5,5.09,6,OVER,OVER,UNDER,PLAYER,OVER,true,33.59,36.133,3.7,,0.59,0.0582,OVER
2025-12-28,REB,Shai Gilgeous-Alexander,4.5,-137,-102,5.18,2,UNDER,UNDER,UNDER,PLAYER,UNDER,true,33.63,29.017,3.73,,0.68,0.0731,OVER
2025-12-29,REB,Shai Gilgeous-Alexander,5.5,-16.5,-137.5,4.79,6,OVER,OVER,UNDER,PLAYER,OVER,true,32.95,35.883,3.88,,-0.71,-0.4373,UNDER
2025-12-31,REB,Shai Gilgeous-Alexander,5.25,-17.5,-133.5,4.82,2,UNDER,UNDER,UNDER,PLAYER,UNDER,true,32.99,28.583,3.91,,-0.43,-0.4228,UNDER
2026-01-02,REB,Shai Gilgeous-Alexander,4.5,-140,100,4.93,1,UNDER,UNDER,OVER,PLAYER,UNDER,true,32.99,28.183,3.9,,0.43,0.0833,OVER
2026-01-04,REB,Shai Gilgeous-Alexander,4.5,-142.5,-109,4.67,0,UNDER,UNDER,UNDER,PLAYER,UNDER,true,33.12,35.642,3.71,,0.17,0.0661,OVER
2026-01-05,REB,Shai Gilgeous-Alexander,4.5,-130,-111,4.24,2,OVER,OVER,UNDER,PLAYER,UNDER,false,33.03,29.567,3.63,,-0.26,0.0392,OVER
2026-01-07,REB,Shai Gilgeous-Alexander,4.5,-112,-134.5,3.73,6,OVER,OVER,UNDER,PLAYER,OVER,true,33.12,41.967,3.53,,-0.77,-0.0453,UNDER
2026-01-11,REB,Shai Gilgeous-Alexander,4.5,-117,-125,4.15,5,OVER,OVER,UNDER,PLAYER,OVER,true,33.61,31.97,4.31,,-0.35,-0.0164,UNDER
2026-01-13,REB,Shai Gilgeous-Alexander,4.5,-137,-105,4.64,5,UNDER,UNDER,UNDER,PLAYER,OVER,false,33.24,33.667,4.27,,0.14,0.0659,OVER
2026-01-15,REB,Shai Gilgeous-Alexander,3.5,-155,-130,4.53,2,UNDER,UNDER,OVER,PLAYER,UNDER,true,33.06,32.65,4.21,,1.03,0.0426,OVER
2026-01-17,REB,Shai Gilgeous-Alexander,4.5,-137.5,-106,4.63,4,UNDER,UNDER,UNDER,PLAYER,UNDER,true,32.71,36.265,4.08,,0.13,0.0644,OVER
2026-01-19,REB,Shai Gilgeous-Alexander,4.5,-119,-125,4.25,1,UNDER,UNDER,UNDER,PLAYER,UNDER,true,33.44,33.667,4.01,,-0.25,-0.0122,UNDER
2026-01-21,REB,Shai Gilgeous-Alexander,4.5,-135,-108,4.25,7,OVER,OVER,UNDER,PLAYER,OVER,true,33.22,33.333,3.93,,-0.25,0.0552,OVER
2026-01-23,REB,Shai Gilgeous-Alexander,4.5,-102,-140,4.13,4,UNDER,UNDER,UNDER,PLAYER,UNDER,true,33.69,34.7,3.61,,-0.37,-0.0784,UNDER
2026-01-25,REB,Shai Gilgeous-Alexander,4.5,100,-140,4.18,3,UNDER,UNDER,UNDER,PLAYER,UNDER,true,34.34,35.197,3.11,,-0.32,-0.0833,UNDER
2026-01-27,REB,Shai Gilgeous-Alexander,4.5,102,-138.5,4.2,6,OVER,OVER,UNDER,PLAYER,OVER,true,34.3,35.828,3.1,,-0.3,-0.0857,UNDER
2026-01-29,REB,Shai Gilgeous-Alexander,4.5,-103.5,-139,4.26,6,OVER,OVER,UNDER,PLAYER,OVER,true,34.92,31.417,2.68,,-0.24,-0.073,UNDER
2026-02-01,REB,Shai Gilgeous-Alexander,4.5,110,-145,4.28,5,OVER,OVER,UNDER,PLAYER,OVER,true,33.87,33.433,1.53,,-0.22,-0.1156,UNDER
2026-02-03,REB,Shai Gilgeous-Alexander,4.5,-128.5,-138.5,4.47,5,OVER,OVER,UNDER,PLAYER,OVER,true,34.02,27.8,1.41,,-0.03,-0.0183,UNDER
2026-02-27,REB,Shai Gilgeous-Alexander,3.5,-148,108,4.65,3,UNDER,UNDER,UNDER,PLAYER,UNDER,true,33.43,33.767,2.34,,1.15,0.116,OVER
2026-03-01,REB,Shai Gilgeous-Alexander,4.25,-16,-138.5,4.24,4,UNDER,UNDER,OVER,PLAYER,UNDER,true,33.54,33.472,2.33,1,-0.01,-0.4428,UNDER
2026-03-04,REB,Shai Gilgeous-Alexander,4.5,-137,-137,4.54,3,UNDER,UNDER,UNDER,PLAYER,UNDER,true,33.26,35.467,2.15,1,0.04,0,NEUTRAL
2026-03-07,REB,Shai Gilgeous-Alexander,4.5,-151.5,0,4.51,5,OVER,OVER,UNDER,PLAYER,OVER,true,33.44,35,2.25,1,0.01,,NEUTRAL
2026-03-09,REB,Shai Gilgeous-Alexander,4.75,-126,-126,4.58,9,OVER,OVER,UNDER,PLAYER,OVER,true,33.61,38.95,2.29,1,-0.17,0,NEUTRAL
2025-10-23,AST,Shai Gilgeous-Alexander,7.5,105,-137,6.13,5,UNDER,UNDER,UNDER,PLAYER,UNDER,true,29.93,45.35,8.76,0,-1.37,-0.0903,UNDER
2025-10-25,AST,Shai Gilgeous-Alexander,7.25,-131,-131,6.08,5,UNDER,UNDER,UNDER,PLAYER,UNDER,true,31.37,28.733,9.92,0,-1.17,0,NEUTRAL
2025-10-27,AST,Shai Gilgeous-Alexander,6.5,-135,-118,6.53,8,OVER,OVER,OVER,PLAYER,OVER,true,31.54,35.467,9.85,0,0.03,0.0332,OVER
2025-10-28,AST,Shai Gilgeous-Alexander,6.5,-114,-123.5,6.08,4,UNDER,UNDER,UNDER,PLAYER,UNDER,true,31.59,35.783,9.87,0,-0.42,-0.0199,UNDER
2025-10-30,AST,Shai Gilgeous-Alexander,6.5,-125,-113,6.46,7,OVER,OVER,OVER,PLAYER,OVER,true,31.67,29.033,9.9,0,-0.04,0.025,OVER
2025-11-02,AST,Shai Gilgeous-Alexander,6.5,-104,-130,5.88,7,UNDER,UNDER,UNDER,PLAYER,OVER,false,31.57,29.983,9.92,0,-0.62,-0.0554,UNDER
2025-11-04,AST,Shai Gilgeous-Alexander,6.5,-125,-105,6.68,12,OVER,OVER,OVER,PLAYER,OVER,true,30.87,29.05,9.76,,0.18,0.0434,OVER
2025-11-05,AST,Shai Gilgeous-Alexander,6.5,-127,-137,6.38,4,UNDER,UNDER,OVER,PLAYER,UNDER,true,31.8,37.543,9.07,,-0.12,-0.0186,UNDER
2025-11-07,AST,Shai Gilgeous-Alexander,6.5,-127,-114,6.68,3,UNDER,UNDER,OVER,PLAYER,UNDER,true,33.62,29.45,8.17,,0.18,0.0268,OVER
2025-11-09,AST,Shai Gilgeous-Alexander,6.5,110,-145,6,6,UNDER,UNDER,UNDER,PLAYER,UNDER,true,34.76,35.322,6.55,,-0.5,-0.1156,UNDER
2025-11-11,AST,Shai Gilgeous-Alexander,6.5,109,-149,5.95,11,OVER,OVER,UNDER,PLAYER,OVER,true,33.57,28.49,5.1,,-0.55,-0.1199,UNDER
2025-11-12,AST,Shai Gilgeous-Alexander,6.5,-117.5,-116.5,6.57,9,OVER,OVER,OVER,PLAYER,OVER,true,31.89,29.383,3.45,,0.07,0.0021,OVER
2025-11-15,AST,Shai Gilgeous-Alexander,6.5,-130,-109.5,7.1,7,OVER,OVER,OVER,PLAYER,OVER,true,31.95,29.433,3.4,,0.6,0.0425,OVER
2025-11-17,AST,Shai Gilgeous-Alexander,6.5,-137,100,7.15,8,OVER,OVER,OVER,PLAYER,OVER,true,31.35,28.933,3.25,,0.65,0.0781,OVER
2025-11-19,AST,Shai Gilgeous-Alexander,6.5,-137,100.5,7.15,3,UNDER,UNDER,OVER,PLAYER,UNDER,true,30.66,35.567,2.95,,0.65,0.0793,OVER
2025-11-21,AST,Shai Gilgeous-Alexander,7,-137,-137,6.59,8,OVER,OVER,UNDER,PLAYER,OVER,true,31.32,30.15,3.23,,-0.41,0,NEUTRAL
2025-11-23,AST,Shai Gilgeous-Alexander,6.75,-137,-15.5,7.07,7,OVER,OVER,OVER,PLAYER,OVER,true,31.33,30,3.22,,0.32,0.4439,OVER
2025-11-26,AST,Shai Gilgeous-Alexander,7.5,-105,-137,6.72,6,UNDER,UNDER,UNDER,PLAYER,UNDER,true,31.43,36.717,3.17,,-0.78,-0.0659,UNDER
2025-11-28,AST,Shai Gilgeous-Alexander,6.5,-111,-130,6.29,8,OVER,OVER,OVER,PLAYER,OVER,true,31.34,35.717,3.01,,-0.21,-0.0392,UNDER
2025-11-30,AST,Shai Gilgeous-Alexander,6.5,-125,-107,6.85,5,UNDER,UNDER,OVER,PLAYER,UNDER,true,31.97,35.813,3.2,,0.35,0.0386,OVER
2025-12-02,AST,Shai Gilgeous-Alexander,6.5,100,-137,6.07,4,UNDER,UNDER,UNDER,PLAYER,UNDER,true,32.02,35.55,3.25,,-0.43,-0.0781,UNDER
2025-12-05,AST,Shai Gilgeous-Alexander,6.5,-107.5,-135,5.97,6,UNDER,UNDER,UNDER,PLAYER,UNDER,true,32.73,28.562,3.18,,-0.53,-0.0564,UNDER
2025-12-10,AST,Shai Gilgeous-Alexander,6.25,-141,-139.5,6.11,8,OVER,OVER,OVER,PLAYER,OVER,true,32.64,26.833,3.27,,-0.14,0.0026,OVER
2025-12-13,AST,Shai Gilgeous-Alexander,6.5,-100,-138,6.11,5,UNDER,UNDER,UNDER,PLAYER,UNDER,true,32.38,36.568,3.6,,-0.39,-0.0798,UNDER
2025-12-18,AST,Shai Gilgeous-Alexander,6.5,100,-137,6.03,6,UNDER,UNDER,UNDER,PLAYER,UNDER,true,33.15,28.68,3.6,,-0.47,-0.0781,UNDER
2025-12-19,AST,Shai Gilgeous-Alexander,6.5,-102,-137,6.17,7,UNDER,UNDER,UNDER,PLAYER,OVER,false,32.46,37.033,3.73,,-0.33,-0.0731,UNDER
2025-12-22,AST,Shai Gilgeous-Alexander,6.5,103,-147.5,6.12,8,OVER,OVER,UNDER,PLAYER,OVER,true,33.15,35.65,3.87,,-0.38,-0.1033,UNDER
2025-12-23,AST,Shai Gilgeous-Alexander,6.5,-112,-125,6.14,8,UNDER,UNDER,UNDER,PLAYER,OVER,false,33.71,35.497,3.78,,-0.36,-0.0273,UNDER
2025-12-25,AST,Shai Gilgeous-Alexander,6.5,-126,-118,6.7,4,UNDER,UNDER,OVER,PLAYER,UNDER,true,33.59,36.133,3.7,,0.2,0.0162,OVER
2025-12-28,AST,Shai Gilgeous-Alexander,6.5,-120,-125,6.25,5,UNDER,UNDER,OVER,PLAYER,UNDER,true,33.63,29.017,3.73,,-0.25,-0.0101,UNDER
2025-12-29,AST,Shai Gilgeous-Alexander,6.5,-111,-131,6.02,6,UNDER,UNDER,UNDER,PLAYER,UNDER,true,32.95,35.883,3.88,,-0.48,-0.041,UNDER
2025-12-31,AST,Shai Gilgeous-Alexander,6.5,-105,-133.5,5.94,6,UNDER,UNDER,UNDER,PLAYER,UNDER,true,32.99,28.583,3.91,,-0.56,-0.0595,UNDER
2026-01-02,AST,Shai Gilgeous-Alexander,6.5,105,-150,6.06,7,OVER,OVER,UNDER,PLAYER,OVER,true,32.99,28.183,3.9,,-0.44,-0.1122,UNDER
2026-01-04,AST,Shai Gilgeous-Alexander,6.5,105,-141,6.15,6,UNDER,UNDER,UNDER,PLAYER,UNDER,true,33.12,35.642,3.71,,-0.35,-0.0973,UNDER
2026-01-05,AST,Shai Gilgeous-Alexander,6.5,-126.5,-125,6.51,6,UNDER,UNDER,OVER,PLAYER,UNDER,true,33.03,29.567,3.63,,0.01,0.0029,OVER
2026-01-07,AST,Shai Gilgeous-Alexander,6.5,-128,-108,6.85,6,OVER,OVER,OVER,PLAYER,UNDER,false,33.12,41.967,3.53,,0.35,0.0422,OVER
2026-01-11,AST,Shai Gilgeous-Alexander,6.5,-122.5,-133,6.09,8,UNDER,UNDER,UNDER,PLAYER,OVER,false,33.61,31.97,4.31,,-0.41,-0.0203,UNDER
2026-01-13,AST,Shai Gilgeous-Alexander,6.5,107,-143.5,6.09,5,UNDER,UNDER,UNDER,PLAYER,UNDER,true,33.24,33.667,4.27,,-0.41,-0.1062,UNDER
2026-01-15,AST,Shai Gilgeous-Alexander,5.5,-130,-110,6.26,4,UNDER,UNDER,OVER,PLAYER,UNDER,true,33.06,32.65,4.21,,0.76,0.0414,OVER
2026-01-17,AST,Shai Gilgeous-Alexander,6.5,-1.5,-137,5.93,3,UNDER,UNDER,UNDER,PLAYER,UNDER,true,32.71,36.265,4.08,,-0.57,-0.5633,UNDER
2026-01-19,AST,Shai Gilgeous-Alexander,6.5,-145,102,6.26,3,UNDER,UNDER,UNDER,PLAYER,UNDER,true,33.44,33.667,4.01,,-0.24,0.0968,OVER
2026-01-21,AST,Shai Gilgeous-Alexander,6.5,-137,-115,6.09,11,OVER,OVER,UNDER,PLAYER,OVER,true,33.22,33.333,3.93,,-0.41,0.0432,OVER
2026-01-23,AST,Shai Gilgeous-Alexander,6.5,-137,-135,6.08,4,UNDER,UNDER,UNDER,PLAYER,UNDER,true,33.69,34.7,3.61,,-0.42,0.0036,OVER
2026-01-25,AST,Shai Gilgeous-Alexander,6.5,-137,-109,6.33,6,UNDER,UNDER,OVER,PLAYER,UNDER,true,34.34,35.197,3.11,,-0.17,0.0565,OVER
2026-01-27,AST,Shai Gilgeous-Alexander,7.5,102,-139,6.03,4,UNDER,UNDER,UNDER,PLAYER,UNDER,true,34.3,35.828,3.1,,-1.47,-0.0865,UNDER
2026-01-29,AST,Shai Gilgeous-Alexander,6.5,-125,-109,6.09,8,OVER,OVER,UNDER,PLAYER,OVER,true,34.92,31.417,2.68,,-0.41,0.034,OVER
2026-02-01,AST,Shai Gilgeous-Alexander,6.5,-135,-108,6.31,13,OVER,OVER,OVER,PLAYER,OVER,true,33.87,33.433,1.53,,-0.19,0.0552,OVER
2026-02-03,AST,Shai Gilgeous-Alexander,6.5,-123,-127,6.34,9,OVER,OVER,OVER,PLAYER,OVER,true,34.02,27.8,1.41,,-0.16,-0.0079,UNDER
2026-02-27,AST,Shai Gilgeous-Alexander,6.5,-133.5,-115,7.11,9,UNDER,UNDER,OVER,PLAYER,OVER,false,33.43,33.767,2.34,,0.61,0.0369,OVER
2026-03-01,AST,Shai Gilgeous-Alexander,6.5,-125,-115.5,7.12,5,UNDER,UNDER,OVER,PLAYER,UNDER,true,33.54,33.472,2.33,1,0.62,0.0196,OVER
2026-03-04,AST,Shai Gilgeous-Alexander,6.5,-102,-145,6.34,8,OVER,OVER,OVER,PLAYER,OVER,true,33.26,35.467,2.15,1,-0.16,-0.0869,UNDER
2026-03-07,AST,Shai Gilgeous-Alexander,6.5,-129.5,-113.5,6.99,5,UNDER,UNDER,UNDER,PLAYER,UNDER,true,33.44,35,2.25,1,0.49,0.0327,OVER
2026-03-09,AST,Shai Gilgeous-Alexander,7.5,107,-142,6.6,15,OVER,OVER,UNDER,PLAYER,OVER,true,33.61,38.95,2.29,1,-0.9,-0.1037,UNDER
2025-10-23,THREES,Shai Gilgeous-Alexander,1.5,-142.5,105,1.79,2,OVER,OVER,UNDER,PLAYER,OVER,true,29.93,45.35,8.76,0,0.29,0.0998,OVER
2025-10-25,THREES,Shai Gilgeous-Alexander,1.5,-171,126,1.89,2,OVER,OVER,OVER,PLAYER,OVER,true,31.37,28.733,9.92,0,0.39,0.1885,OVER
2025-10-27,THREES,Shai Gilgeous-Alexander,1.5,-161.5,119.5,1.97,1,OVER,OVER,OVER,PLAYER,UNDER,false,31.54,35.467,9.85,0,0.47,0.162,OVER
2025-10-28,THREES,Shai Gilgeous-Alexander,1.5,-178,132,1.99,1,OVER,OVER,OVER,PLAYER,UNDER,false,31.59,35.783,9.87,0,0.49,0.2093,OVER
2025-10-30,THREES,Shai Gilgeous-Alexander,1.5,-167,125.5,1.99,3,OVER,OVER,OVER,PLAYER,OVER,true,31.67,29.033,9.9,0,0.49,0.182,OVER
2025-11-02,THREES,Shai Gilgeous-Alexander,2.5,137.5,-184.5,1.87,1,UNDER,UNDER,UNDER,PLAYER,UNDER,true,31.57,29.983,9.92,0,-0.63,-0.2275,UNDER
2025-11-04,THREES,Shai Gilgeous-Alexander,1.5,-182,136,1.87,4,OVER,OVER,OVER,PLAYER,OVER,true,30.87,29.05,9.76,,0.37,0.2217,OVER
2025-11-05,THREES,Shai Gilgeous-Alexander,1.5,-161,119,1.99,3,OVER,OVER,UNDER,PLAYER,OVER,true,31.8,37.543,9.07,,0.49,0.1602,OVER
2025-11-07,THREES,Shai Gilgeous-Alexander,1.5,-191,139.5,2.06,2,OVER,OVER,OVER,PLAYER,OVER,true,33.62,29.45,8.17,,0.56,0.2388,OVER
2025-11-09,THREES,Shai Gilgeous-Alexander,2.5,147.5,-200,2.03,3,OVER,OVER,UNDER,PLAYER,OVER,true,34.76,35.322,6.55,,-0.47,-0.2626,UNDER
2025-11-11,THREES,Shai Gilgeous-Alexander,1.5,-181,137.5,2.08,3,OVER,OVER,OVER,PLAYER,OVER,true,33.57,28.49,5.1,,0.58,0.2231,OVER
2025-11-12,THREES,Shai Gilgeous-Alexander,2.5,141.5,-187,2.11,2,UNDER,UNDER,UNDER,PLAYER,UNDER,true,31.89,29.383,3.45,,-0.39,-0.2375,UNDER
2025-11-15,THREES,Shai Gilgeous-Alexander,1.5,-178,135.5,2.18,3,OVER,OVER,OVER,PLAYER,OVER,true,31.95,29.433,3.4,,0.68,0.2157,OVER
2025-11-17,THREES,Shai Gilgeous-Alexander,1.5,-175.5,131.5,2.22,3,OVER,OVER,OVER,PLAYER,OVER,true,31.35,28.933,3.25,,0.72,0.2051,OVER
2025-11-19,THREES,Shai Gilgeous-Alexander,1.5,-177,134.5,2.28,1,UNDER,UNDER,OVER,PLAYER,UNDER,true,30.66,35.567,2.95,,0.78,0.2125,OVER
2025-11-21,THREES,Shai Gilgeous-Alexander,1.5,-161,121,2.17,3,OVER,OVER,UNDER,PLAYER,OVER,true,31.32,30.15,3.23,,0.67,0.1644,OVER
2025-11-23,THREES,Shai Gilgeous-Alexander,1.5,-160.5,122,2.21,2,OVER,OVER,UNDER,PLAYER,OVER,true,31.33,30,3.22,,0.71,0.1657,OVER
2025-11-26,THREES,Shai Gilgeous-Alexander,1.5,-140.5,107,2.18,1,OVER,OVER,UNDER,PLAYER,UNDER,false,31.43,36.717,3.17,,0.68,0.1011,OVER
2025-11-28,THREES,Shai Gilgeous-Alexander,1.5,-122,-108,2.07,3,OVER,OVER,UNDER,PLAYER,OVER,true,31.34,35.717,3.01,,0.57,0.0303,OVER
2025-11-30,THREES,Shai Gilgeous-Alexander,1.5,-119,-111.5,2.12,0,UNDER,UNDER,UNDER,PLAYER,UNDER,true,31.97,35.813,3.2,,0.62,0.0162,OVER
2025-12-02,THREES,Shai Gilgeous-Alexander,1.5,-124.5,-104.5,1.95,5,OVER,OVER,UNDER,PLAYER,OVER,true,32.02,35.55,3.25,,0.45,0.0436,OVER
2025-12-05,THREES,Shai Gilgeous-Alexander,1.5,-136,100,2.19,2,OVER,OVER,UNDER,PLAYER,OVER,true,32.73,28.562,3.18,,0.69,0.0763,OVER
2025-12-10,THREES,Shai Gilgeous-Alexander,1.5,-150,105,2.11,3,OVER,OVER,OVER,PLAYER,OVER,true,32.64,26.833,3.27,,0.61,0.1122,OVER
2025-12-19,THREES,Shai Gilgeous-Alexander,1.5,-122,-109,2.08,3,OVER,OVER,UNDER,PLAYER,OVER,true,32.46,37.033,3.73,,0.58,0.028,OVER
2025-12-22,THREES,Shai Gilgeous-Alexander,1.5,-166,145,2.11,3,OVER,OVER,OVER,PLAYER,OVER,true,33.15,35.65,3.87,,0.61,0.2159,OVER
2025-12-23,THREES,Shai Gilgeous-Alexander,1.5,-170,130,2.19,1,UNDER,UNDER,OVER,PLAYER,UNDER,true,33.71,35.497,3.78,,0.69,0.1948,OVER
2025-12-25,THREES,Shai Gilgeous-Alexander,2.5,-175,140,2.48,1,UNDER,UNDER,UNDER,PLAYER,UNDER,true,33.59,36.133,3.7,,-0.02,0.2197,OVER
2025-12-28,THREES,Shai Gilgeous-Alexander,1.5,-125,-110,2.02,0,UNDER,UNDER,UNDER,PLAYER,UNDER,true,33.63,29.017,3.73,,0.52,0.0317,OVER
2025-12-29,THREES,Shai Gilgeous-Alexander,1.5,-108,-124,1.69,2,OVER,OVER,UNDER,PLAYER,OVER,true,32.95,35.883,3.88,,0.19,-0.0343,UNDER
2025-12-31,THREES,Shai Gilgeous-Alexander,2.5,-110,-130,1.85,1,UNDER,UNDER,UNDER,PLAYER,UNDER,true,32.99,28.583,3.91,,-0.65,-0.0414,UNDER
2026-01-02,THREES,Shai Gilgeous-Alexander,1.5,100,-130,1.53,3,OVER,OVER,UNDER,PLAYER,OVER,true,32.99,28.183,3.9,,0.03,-0.0652,UNDER
2026-01-04,THREES,Shai Gilgeous-Alexander,1.5,-117,-105,1.95,1,UNDER,UNDER,UNDER,PLAYER,UNDER,true,33.12,35.642,3.71,,0.45,0.027,OVER
2026-01-05,THREES,Shai Gilgeous-Alexander,1.5,-143,106,1.93,1,UNDER,UNDER,UNDER,PLAYER,UNDER,true,33.03,29.567,3.63,,0.43,0.103,OVER
2026-01-07,THREES,Shai Gilgeous-Alexander,1.5,-145,109,1.9,1,UNDER,UNDER,UNDER,PLAYER,UNDER,true,33.12,41.967,3.53,,0.4,0.1134,OVER
2026-01-11,THREES,Shai Gilgeous-Alexander,1.5,-164,123,1.86,2,OVER,OVER,UNDER,PLAYER,OVER,true,33.61,31.97,4.31,,0.36,0.1728,OVER
2026-01-13,THREES,Shai Gilgeous-Alexander,1.5,-180,135,1.88,1,UNDER,UNDER,OVER,PLAYER,UNDER,true,33.24,33.667,4.27,,0.38,0.2173,OVER
2026-01-15,THREES,Shai Gilgeous-Alexander,1.5,-156,120,1.87,1,UNDER,UNDER,UNDER,PLAYER,UNDER,true,33.06,32.65,4.21,,0.37,0.1548,OVER
2026-01-17,THREES,Shai Gilgeous-Alexander,1.5,-190,138,1.81,2,OVER,OVER,OVER,PLAYER,OVER,true,32.71,36.265,4.08,,0.31,0.235,OVER
2026-01-19,THREES,Shai Gilgeous-Alexander,1.5,-139,103,1.9,1,UNDER,UNDER,UNDER,PLAYER,UNDER,true,33.44,33.667,4.01,,0.4,0.089,OVER
2026-01-21,THREES,Shai Gilgeous-Alexander,1.5,-154,110,1.81,2,UNDER,UNDER,OVER,PLAYER,OVER,false,33.22,33.333,3.93,,0.31,0.1301,OVER
2026-01-23,THREES,Shai Gilgeous-Alexander,1.5,-115,-115,1.75,1,UNDER,UNDER,UNDER,PLAYER,UNDER,true,33.69,34.7,3.61,,0.25,0,NEUTRAL
2026-01-25,THREES,Shai Gilgeous-Alexander,1.5,-110,-122,1.46,0,UNDER,UNDER,UNDER,PLAYER,UNDER,true,34.34,35.197,3.11,,-0.04,-0.0257,UNDER
2026-01-27,THREES,Shai Gilgeous-Alexander,1.5,-115,-114,1.58,0,UNDER,UNDER,UNDER,PLAYER,UNDER,true,34.3,35.828,3.1,,0.08,0.0022,OVER
2026-01-29,THREES,Shai Gilgeous-Alexander,1.5,104,-157,1.27,1,UNDER,UNDER,UNDER,PLAYER,UNDER,true,34.92,31.417,2.68,,-0.23,-0.1207,UNDER
2026-02-01,THREES,Shai Gilgeous-Alexander,1.5,110,-150,1.26,1,UNDER,UNDER,UNDER,PLAYER,UNDER,true,33.87,33.433,1.53,,-0.24,-0.1238,UNDER
2026-02-03,THREES,Shai Gilgeous-Alexander,1.5,122,-160,1.25,1,UNDER,UNDER,UNDER,PLAYER,UNDER,true,34.02,27.8,1.41,,-0.25,-0.1649,UNDER
2026-02-27,THREES,Shai Gilgeous-Alexander,1.5,129,-174,1.31,0,UNDER,UNDER,UNDER,PLAYER,UNDER,true,33.43,33.767,2.34,,-0.19,-0.1984,UNDER
2026-03-01,THREES,Shai Gilgeous-Alexander,1.5,139,-220,1.23,1,UNDER,UNDER,UNDER,PLAYER,UNDER,true,33.54,33.472,2.33,1,-0.27,-0.2691,UNDER
2026-03-04,THREES,Shai Gilgeous-Alexander,1.5,-119,-113,1.51,1,UNDER,UNDER,UNDER,PLAYER,UNDER,true,33.26,35.467,2.15,1,0.01,0.0129,OVER
2026-03-07,THREES,Shai Gilgeous-Alexander,1.5,130,-171.5,1.19,1,UNDER,UNDER,UNDER,PLAYER,UNDER,true,33.44,35,2.25,1,-0.31,-0.1969,UNDER
2026-03-09,THREES,Shai Gilgeous-Alexander,1.5,113,-157.5,1.21,3,UNDER,UNDER,UNDER,PLAYER,OVER,false,33.61,38.95,2.29,1,-0.29,-0.1422,UNDER
2025-10-23,PRA,Shai Gilgeous-Alexander,44.5,-119,-115,38.84,68,OVER,OVER,UNDER,PLAYER,OVER,true,29.93,45.35,8.76,0,-5.66,0.0085,OVER
2025-10-25,PRA,Shai Gilgeous-Alexander,42.5,-115,-122,40.68,40,UNDER,UNDER,OVER,PLAYER,UNDER,true,31.37,28.733,9.92,0,-1.82,-0.0147,UNDER
2025-10-27,PRA,Shai Gilgeous-Alexander,41.5,-119,-120,42.52,35,UNDER,UNDER,OVER,PLAYER,UNDER,true,31.54,35.467,9.85,0,1.02,-0.0021,UNDER
2025-10-28,PRA,Shai Gilgeous-Alexander,42.5,-115,-116,43.06,44,OVER,OVER,OVER,PLAYER,OVER,true,31.59,35.783,9.87,0,0.56,-0.0022,UNDER
2025-11-02,PRA,Shai Gilgeous-Alexander,43.5,-115,-115,42.08,39,UNDER,UNDER,OVER,PLAYER,UNDER,true,31.57,29.983,9.92,0,-1.42,0,NEUTRAL
2025-11-05,PRA,Shai Gilgeous-Alexander,43.5,-115,-121,42.22,48,OVER,OVER,OVER,PLAYER,OVER,true,31.8,37.543,9.07,,-1.28,-0.0126,UNDER
2025-11-07,PRA,Shai Gilgeous-Alexander,42.5,-115,-116,42.71,34,UNDER,UNDER,OVER,PLAYER,UNDER,true,33.62,29.45,8.17,,0.21,-0.0022,UNDER
2025-11-11,PRA,Shai Gilgeous-Alexander,43.5,-115,-127,42.47,44,OVER,OVER,OVER,PLAYER,OVER,true,33.57,28.49,5.1,,-1.03,-0.0246,UNDER
2025-11-15,PRA,Shai Gilgeous-Alexander,42.5,-114,-122,42.1,44,OVER,OVER,OVER,PLAYER,OVER,true,31.95,29.433,3.4,,-0.4,-0.0168,UNDER
2025-11-17,PRA,Shai Gilgeous-Alexander,43.5,-115,-115,42.22,33,OVER,OVER,OVER,PLAYER,UNDER,false,31.35,28.933,3.25,,-1.28,0,NEUTRAL
2025-11-19,PRA,Shai Gilgeous-Alexander,42.5,-115,-116,41.68,44,OVER,OVER,OVER,PLAYER,OVER,true,30.66,35.567,2.95,,-0.82,-0.0022,UNDER
2025-11-23,PRA,Shai Gilgeous-Alexander,43.5,-115,-121,41.53,49,OVER,OVER,OVER,PLAYER,OVER,true,31.33,30,3.22,,-1.97,-0.0126,UNDER
2025-11-30,PRA,Shai Gilgeous-Alexander,43.5,-115,-121,43.79,35,UNDER,UNDER,OVER,PLAYER,UNDER,true,31.97,35.813,3.2,,0.29,-0.0126,UNDER
2025-12-02,PRA,Shai Gilgeous-Alexander,43.5,-115,-127,43.21,45,OVER,OVER,OVER,PLAYER,OVER,true,32.02,35.55,3.25,,-0.29,-0.0246,UNDER
2025-12-05,PRA,Shai Gilgeous-Alexander,41.5,-119,-120,43.92,44,OVER,OVER,OVER,PLAYER,OVER,true,32.73,28.562,3.18,,2.42,-0.0021,UNDER
2025-12-13,PRA,Shai Gilgeous-Alexander,43.5,-115,-122,42.72,38,UNDER,UNDER,OVER,PLAYER,UNDER,true,32.38,36.568,3.6,,-0.78,-0.0147,UNDER
2025-12-23,PRA,Shai Gilgeous-Alexander,43.5,-115,-122,43.15,44,OVER,OVER,OVER,PLAYER,OVER,true,33.71,35.497,3.78,,-0.35,-0.0147,UNDER
2025-12-25,PRA,Shai Gilgeous-Alexander,43.5,-115,-122,43.56,32,UNDER,UNDER,OVER,PLAYER,UNDER,true,33.59,36.133,3.7,,0.06,-0.0147,UNDER
2025-12-29,PRA,Shai Gilgeous-Alexander,42.5,-115,-122,42.11,51,OVER,OVER,OVER,PLAYER,OVER,true,32.95,35.883,3.88,,-0.39,-0.0147,UNDER
2025-12-31,PRA,Shai Gilgeous-Alexander,43.5,-115,-121,42.89,38,UNDER,UNDER,OVER,PLAYER,UNDER,true,32.99,28.583,3.91,,-0.61,-0.0126,UNDER
2026-01-02,PRA,Shai Gilgeous-Alexander,43.5,-115,-127,42.58,38,UNDER,UNDER,OVER,PLAYER,UNDER,true,32.99,28.183,3.9,,-0.92,-0.0246,UNDER
2026-01-05,PRA,Shai Gilgeous-Alexander,42.5,-114,-122,40.93,29,OVER,OVER,OVER,PLAYER,UNDER,false,33.03,29.567,3.63,,-1.57,-0.0168,UNDER
2026-01-11,PRA,Shai Gilgeous-Alexander,42.5,-115,-115,41.87,42,UNDER,UNDER,OVER,PLAYER,UNDER,true,33.61,31.97,4.31,,-0.63,0,NEUTRAL
2026-01-13,PRA,Shai Gilgeous-Alexander,43.5,-115,-122,42.36,44,OVER,OVER,OVER,PLAYER,OVER,true,33.24,33.667,4.27,,-1.14,-0.0147,UNDER
2026-01-17,PRA,Shai Gilgeous-Alexander,42.5,-115,-115,41.09,46,OVER,OVER,OVER,PLAYER,OVER,true,32.71,36.265,4.08,,-1.41,0,NEUTRAL
2026-01-23,PRA,Shai Gilgeous-Alexander,44.5,-119,-115,43.51,55,OVER,OVER,OVER,PLAYER,OVER,true,33.69,34.7,3.61,,-0.99,0.0085,OVER
2026-01-27,PRA,Shai Gilgeous-Alexander,43.5,-115,-115,43.26,39,UNDER,UNDER,OVER,PLAYER,UNDER,true,34.3,35.828,3.1,,-0.24,0,NEUTRAL
2026-03-01,PRA,Shai Gilgeous-Alexander,41.5,-119,-120,43.89,39,UNDER,UNDER,OVER,PLAYER,UNDER,true,33.54,33.472,2.33,1,2.39,-0.0021,UNDER
2026-03-07,PRA,Shai Gilgeous-Alexander,43.5,-115,-127,42.73,37,UNDER,UNDER,UNDER,PLAYER,UNDER,true,33.44,35,2.25,1,-0.77,-0.0246,UNDER
2025-10-23,PA,Shai Gilgeous-Alexander,40.5,-111.5,-125,33.92,60,OVER,OVER,UNDER,PLAYER,OVER,true,29.93,45.35,8.76,0,-6.58,-0.0284,UNDER
2025-10-25,PA,Shai Gilgeous-Alexander,36.5,-120,-120,35.89,35,UNDER,UNDER,OVER,PLAYER,UNDER,true,31.37,28.733,9.92,0,-0.61,0,NEUTRAL
2025-10-27,PA,Shai Gilgeous-Alexander,37.5,-115.5,-122.5,37.44,31,UNDER,UNDER,OVER,PLAYER,UNDER,true,31.54,35.467,9.85,0,-0.06,-0.0146,UNDER
2025-10-28,PA,Shai Gilgeous-Alexander,37.5,-124,-115,38.3,35,UNDER,UNDER,OVER,PLAYER,UNDER,true,31.59,35.783,9.87,0,0.8,0.0187,OVER
2025-11-02,PA,Shai Gilgeous-Alexander,39.5,-118.5,-115,37.38,37,UNDER,UNDER,OVER,PLAYER,UNDER,true,31.57,29.983,9.92,0,-2.12,0.0075,OVER
2025-11-05,PA,Shai Gilgeous-Alexander,37.5,-125,-110,37.99,39,UNDER,UNDER,OVER,PLAYER,OVER,false,31.8,37.543,9.07,,0.49,0.0317,OVER
2025-11-07,PA,Shai Gilgeous-Alexander,37.5,-124,-115,37.97,33,UNDER,UNDER,OVER,PLAYER,UNDER,true,33.62,29.45,8.17,,0.47,0.0187,OVER
2025-11-11,PA,Shai Gilgeous-Alexander,38.5,-114,-120,37.64,39,OVER,OVER,OVER,PLAYER,OVER,true,33.57,28.49,5.1,,-0.86,-0.0127,UNDER
2025-11-15,PA,Shai Gilgeous-Alexander,37.5,-115,-122.5,37.43,40,OVER,OVER,OVER,PLAYER,OVER,true,31.95,29.433,3.4,,-0.07,-0.0157,UNDER
2025-11-17,PA,Shai Gilgeous-Alexander,39.5,-118.5,-115,37.84,31,UNDER,UNDER,OVER,PLAYER,UNDER,true,31.35,28.933,3.25,,-1.66,0.0075,OVER
2025-11-19,PA,Shai Gilgeous-Alexander,37.5,-124,-115,37.58,36,UNDER,UNDER,OVER,PLAYER,UNDER,true,30.66,35.567,2.95,,0.08,0.0187,OVER
2025-11-23,PA,Shai Gilgeous-Alexander,37.5,-125,-110,37.57,44,OVER,OVER,OVER,PLAYER,OVER,true,31.33,30,3.22,,0.07,0.0317,OVER
2025-11-30,PA,Shai Gilgeous-Alexander,37.5,-125,-110,39.7,31,UNDER,UNDER,OVER,PLAYER,UNDER,true,31.97,35.813,3.2,,2.2,0.0317,OVER
2025-12-02,PA,Shai Gilgeous-Alexander,38.5,-114,-120,38.6,42,OVER,OVER,OVER,PLAYER,OVER,true,32.02,35.55,3.25,,0.1,-0.0127,UNDER
2025-12-05,PA,Shai Gilgeous-Alexander,37.5,-115.5,-122.5,39.05,39,UNDER,UNDER,OVER,PLAYER,OVER,false,32.73,28.562,3.18,,1.55,-0.0146,UNDER
2025-12-13,PA,Shai Gilgeous-Alexander,38.5,-116.5,-117.5,38.45,34,UNDER,UNDER,OVER,PLAYER,UNDER,true,32.38,36.568,3.6,,-0.05,-0.0021,UNDER
2025-12-23,PA,Shai Gilgeous-Alexander,38.5,-116.5,-117.5,38.38,41,OVER,OVER,OVER,PLAYER,OVER,true,33.71,35.497,3.78,,-0.12,-0.0021,UNDER
2025-12-25,PA,Shai Gilgeous-Alexander,38.5,-116.5,-117.5,39.09,26,UNDER,UNDER,OVER,PLAYER,UNDER,true,33.59,36.133,3.7,,0.59,-0.0021,UNDER
2025-12-29,PA,Shai Gilgeous-Alexander,36.5,-120,-120,37.48,45,UNDER,UNDER,OVER,PLAYER,OVER,false,32.95,35.883,3.88,,0.98,0,NEUTRAL
2025-12-31,PA,Shai Gilgeous-Alexander,37.5,-125,-110,38.14,36,UNDER,UNDER,OVER,PLAYER,UNDER,true,32.99,28.583,3.91,,0.64,0.0317,OVER
2026-01-02,PA,Shai Gilgeous-Alexander,38.5,-114,-120,37.93,37,UNDER,UNDER,OVER,PLAYER,UNDER,true,32.99,28.183,3.9,,-0.57,-0.0127,UNDER
2026-01-05,PA,Shai Gilgeous-Alexander,37.5,-115,-122.5,36.88,27,UNDER,UNDER,OVER,PLAYER,UNDER,true,33.03,29.567,3.63,,-0.62,-0.0157,UNDER
2026-01-11,PA,Shai Gilgeous-Alexander,37.5,-123,-116.5,37.82,37,UNDER,UNDER,OVER,PLAYER,UNDER,true,33.61,31.97,4.31,,0.32,0.0135,OVER
2026-01-13,PA,Shai Gilgeous-Alexander,38.5,-116.5,-117.5,38.07,39,UNDER,UNDER,OVER,PLAYER,OVER,false,33.24,33.667,4.27,,-0.43,-0.0021,UNDER
2026-01-17,PA,Shai Gilgeous-Alexander,37.5,-123,-116.5,37.26,42,OVER,OVER,OVER,PLAYER,OVER,true,32.71,36.265,4.08,,-0.24,0.0135,OVER
2026-01-23,PA,Shai Gilgeous-Alexander,40.5,-111.5,-125,38.68,51,OVER,OVER,OVER,PLAYER,OVER,true,33.69,34.7,3.61,,-1.82,-0.0284,UNDER
2026-01-27,PA,Shai Gilgeous-Alexander,39.5,-118.5,-115,39.21,33,UNDER,UNDER,OVER,PLAYER,UNDER,true,34.3,35.828,3.1,,-0.29,0.0075,OVER
2026-03-01,PA,Shai Gilgeous-Alexander,37.5,-115.5,-122.5,38.7,35,UNDER,UNDER,OVER,PLAYER,UNDER,true,33.54,33.472,2.33,1,1.2,-0.0146,UNDER
2026-03-07,PA,Shai Gilgeous-Alexander,38.5,-114,-120,38.21,32,UNDER,UNDER,UNDER,PLAYER,UNDER,true,33.44,35,2.25,1,-0.29,-0.0127,UNDER
2025-10-23,PR,Shai Gilgeous-Alexander,37.5,-117.5,-116.5,32.45,63,OVER,OVER,UNDER,PLAYER,OVER,true,29.93,45.35,8.76,0,-5.05,0.0021,OVER
2025-10-25,PR,Shai Gilgeous-Alexander,35.5,-115,-115,34.6,35,UNDER,UNDER,UNDER,PLAYER,UNDER,true,31.37,28.733,9.92,0,-0.9,0,NEUTRAL
2025-10-27,PR,Shai Gilgeous-Alexander,34.5,-119,-120,36.44,27,UNDER,UNDER,UNDER,PLAYER,UNDER,true,31.54,35.467,9.85,0,1.94,-0.0021,UNDER
2025-10-28,PR,Shai Gilgeous-Alexander,35.5,-115,-120,36.46,40,OVER,OVER,UNDER,PLAYER,OVER,true,31.59,35.783,9.87,0,0.96,-0.0106,UNDER
2025-11-02,PR,Shai Gilgeous-Alexander,36.5,-117,-121,35.99,32,UNDER,UNDER,UNDER,PLAYER,UNDER,true,31.57,29.983,9.92,0,-0.51,-0.0083,UNDER
2025-11-05,PR,Shai Gilgeous-Alexander,36.5,-123,-112.5,36.21,44,OVER,OVER,UNDER,PLAYER,OVER,true,31.8,37.543,9.07,,-0.29,0.0222,OVER
2025-11-07,PR,Shai Gilgeous-Alexander,35.5,-115,-120,35.83,31,UNDER,UNDER,UNDER,PLAYER,UNDER,true,33.62,29.45,8.17,,0.33,-0.0106,UNDER
2025-11-11,PR,Shai Gilgeous-Alexander,36.5,-118,-115,36.29,33,UNDER,UNDER,OVER,PLAYER,UNDER,true,33.57,28.49,5.1,,-0.21,0.0064,OVER
2025-11-15,PR,Shai Gilgeous-Alexander,35.5,-116.5,-117.5,35.48,37,OVER,OVER,OVER,PLAYER,OVER,true,31.95,29.433,3.4,,-0.02,-0.0021,UNDER
2025-11-17,PR,Shai Gilgeous-Alexander,36.5,-117,-121,35.26,25,UNDER,UNDER,UNDER,PLAYER,UNDER,true,31.35,28.933,3.25,,-1.24,-0.0083,UNDER
2025-11-19,PR,Shai Gilgeous-Alexander,35.5,-115,-120,34.72,41,OVER,OVER,UNDER,PLAYER,OVER,true,30.66,35.567,2.95,,-0.78,-0.0106,UNDER
2025-11-23,PR,Shai Gilgeous-Alexander,36.5,-123,-112.5,35.4,42,OVER,OVER,UNDER,PLAYER,OVER,true,31.33,30,3.22,,-1.1,0.0222,OVER
2025-11-30,PR,Shai Gilgeous-Alexander,36.5,-123,-112.5,37.88,30,UNDER,UNDER,UNDER,PLAYER,UNDER,true,31.97,35.813,3.2,,1.38,0.0222,OVER
2025-12-02,PR,Shai Gilgeous-Alexander,36.5,-118,-115,37.29,41,OVER,OVER,UNDER,PLAYER,OVER,true,32.02,35.55,3.25,,0.79,0.0064,OVER
2025-12-05,PR,Shai Gilgeous-Alexander,34.5,-119,-120,37.7,38,OVER,OVER,UNDER,PLAYER,OVER,true,32.73,28.562,3.18,,3.2,-0.0021,UNDER
2025-12-13,PR,Shai Gilgeous-Alexander,36.5,-112.5,-119,36.13,33,UNDER,UNDER,UNDER,PLAYER,UNDER,true,32.38,36.568,3.6,,-0.37,-0.014,UNDER
2025-12-23,PR,Shai Gilgeous-Alexander,36.5,-112.5,-119,36.65,36,UNDER,UNDER,OVER,PLAYER,UNDER,true,33.71,35.497,3.78,,0.15,-0.014,UNDER
2025-12-25,PR,Shai Gilgeous-Alexander,36.5,-112.5,-119,37.2,28,UNDER,UNDER,UNDER,PLAYER,UNDER,true,33.59,36.133,3.7,,0.7,-0.014,UNDER
2025-12-29,PR,Shai Gilgeous-Alexander,35.5,-115,-115,36.09,45,OVER,OVER,UNDER,PLAYER,OVER,true,32.95,35.883,3.88,,0.59,0,NEUTRAL
2025-12-31,PR,Shai Gilgeous-Alexander,36.5,-123,-112.5,36.98,32,UNDER,UNDER,UNDER,PLAYER,UNDER,true,32.99,28.583,3.91,,0.48,0.0222,OVER
2026-01-02,PR,Shai Gilgeous-Alexander,36.5,-118,-115,36.3,31,UNDER,UNDER,OVER,PLAYER,UNDER,true,32.99,28.183,3.9,,-0.2,0.0064,OVER
2026-01-05,PR,Shai Gilgeous-Alexander,35.5,-116.5,-117.5,34.42,23,UNDER,UNDER,UNDER,PLAYER,UNDER,true,33.03,29.567,3.63,,-1.08,-0.0021,UNDER
2026-01-11,PR,Shai Gilgeous-Alexander,35.5,-119.5,-114,35.83,34,UNDER,UNDER,UNDER,PLAYER,UNDER,true,33.61,31.97,4.31,,0.33,0.0117,OVER
2026-01-13,PR,Shai Gilgeous-Alexander,36.5,-112.5,-119,35.92,39,OVER,OVER,UNDER,PLAYER,OVER,true,33.24,33.667,4.27,,-0.58,-0.014,UNDER
2026-01-17,PR,Shai Gilgeous-Alexander,35.5,-119.5,-114,35.34,43,OVER,OVER,OVER,PLAYER,OVER,true,32.71,36.265,4.08,,-0.16,0.0117,OVER
2026-01-23,PR,Shai Gilgeous-Alexander,37.5,-117.5,-116.5,36.96,51,OVER,OVER,UNDER,PLAYER,OVER,true,33.69,34.7,3.61,,-0.54,0.0021,OVER
2026-01-27,PR,Shai Gilgeous-Alexander,36.5,-117,-121,36.78,35,UNDER,UNDER,UNDER,PLAYER,UNDER,true,34.3,35.828,3.1,,0.28,-0.0083,UNDER
2026-03-01,PR,Shai Gilgeous-Alexander,34.5,-119,-120,36.79,34,UNDER,UNDER,OVER,PLAYER,UNDER,true,33.54,33.472,2.33,1,2.29,-0.0021,UNDER
2026-03-07,PR,Shai Gilgeous-Alexander,36.5,-118,-115,36.09,32,UNDER,UNDER,UNDER,PLAYER,UNDER,true,33.44,35,2.25,1,-0.41,0.0064,OVER
2025-10-23,RA,Shai Gilgeous-Alexander,11.5,-115,-122,10.72,13,OVER,OVER,UNDER,PLAYER,OVER,true,29.93,45.35,8.76,0,-0.78,-0.0147,UNDER
2025-10-25,RA,Shai Gilgeous-Alexander,11.5,-122,-115,11.23,10,UNDER,UNDER,UNDER,PLAYER,UNDER,true,31.37,28.733,9.92,0,-0.27,0.0147,OVER
2025-10-27,RA,Shai Gilgeous-Alexander,10.5,-125,-105,11.03,12,OVER,OVER,UNDER,PLAYER,OVER,true,31.54,35.467,9.85,0,0.53,0.0434,OVER
2025-10-28,RA,Shai Gilgeous-Alexander,11.5,-106,-125,10.86,13,OVER,OVER,UNDER,PLAYER,OVER,true,31.59,35.783,9.87,0,-0.64,-0.041,UNDER
2025-11-02,RA,Shai Gilgeous-Alexander,11.5,-121,-120,11.05,9,UNDER,UNDER,OVER,PLAYER,UNDER,true,31.57,29.983,9.92,0,-0.45,0.0021,OVER
2025-11-05,RA,Shai Gilgeous-Alexander,11.5,-129,-116.5,11.48,13,OVER,OVER,UNDER,PLAYER,OVER,true,31.8,37.543,9.07,,-0.02,0.0252,OVER
2025-11-07,RA,Shai Gilgeous-Alexander,11.5,-106,-125,11.09,4,UNDER,UNDER,UNDER,PLAYER,UNDER,true,33.62,29.45,8.17,,-0.41,-0.041,UNDER
2025-11-11,RA,Shai Gilgeous-Alexander,11.5,-124,-115,11.36,16,OVER,OVER,UNDER,PLAYER,OVER,true,33.57,28.49,5.1,,-0.14,0.0187,OVER
2025-11-15,RA,Shai Gilgeous-Alexander,11.5,-110,-124,11.3,11,UNDER,UNDER,UNDER,PLAYER,UNDER,true,31.95,29.433,3.4,,-0.2,-0.0298,UNDER
2025-11-17,RA,Shai Gilgeous-Alexander,11.5,-121,-120,11.59,10,UNDER,UNDER,UNDER,PLAYER,UNDER,true,31.35,28.933,3.25,,0.09,0.0021,OVER
2025-11-19,RA,Shai Gilgeous-Alexander,11.5,-106,-125,11.19,11,UNDER,UNDER,OVER,PLAYER,UNDER,true,30.66,35.567,2.95,,-0.31,-0.041,UNDER
2025-11-23,RA,Shai Gilgeous-Alexander,11.5,-129,-116.5,11.46,12,UNDER,UNDER,UNDER,PLAYER,OVER,false,31.33,30,3.22,,-0.04,0.0252,OVER
2025-11-30,RA,Shai Gilgeous-Alexander,11.5,-129,-116.5,11.58,9,UNDER,UNDER,UNDER,PLAYER,UNDER,true,31.97,35.813,3.2,,0.08,0.0252,OVER
2025-12-02,RA,Shai Gilgeous-Alexander,11.5,-124,-115,11.4,7,UNDER,UNDER,UNDER,PLAYER,UNDER,true,32.02,35.55,3.25,,-0.1,0.0187,OVER
2025-12-05,RA,Shai Gilgeous-Alexander,10.5,-125,-105,11.03,11,UNDER,UNDER,UNDER,PLAYER,OVER,false,32.73,28.562,3.18,,0.53,0.0434,OVER
2025-12-13,RA,Shai Gilgeous-Alexander,10.5,-137,-105,10.97,9,UNDER,UNDER,UNDER,PLAYER,UNDER,true,32.38,36.568,3.6,,0.47,0.0659,OVER
2025-12-23,RA,Shai Gilgeous-Alexander,10.5,-137,-105,11.39,11,UNDER,UNDER,UNDER,PLAYER,OVER,false,33.71,35.497,3.78,,0.89,0.0659,OVER
2025-12-25,RA,Shai Gilgeous-Alexander,10.5,-137,-105,11.54,10,UNDER,UNDER,UNDER,PLAYER,UNDER,true,33.59,36.133,3.7,,1.04,0.0659,OVER
2025-12-29,RA,Shai Gilgeous-Alexander,11.5,-122,-115,11.38,12,UNDER,UNDER,UNDER,PLAYER,OVER,false,32.95,35.883,3.88,,-0.12,0.0147,OVER
2025-12-31,RA,Shai Gilgeous-Alexander,11.5,-129,-116.5,11.5,8,UNDER,UNDER,UNDER,PLAYER,UNDER,true,32.99,28.583,3.91,,0,0.0252,OVER
2026-01-02,RA,Shai Gilgeous-Alexander,11.5,-124,-115,11.39,8,UNDER,UNDER,UNDER,PLAYER,UNDER,true,32.99,28.183,3.9,,-0.11,0.0187,OVER
2026-01-05,RA,Shai Gilgeous-Alexander,11.5,-110,-124,10.5,8,UNDER,UNDER,OVER,PLAYER,UNDER,true,33.03,29.567,3.63,,-1,-0.0298,UNDER
2026-01-11,RA,Shai Gilgeous-Alexander,11.5,100,-134,10.37,13,OVER,OVER,OVER,PLAYER,OVER,true,33.61,31.97,4.31,,-1.13,-0.0726,UNDER
2026-01-13,RA,Shai Gilgeous-Alexander,10.5,-137,-105,10.95,10,UNDER,UNDER,UNDER,PLAYER,UNDER,true,33.24,33.667,4.27,,0.45,0.0659,OVER
2026-01-17,RA,Shai Gilgeous-Alexander,11.5,100,-134,10.42,7,UNDER,UNDER,UNDER,PLAYER,UNDER,true,32.71,36.265,4.08,,-1.08,-0.0726,UNDER
2026-01-23,RA,Shai Gilgeous-Alexander,11.5,-115,-122,10.46,8,UNDER,UNDER,OVER,PLAYER,UNDER,true,33.69,34.7,3.61,,-1.04,-0.0147,UNDER
2026-01-27,RA,Shai Gilgeous-Alexander,11.5,-121,-120,10.51,10,UNDER,UNDER,OVER,PLAYER,UNDER,true,34.3,35.828,3.1,,-0.99,0.0021,OVER
2026-03-01,RA,Shai Gilgeous-Alexander,10.5,-125,-105,11.79,9,UNDER,UNDER,OVER,PLAYER,UNDER,true,33.54,33.472,2.33,1,1.29,0.0434,OVER
2026-03-07,RA,Shai Gilgeous-Alexander,11.5,-124,-115,11.55,10,UNDER,UNDER,UNDER,PLAYER,UNDER,true,33.44,35,2.25,1,0.05,0.0187,OVER
