selected_rank,candidate_id,slate_date,player,team,opponent,matchup_key,game_time_et,market,side,line,projected_value,line_gap,wf_confidence,meta_prob_correct,estimated_accuracy_prior_pct,tier,model_action,base_score,correlation_penalty,final_score,risk_flags,premium_pockets
1,25727b922290106a4ca6,2026-05-07,Deandre Ayton,LAL,OKC,LAL@OKC,"May 7, 9:30 PM",REB,UNDER,8.5,10.23,1.73,0.673719,0.575997,94.8,S,SELECTED,0.843332,0,0.843332,projection_side_split,"top200 REB UNDER HGB/projection split, abs gap (1.5, 2.0]; top200 REB UNDER agreement, abs gap (1.5, 2.0]"
,0cecd336f664787845ed,2026-05-07,Alex Caruso,OKC,LAL,LAL@OKC,"May 7, 9:30 PM",AST,OVER,1.5,2.05,0.55,0.672718,0.494426,93.7,S,CANDIDATE,0.736886,0.025,0.711886,low_projected_minutes,"tail200plus AST OVER agreement, line (0.5, 1.5]"
,ed634f6abcd310bab32c,2026-05-07,Deandre Ayton,LAL,OKC,LAL@OKC,"May 7, 9:30 PM",PTS,UNDER,9.5,12.05,2.55,0.688162,0.573718,90.16,B,CANDIDATE,0.830208,0.07,0.760208,projection_side_split,
,75d6e13163f38604fdba,2026-05-07,Deandre Ayton,LAL,OKC,LAL@OKC,"May 7, 9:30 PM",RA,OVER,9.5,11.41,1.91,0.727036,0.746821,89.06,C,CANDIDATE,0.819093,0.07,0.749093,,
,bcc2a3c4f655aa7b26e1,2026-05-07,Deandre Ayton,LAL,OKC,LAL@OKC,"May 7, 9:30 PM",PRA,UNDER,19.5,23.41,3.91,0.619969,0.604495,89.06,C,CANDIDATE,0.813962,0.07,0.743962,projection_side_split,
,f7c43d6b1206637f21c4,2026-05-07,Evan Mobley,CLE,DET,CLE@DET,"May 7, 7:00 PM",PRA,UNDER,27.5,28.8,1.3,0.731527,0.705548,89.06,C,CANDIDATE,0.807606,0,0.807606,projection_side_split,
,2cb0147521966deae1e8,2026-05-07,Isaiah Joe,OKC,LAL,LAL@OKC,"May 7, 9:30 PM",THREES,OVER,1.5,2.08,0.58,0.849606,0.81318,89.61,B,CANDIDATE,0.807369,0.025,0.782369,low_projected_minutes,
,4d64b53aab37d7f77f8f,2026-05-07,LeBron James,LAL,OKC,LAL@OKC,"May 7, 9:30 PM",PTS,UNDER,20.5,22.24,1.74,0.622804,0.568832,90.16,B,CANDIDATE,0.805909,0.07,0.735909,projection_side_split,
,c8ec4c591625a012568d,2026-05-07,Deandre Ayton,LAL,OKC,LAL@OKC,"May 7, 9:30 PM",PR,OVER,18.5,22.3,3.8,0.670921,0.460294,89.06,C,CANDIDATE,0.802945,0.07,0.732945,,
,13c7e9ecca7fe3371196,2026-05-07,Marcus Smart,LAL,OKC,LAL@OKC,"May 7, 9:30 PM",AST,UNDER,3.5,4.94,1.44,0.70108,0.524961,90.16,B,CANDIDATE,0.800857,0.07,0.730857,projection_side_split,
,4ac20cd723fc09af2e5b,2026-05-07,Cade Cunningham,DET,CLE,CLE@DET,"May 7, 7:00 PM",PA,UNDER,37.5,34.91,-2.59,0.618225,0.549524,89.06,C,CANDIDATE,0.799769,0,0.799769,,
,8e99dd11e86d4ba70856,2026-05-07,Isaiah Hartenstein,OKC,LAL,LAL@OKC,"May 7, 9:30 PM",RA,OVER,11.5,12.48,0.98,0.765786,0.772017,89.06,C,CANDIDATE,0.798895,0.025,0.773895,,
,2d9a20bd0b0fd0c21b7c,2026-05-07,Jaylin Williams,OKC,LAL,LAL@OKC,"May 7, 9:30 PM",THREES,OVER,0.5,1.02,0.52,0.84941,0.845302,90.16,B,CANDIDATE,0.797871,0.025,0.772871,low_projected_minutes,
,775c16c8bc4ce8a64c4d,2026-05-07,James Harden,CLE,DET,CLE@DET,"May 7, 7:00 PM",RA,OVER,11.5,12.83,1.33,0.684551,0.681298,89.06,C,CANDIDATE,0.796556,0,0.796556,,
,887d88dd0854ef89eed7,2026-05-07,Rui Hachimura,LAL,OKC,LAL@OKC,"May 7, 9:30 PM",THREES,OVER,1.5,2.46,0.96,0.730729,0.719047,89.06,C,CANDIDATE,0.795286,0.07,0.725286,,
,f1885c959ab507d6dbcf,2026-05-07,Cade Cunningham,DET,CLE,CLE@DET,"May 7, 7:00 PM",PRA,OVER,42.5,40.2,-2.3,0.690171,0.479128,89.06,C,CANDIDATE,0.79513,0,0.79513,projection_side_split,
,61e048b3c6c3b6e0efaf,2026-05-07,Jarrett Allen,CLE,DET,CLE@DET,"May 7, 7:00 PM",RA,UNDER,8.5,9.97,1.47,0.734278,0.700076,89.06,C,CANDIDATE,0.792619,0,0.792619,projection_side_split,
,ecdea51d7f4ce1e19463,2026-05-07,Marcus Smart,LAL,OKC,LAL@OKC,"May 7, 9:30 PM",THREES,OVER,1.5,2.23,0.73,0.738119,0.731155,89.06,C,CANDIDATE,0.792178,0.07,0.722178,,
,e7d5e76401c9fc153ecd,2026-05-07,Jalen Duren,DET,CLE,CLE@DET,"May 7, 7:00 PM",REB,OVER,11.5,10.82,-0.68,0.76897,0.673941,89.06,C,CANDIDATE,0.792121,0.006,0.786121,projection_side_split,
,12faa285ea54e7be675b,2026-05-07,Jarrett Allen,CLE,DET,CLE@DET,"May 7, 7:00 PM",PTS,UNDER,10.5,11.85,1.35,0.66965,0.549607,90.16,B,CANDIDATE,0.792,0,0.792,projection_side_split,
,74a52626e6b5ef18f307,2026-05-07,Jalen Duren,DET,CLE,CLE@DET,"May 7, 7:00 PM",PRA,UNDER,29.5,27.58,-1.92,0.667299,0.562483,89.06,C,CANDIDATE,0.791283,0,0.791283,,
,060ddcc4149fbc271232,2026-05-07,Jared McCain,OKC,LAL,LAL@OKC,"May 7, 9:30 PM",THREES,OVER,0.5,1.05,0.55,0.905971,0.857271,89.06,C,CANDIDATE,0.790247,0.025,0.765247,low_projected_minutes,
,07a3597e3ec5f3bc1423,2026-05-07,Cade Cunningham,DET,CLE,CLE@DET,"May 7, 7:00 PM",PTS,OVER,27.5,25.83,-1.67,0.643623,0.532402,89.61,B,CANDIDATE,0.79005,0,0.79005,projection_side_split,
,fa8460ea481905fbe9b6,2026-05-07,Duncan Robinson,DET,CLE,CLE@DET,"May 7, 7:00 PM",THREES,OVER,2.5,2.87,0.37,0.75116,0.752453,89.06,C,CANDIDATE,0.788824,0,0.788824,thin_projection_gap,
,e804df3f3fbf927327f1,2026-05-07,Evan Mobley,CLE,DET,CLE@DET,"May 7, 7:00 PM",RA,UNDER,11.5,12.6,1.1,0.679322,0.657688,89.06,C,CANDIDATE,0.786176,0,0.786176,projection_side_split,
,9e14c8cb6c9e518e241c,2026-05-07,LeBron James,LAL,OKC,LAL@OKC,"May 7, 9:30 PM",PA,UNDER,28.5,30.72,2.22,0.576916,0.574455,89.06,C,CANDIDATE,0.785957,0.07,0.715957,projection_side_split,
,654f668bb01a1564ff1d,2026-05-07,Jarrett Allen,CLE,DET,CLE@DET,"May 7, 7:00 PM",PR,UNDER,18.5,20.42,1.92,0.691287,0.583992,89.06,C,CANDIDATE,0.785629,0,0.785629,projection_side_split,
,ff6de38b39e0aa92a2a2,2026-05-07,James Harden,CLE,DET,CLE@DET,"May 7, 7:00 PM",AST,UNDER,6.5,7.65,1.15,0.632335,0.521683,90.16,B,CANDIDATE,0.785291,0,0.785291,projection_side_split,
,c1c47f54ab86b4699ca0,2026-05-07,Tobias Harris,DET,CLE,CLE@DET,"May 7, 7:00 PM",PA,UNDER,20.5,18.89,-1.61,0.681756,0.58183,89.06,C,CANDIDATE,0.784594,0,0.784594,,
,550623381eda2d156719,2026-05-07,Ajay Mitchell,OKC,LAL,LAL@OKC,"May 7, 9:30 PM",PTS,UNDER,16.5,14.66,-1.84,0.663536,0.565464,89.06,C,CANDIDATE,0.784556,0.025,0.759556,,
,8cf3f225f3d29adfbe3a,2026-05-07,Chet Holmgren,OKC,LAL,LAL@OKC,"May 7, 9:30 PM",PA,UNDER,18.5,17.95,-0.55,0.73582,0.740127,89.06,C,CANDIDATE,0.78327,0.025,0.75827,,
,604c8597bc2e3d20d079,2026-05-07,Donovan Mitchell,CLE,DET,CLE@DET,"May 7, 7:00 PM",RA,UNDER,7.5,8.63,1.13,0.665552,0.644417,89.06,C,CANDIDATE,0.782639,0,0.782639,projection_side_split,
,52729bbb40ab89acd353,2026-05-07,Isaiah Hartenstein,OKC,LAL,LAL@OKC,"May 7, 9:30 PM",PRA,UNDER,19.5,20.04,0.54,0.765009,0.735351,89.06,C,CANDIDATE,0.781889,0.025,0.756889,projection_side_split,
,7c65740ded036bd324fd,2026-05-07,Luguentz Dort,OKC,LAL,LAL@OKC,"May 7, 9:30 PM",THREES,UNDER,1.5,2.03,0.53,0.755096,0.769844,89.06,C,CANDIDATE,0.781767,0.025,0.756767,projection_side_split,
,366e136563212e722a14,2026-05-07,Isaiah Stewart,DET,CLE,CLE@DET,"May 7, 7:00 PM",THREES,OVER,0.5,0.37,-0.13,0.845016,0.845142,90.16,B,CANDIDATE,0.781657,0,0.781657,low_projected_minutes; projection_side_split; thin_projection_gap,
,83d4f047a4b755a85df2,2026-05-07,Evan Mobley,CLE,DET,CLE@DET,"May 7, 7:00 PM",THREES,OVER,0.5,0.99,0.49,0.753838,0.740113,89.06,C,COVERAGE,0.779861,0,0.779861,thin_projection_gap,
,d5cf14eaf64869acace3,2026-05-07,Jared McCain,OKC,LAL,LAL@OKC,"May 7, 9:30 PM",PTS,OVER,4.5,4.21,-0.29,0.849051,0.830349,89.06,C,COVERAGE,0.779299,0.025,0.754299,low_projected_minutes; projection_side_split; thin_projection_gap,
,a50470ec064314ae3f60,2026-05-07,Caris LeVert,DET,CLE,CLE@DET,"May 7, 7:00 PM",PRA,OVER,4.5,7.13,2.63,0.744845,0.693554,89.06,C,COVERAGE,0.778791,0,0.778791,low_projected_minutes; minimum_book_depth,
,23d0132fd984da89571c,2026-05-07,Jalen Duren,DET,CLE,CLE@DET,"May 7, 7:00 PM",PR,UNDER,26.5,24.95,-1.55,0.646262,0.569278,89.06,C,COVERAGE,0.778581,0,0.778581,,
,e78a886bb0fc13defb28,2026-05-07,LeBron James,LAL,OKC,LAL@OKC,"May 7, 9:30 PM",PR,UNDER,27.5,29.42,1.92,0.578804,0.559462,89.06,C,COVERAGE,0.776197,0.07,0.706197,projection_side_split,
,f983aac8f234d9176afd,2026-05-07,Dean Wade,CLE,DET,CLE@DET,"May 7, 7:00 PM",THREES,OVER,1,1.24,0.24,0.783303,0.781468,89.06,C,COVERAGE,0.776171,0,0.776171,thin_projection_gap,
,03044470a2c8fdea2c30,2026-05-07,Isaiah Stewart,DET,CLE,CLE@DET,"May 7, 7:00 PM",PR,OVER,6.5,7.66,1.16,0.803868,0.731054,89.06,C,COVERAGE,0.775465,0,0.775465,low_projected_minutes,
,f2d71e3073544ff1f25d,2026-05-07,Caris LeVert,DET,CLE,CLE@DET,"May 7, 7:00 PM",PTS,OVER,2.5,3.59,1.09,0.801541,0.672623,89.06,C,COVERAGE,0.774999,0,0.774999,low_projected_minutes,
,a86fcd97cb89b52c51ed,2026-05-07,Rui Hachimura,LAL,OKC,LAL@OKC,"May 7, 9:30 PM",RA,OVER,4.5,5.32,0.82,0.718624,0.680758,89.06,C,COVERAGE,0.774013,0.07,0.704013,,
,35d55d65fdb12e92f89f,2026-05-07,Jaylon Tyson,CLE,DET,CLE@DET,"May 7, 7:00 PM",RA,OVER,4.5,5.34,0.84,0.837139,0.803119,89.06,C,COVERAGE,0.773926,0,0.773926,low_projected_minutes,
,918616e755b88ef442c0,2026-05-07,Austin Reaves,LAL,OKC,LAL@OKC,"May 7, 9:30 PM",THREES,OVER,1.5,2.16,0.66,0.738119,0.609149,89.06,C,COVERAGE,0.77323,0.07,0.70323,,
,5729d5cf50c4460c00d5,2026-05-07,Luke Kennard,LAL,OKC,LAL@OKC,"May 7, 9:30 PM",RA,UNDER,4.5,5.4,0.9,0.767555,0.758603,89.06,C,COVERAGE,0.773186,0.07,0.703186,projection_side_split,
,f2190d9ec95a9f251f5c,2026-05-07,Jarrett Allen,CLE,DET,CLE@DET,"May 7, 7:00 PM",PRA,OVER,19.5,21.81,2.31,0.604497,0.493644,89.06,C,COVERAGE,0.772758,0,0.772758,,
,4f3454680db718700400,2026-05-07,Chet Holmgren,OKC,LAL,LAL@OKC,"May 7, 9:30 PM",RA,UNDER,10.5,11.08,0.58,0.703395,0.662581,89.06,C,COVERAGE,0.772377,0.025,0.747377,projection_side_split,
,d85481c9f644fdd98ac1,2026-05-07,Jaylin Williams,OKC,LAL,LAL@OKC,"May 7, 9:30 PM",RA,OVER,5,6.11,1.11,0.839555,0.81422,89.06,C,COVERAGE,0.772199,0.025,0.747199,low_projected_minutes; minimum_book_depth,
,cd4c5afdd7309fbbd9c6,2026-05-07,Evan Mobley,CLE,DET,CLE@DET,"May 7, 7:00 PM",PR,OVER,23.5,25.09,1.59,0.669854,0.47595,89.06,C,COVERAGE,0.772095,0,0.772095,,
,2188ca5ff5f81ea4cc61,2026-05-07,Ajay Mitchell,OKC,LAL,LAL@OKC,"May 7, 9:30 PM",AST,UNDER,3.5,4.08,0.58,0.728194,0.633282,89.06,C,COVERAGE,0.772089,0.025,0.747089,projection_side_split,
,66ef33b62072d5b9525e,2026-05-07,Shai Gilgeous-Alexander,OKC,LAL,LAL@OKC,"May 7, 9:30 PM",PRA,UNDER,40.5,41.63,1.13,0.653699,0.582185,89.06,C,COVERAGE,0.771793,0.025,0.746793,projection_side_split,
,278f6111f073a78121a0,2026-05-07,Jarrett Allen,CLE,DET,CLE@DET,"May 7, 7:00 PM",REB,OVER,7.5,8.52,1.02,0.715904,0.585202,89.06,C,COVERAGE,0.771229,0.006,0.765229,,
,f2d334141024bf18ce02,2026-05-07,Donovan Mitchell,CLE,DET,CLE@DET,"May 7, 7:00 PM",THREES,UNDER,2.5,3,0.5,0.656265,0.693824,89.06,C,COVERAGE,0.771084,0,0.771084,projection_side_split,
,b914f45cbcc46d0be3f4,2026-05-07,Austin Reaves,LAL,OKC,LAL@OKC,"May 7, 9:30 PM",RA,OVER,9.5,10.08,0.58,0.718624,0.596177,89.06,C,COVERAGE,0.770772,0.07,0.700772,,
,92849301caaa53cb49b9,2026-05-07,Tobias Harris,DET,CLE,CLE@DET,"May 7, 7:00 PM",RA,OVER,8.5,8.46,-0.04,0.721598,0.716828,89.06,C,COVERAGE,0.768798,0,0.768798,projection_side_split; thin_projection_gap,
,84f769281c5c4680c8f8,2026-05-07,Jaxson Hayes,LAL,OKC,LAL@OKC,"May 7, 9:30 PM",REB,OVER,3.5,3.58,0.08,0.82578,0.752031,89.06,C,COVERAGE,0.768546,0.076,0.692546,low_projected_minutes; thin_projection_gap,
,c49787d5d278d61ab4f5,2026-05-07,Jaylin Williams,OKC,LAL,LAL@OKC,"May 7, 9:30 PM",REB,OVER,3.5,4.28,0.78,0.810288,0.633047,89.06,C,COVERAGE,0.767766,0.031,0.736766,low_projected_minutes,
,7e0b66ac4d9773500f85,2026-05-07,Rui Hachimura,LAL,OKC,LAL@OKC,"May 7, 9:30 PM",PR,UNDER,16.5,17.44,0.94,0.690806,0.577128,89.06,C,COVERAGE,0.767698,0.07,0.697698,projection_side_split,
,2a95c77aed006cede14b,2026-05-07,Alex Caruso,OKC,LAL,LAL@OKC,"May 7, 9:30 PM",RA,OVER,4.5,5.23,0.73,0.779937,0.772734,89.06,C,COVERAGE,0.767676,0.025,0.742676,low_projected_minutes,
,c9346a156c9c782fbea5,2026-05-07,James Harden,CLE,DET,CLE@DET,"May 7, 7:00 PM",THREES,OVER,2.5,2.63,0.13,0.732841,0.639333,89.06,C,COVERAGE,0.767373,0,0.767373,thin_projection_gap,
,ebe41e55bef9c0bb8527,2026-05-07,Jalen Duren,DET,CLE,CLE@DET,"May 7, 7:00 PM",PA,UNDER,17.5,16.58,-0.92,0.689977,0.584366,89.06,C,COVERAGE,0.766762,0,0.766762,,
,e3bcbc88b7bc75e451ba,2026-05-07,Marcus Smart,LAL,OKC,LAL@OKC,"May 7, 9:30 PM",RA,OVER,7.5,8.66,1.16,0.686058,0.568209,89.06,C,COVERAGE,0.766461,0.07,0.696461,,
,504a0368198a1264baeb,2026-05-07,Daniss Jenkins,DET,CLE,CLE@DET,"May 7, 7:00 PM",THREES,OVER,1.5,1.02,-0.48,0.785076,0.683448,89.06,C,COVERAGE,0.765368,0,0.765368,low_projected_minutes; projection_side_split; thin_projection_gap,
,4c4d139718821d89ac07,2026-05-07,Jaylon Tyson,CLE,DET,CLE@DET,"May 7, 7:00 PM",THREES,OVER,1.5,1.14,-0.36,0.846818,0.796157,89.61,B,CANDIDATE,0.764534,0,0.764534,low_projected_minutes; minimum_book_depth; projection_side_split; thin_projection_gap,
,da3ba5571120cc78a2f9,2026-05-07,Luke Kennard,LAL,OKC,LAL@OKC,"May 7, 9:30 PM",THREES,OVER,1.5,1.78,0.28,0.782417,0.724006,89.06,C,COVERAGE,0.764484,0.07,0.694484,thin_projection_gap,
,71d775353f8d24e099e5,2026-05-07,Tobias Harris,DET,CLE,CLE@DET,"May 7, 7:00 PM",PR,UNDER,24.5,23.61,-0.89,0.646973,0.583673,89.06,C,COVERAGE,0.764391,0,0.764391,,
,50d3e4f8875159fd881a,2026-05-07,Cade Cunningham,DET,CLE,CLE@DET,"May 7, 7:00 PM",RA,OVER,14.5,14.18,-0.32,0.730269,0.584494,89.06,C,COVERAGE,0.764299,0,0.764299,projection_side_split; thin_projection_gap,
,3f89997372d430a8ffdd,2026-05-07,Shai Gilgeous-Alexander,OKC,LAL,LAL@OKC,"May 7, 9:30 PM",PA,UNDER,36.5,37.24,0.74,0.653699,0.599681,89.06,C,COVERAGE,0.763842,0.025,0.738842,projection_side_split,
,11c127510a36724879f0,2026-05-07,Cason Wallace,OKC,LAL,LAL@OKC,"May 7, 9:30 PM",AST,UNDER,1.5,2.27,0.77,0.785597,0.641289,89.06,C,COVERAGE,0.763209,0.025,0.738209,low_projected_minutes; projection_side_split,
,756cd909680ce1fc0bf5,2026-05-07,LeBron James,LAL,OKC,LAL@OKC,"May 7, 9:30 PM",PRA,OVER,35.5,37.89,2.39,0.500408,0.476177,89.06,C,COVERAGE,0.76296,0.07,0.69296,,
,8aeb834ae602cde2ac0b,2026-05-07,Max Strus,CLE,DET,CLE@DET,"May 7, 7:00 PM",THREES,OVER,2.5,2.35,-0.15,0.784693,0.689955,89.06,C,COVERAGE,0.762826,0,0.762826,projection_side_split; thin_projection_gap,
,9d19e5738ac1654dedf4,2026-05-07,Jaylon Tyson,CLE,DET,CLE@DET,"May 7, 7:00 PM",PR,OVER,10.5,9.84,-0.66,0.82571,0.695982,89.06,C,COVERAGE,0.76207,0,0.76207,low_projected_minutes; projection_side_split,
,72924b5bd8997c23f982,2026-05-07,Jalen Duren,DET,CLE,CLE@DET,"May 7, 7:00 PM",PTS,UNDER,15.5,14.2,-1.3,0.616583,0.525134,89.06,C,COVERAGE,0.760392,0,0.760392,,
,c11201ca99b24f7ed5fd,2026-05-07,Cason Wallace,OKC,LAL,LAL@OKC,"May 7, 9:30 PM",PTS,OVER,6.5,5.43,-1.07,0.720858,0.573951,89.06,C,COVERAGE,0.760129,0.025,0.735129,low_projected_minutes; projection_side_split,
,262cbeeb4db8ce19863b,2026-05-07,Cade Cunningham,DET,CLE,CLE@DET,"May 7, 7:00 PM",PR,UNDER,32.5,31.14,-1.36,0.567191,0.566121,89.06,C,COVERAGE,0.760106,0,0.760106,,
,fac99673cc52541d1f98,2026-05-07,Jaxson Hayes,LAL,OKC,LAL@OKC,"May 7, 9:30 PM",PRA,OVER,9.5,8.49,-1.01,0.749561,0.7124,89.06,C,COVERAGE,0.759078,0.07,0.689078,low_projected_minutes; projection_side_split,
,d61fd64d14ca9ed6e7df,2026-05-07,Rui Hachimura,LAL,OKC,LAL@OKC,"May 7, 9:30 PM",REB,OVER,3.5,4.15,0.65,0.682171,0.545216,89.06,C,COVERAGE,0.758942,0.076,0.682942,,
,369a47ba5beb87cf2c4b,2026-05-07,Ausar Thompson,DET,CLE,CLE@DET,"May 7, 7:00 PM",PRA,OVER,20.5,19.59,-0.91,0.659107,0.52399,89.06,C,COVERAGE,0.758753,0,0.758753,projection_side_split,
,c12ecbf880c4ce8d1f26,2026-05-07,Evan Mobley,CLE,DET,CLE@DET,"May 7, 7:00 PM",REB,OVER,8.5,9.12,0.62,0.672653,0.56172,89.06,C,COVERAGE,0.75874,0.006,0.75274,,
,14951a469d29136f537f,2026-05-07,Shai Gilgeous-Alexander,OKC,LAL,LAL@OKC,"May 7, 9:30 PM",PR,UNDER,33.5,34.36,0.86,0.64222,0.553316,89.06,C,COVERAGE,0.758485,0.025,0.733485,projection_side_split,
,225050caadac341653c1,2026-05-07,Tobias Harris,DET,CLE,CLE@DET,"May 7, 7:00 PM",PRA,OVER,26.5,25.42,-1.08,0.609713,0.551038,89.06,C,COVERAGE,0.758182,0,0.758182,projection_side_split,
,1366153ffebd454fce34,2026-05-07,Jake LaRavia,LAL,OKC,LAL@OKC,"May 7, 9:30 PM",PRA,UNDER,7.5,7.14,-0.36,0.798678,0.764145,89.06,C,COVERAGE,0.75783,0.07,0.68783,low_projected_minutes; thin_projection_gap,
,28e3c82d6feb0e8c13d8,2026-05-07,Shai Gilgeous-Alexander,OKC,LAL,LAL@OKC,"May 7, 9:30 PM",THREES,UNDER,1.5,1.53,0.03,0.651326,0.693824,89.06,C,COVERAGE,0.757662,0.025,0.732662,projection_side_split; thin_projection_gap,
,34e5d7dff9130fcfd48d,2026-05-07,James Harden,CLE,DET,CLE@DET,"May 7, 7:00 PM",PRA,OVER,31.5,33.15,1.65,0.552346,0.502373,89.06,C,COVERAGE,0.756243,0,0.756243,,
,255ab9bd1609450f7654,2026-05-07,James Harden,CLE,DET,CLE@DET,"May 7, 7:00 PM",PR,UNDER,24.5,25.44,0.94,0.590196,0.587458,89.06,C,COVERAGE,0.756034,0,0.756034,projection_side_split,
,71632285cc9c4bd9e3d1,2026-05-07,Donovan Mitchell,CLE,DET,CLE@DET,"May 7, 7:00 PM",REB,OVER,3.5,4.28,0.78,0.646087,0.543924,89.06,C,COVERAGE,0.755733,0.006,0.749733,,
,f167ca89a5903d976702,2026-05-07,Marcus Smart,LAL,OKC,LAL@OKC,"May 7, 9:30 PM",PTS,UNDER,10.5,10.95,0.45,0.674132,0.568719,89.06,C,COVERAGE,0.755452,0.07,0.685452,projection_side_split; thin_projection_gap,
,277df84b11fcca65b1f5,2026-05-07,James Harden,CLE,DET,CLE@DET,"May 7, 7:00 PM",REB,OVER,4.5,5.1,0.6,0.685346,0.523586,89.06,C,COVERAGE,0.755152,0.006,0.749152,,
,33cb8775aa32da4c412b,2026-05-07,Cason Wallace,OKC,LAL,LAL@OKC,"May 7, 9:30 PM",THREES,UNDER,1.5,1.28,-0.22,0.751332,0.69284,89.06,C,COVERAGE,0.754592,0.025,0.729592,low_projected_minutes; thin_projection_gap,
,b0a650ab19c43a3eb418,2026-05-07,Jaylin Williams,OKC,LAL,LAL@OKC,"May 7, 9:30 PM",PRA,UNDER,9.5,9.53,0.03,0.796455,0.76899,89.06,C,COVERAGE,0.754309,0.025,0.729309,low_projected_minutes; projection_side_split; thin_projection_gap,
,f458bb6c86e381de68b6,2026-05-07,Donovan Mitchell,CLE,DET,CLE@DET,"May 7, 7:00 PM",PRA,UNDER,33.5,33.89,0.39,0.662772,0.58482,89.06,C,COVERAGE,0.754062,0,0.754062,projection_side_split; thin_projection_gap,
,5761079e024f10dafd16,2026-05-07,Isaiah Hartenstein,OKC,LAL,LAL@OKC,"May 7, 9:30 PM",REB,OVER,8.5,9.18,0.68,0.727636,0.592295,89.06,C,COVERAGE,0.753867,0.031,0.722867,,
,34326a9924a39173a2f8,2026-05-07,Evan Mobley,CLE,DET,CLE@DET,"May 7, 7:00 PM",PTS,UNDER,15.5,16.12,0.62,0.642649,0.565307,89.06,C,COVERAGE,0.753841,0,0.753841,projection_side_split,
,9954ab7031a2b883a403,2026-05-07,Luke Kennard,LAL,OKC,LAL@OKC,"May 7, 9:30 PM",PRA,UNDER,13.5,12.8,-0.7,0.717025,0.573663,89.06,C,COVERAGE,0.752865,0.07,0.682865,,
,59af041a086ba0ca5486,2026-05-07,Isaiah Stewart,DET,CLE,CLE@DET,"May 7, 7:00 PM",PRA,OVER,7.5,8.44,0.94,0.733525,0.734793,89.06,C,COVERAGE,0.75246,0,0.75246,low_projected_minutes,
,7a67b7aaa61c8a79b7c3,2026-05-07,Shai Gilgeous-Alexander,OKC,LAL,LAL@OKC,"May 7, 9:30 PM",PTS,UNDER,29.5,29.95,0.45,0.670817,0.551121,89.06,C,COVERAGE,0.752392,0.025,0.727392,projection_side_split; thin_projection_gap,
,9a036888a8b7576aa77f,2026-05-07,Ausar Thompson,DET,CLE,CLE@DET,"May 7, 7:00 PM",PR,UNDER,16.5,15.91,-0.59,0.67056,0.548302,89.06,C,COVERAGE,0.750684,0,0.750684,,
,96cf8096c4e71ad5d1ec,2026-05-07,Donovan Mitchell,CLE,DET,CLE@DET,"May 7, 7:00 PM",PTS,UNDER,25.5,25.14,-0.36,0.691538,0.527297,89.06,C,COVERAGE,0.750386,0,0.750386,thin_projection_gap,
,0d0c1e372dab0c0a37e5,2026-05-07,Luguentz Dort,OKC,LAL,LAL@OKC,"May 7, 9:30 PM",REB,OVER,2.5,3.12,0.62,0.734691,0.553102,89.06,C,COVERAGE,0.75015,0.031,0.71915,,
,f36768f0945a2e75879a,2026-05-07,Daniss Jenkins,DET,CLE,CLE@DET,"May 7, 7:00 PM",RA,OVER,5.5,5.76,0.26,0.77665,0.769143,89.06,C,COVERAGE,0.749982,0,0.749982,low_projected_minutes; thin_projection_gap,
,f184cb4f3a03318442b4,2026-05-07,Marcus Smart,LAL,OKC,LAL@OKC,"May 7, 9:30 PM",PRA,OVER,18.5,19.69,1.19,0.580323,0.505017,89.06,C,COVERAGE,0.749382,0.07,0.679382,,
,05745f2dfd6ed676aaad,2026-05-07,Deandre Ayton,LAL,OKC,LAL@OKC,"May 7, 9:30 PM",PA,UNDER,10.5,13.24,2.74,0.585944,0.588567,89.06,D,COVERAGE,0.748674,0.07,0.678674,projection_side_split,
,b81e1e91350f92f322e9,2026-05-07,Jaylin Williams,OKC,LAL,LAL@OKC,"May 7, 9:30 PM",PR,OVER,7.5,7.64,0.14,0.836928,0.691336,89.06,C,COVERAGE,0.748655,0.025,0.723655,low_projected_minutes; thin_projection_gap,
,090155bbef26385f6d6b,2026-05-07,Tobias Harris,DET,CLE,CLE@DET,"May 7, 7:00 PM",PTS,UNDER,17.5,16.85,-0.65,0.635327,0.531517,89.06,C,COVERAGE,0.748593,0,0.748593,,
,378cd4ecff29d18aac73,2026-05-07,LeBron James,LAL,OKC,LAL@OKC,"May 7, 9:30 PM",RA,UNDER,14.5,15.64,1.14,0.542461,0.557509,89.06,C,COVERAGE,0.748582,0.07,0.678582,projection_side_split,
,b042bd3f505497fc249d,2026-05-07,Shai Gilgeous-Alexander,OKC,LAL,LAL@OKC,"May 7, 9:30 PM",AST,UNDER,6.75,7.25,0.5,0.653696,0.535144,89.06,C,COVERAGE,0.748407,0.025,0.723407,projection_side_split,
,d07aa2145e9737f33fdf,2026-05-07,Chet Holmgren,OKC,LAL,LAL@OKC,"May 7, 9:30 PM",REB,UNDER,8.5,9.24,0.74,0.635988,0.545951,89.06,C,COVERAGE,0.748182,0.031,0.717182,projection_side_split,
,0b62d1da78bc6c02aba3,2026-05-07,Dean Wade,CLE,DET,CLE@DET,"May 7, 7:00 PM",REB,OVER,3.5,3.86,0.36,0.745976,0.567261,89.06,C,COVERAGE,0.747664,0.006,0.741664,thin_projection_gap,
,cd93d11cb7d7f1543b70,2026-05-07,Jaxson Hayes,LAL,OKC,LAL@OKC,"May 7, 9:30 PM",PR,UNDER,8.5,7.67,-0.83,0.742173,0.673203,89.06,C,COVERAGE,0.747461,0.07,0.677461,low_projected_minutes,
,1ffc7e8b795731e161e0,2026-05-07,Rui Hachimura,LAL,OKC,LAL@OKC,"May 7, 9:30 PM",PTS,OVER,12.5,13.2,0.7,0.626061,0.518668,89.06,C,COVERAGE,0.746459,0.07,0.676459,,
,6863d595280788e3bb0e,2026-05-07,Duncan Robinson,DET,CLE,CLE@DET,"May 7, 7:00 PM",PTS,OVER,11.5,11.29,-0.21,0.672668,0.581129,89.06,C,COVERAGE,0.746443,0,0.746443,projection_side_split; thin_projection_gap,
,8440990b3fc1bb95e315,2026-05-07,Ajay Mitchell,OKC,LAL,LAL@OKC,"May 7, 9:30 PM",THREES,UNDER,1.5,1.22,-0.28,0.683822,0.597148,89.06,C,COVERAGE,0.746043,0.025,0.721043,thin_projection_gap,
,05dc7e8c6668b8c8745c,2026-05-07,Alex Caruso,OKC,LAL,LAL@OKC,"May 7, 9:30 PM",PTS,OVER,6.5,6.09,-0.41,0.73711,0.591314,89.06,C,COVERAGE,0.746035,0.025,0.721035,low_projected_minutes; projection_side_split; thin_projection_gap,
,8cbf969fe5eda98f1f14,2026-05-07,Cade Cunningham,DET,CLE,CLE@DET,"May 7, 7:00 PM",AST,UNDER,9.5,8.84,-0.66,0.634508,0.508913,89.06,C,COVERAGE,0.745547,0,0.745547,,
,528f5bc8be33f3adb7c1,2026-05-07,Daniss Jenkins,DET,CLE,CLE@DET,"May 7, 7:00 PM",PRA,UNDER,15.5,14.22,-1.28,0.674925,0.564697,89.06,C,COVERAGE,0.745249,0,0.745249,low_projected_minutes,
,e73c9a546ebc3836af1c,2026-05-07,Rui Hachimura,LAL,OKC,LAL@OKC,"May 7, 9:30 PM",PRA,OVER,17.5,18.59,1.09,0.603681,0.498292,89.06,C,COVERAGE,0.744978,0.07,0.674978,,
,951cba3a9db76802b4fa,2026-05-07,Jake LaRavia,LAL,OKC,LAL@OKC,"May 7, 9:30 PM",REB,OVER,2.5,2.8,0.3,0.810288,0.633047,89.06,C,COVERAGE,0.744966,0.076,0.668966,low_projected_minutes; thin_projection_gap,
,61882b1305186f3a062d,2026-05-07,Isaiah Joe,OKC,LAL,LAL@OKC,"May 7, 9:30 PM",PTS,OVER,6.5,6.59,0.09,0.79561,0.618078,89.06,C,COVERAGE,0.744629,0.025,0.719629,low_projected_minutes; thin_projection_gap,
,3e498eab51b421ff56fe,2026-05-07,Cason Wallace,OKC,LAL,LAL@OKC,"May 7, 9:30 PM",PR,UNDER,9.5,8.59,-0.91,0.717326,0.603587,89.06,C,COVERAGE,0.744376,0.025,0.719376,low_projected_minutes,
,eaada60dfab17ba79f46,2026-05-07,Isaiah Hartenstein,OKC,LAL,LAL@OKC,"May 7, 9:30 PM",PR,OVER,16.5,16.73,0.23,0.746837,0.585505,89.06,C,COVERAGE,0.744373,0.025,0.719373,thin_projection_gap,
,6bd6f7e9b6e905d09350,2026-05-07,Alex Caruso,OKC,LAL,LAL@OKC,"May 7, 9:30 PM",REB,OVER,2.5,3.09,0.59,0.76217,0.546505,89.06,C,COVERAGE,0.744073,0.031,0.713073,low_projected_minutes,
,421e3d885a0f93909981,2026-05-07,Marcus Smart,LAL,OKC,LAL@OKC,"May 7, 9:30 PM",PR,UNDER,14.5,14.65,0.15,0.671279,0.582385,89.06,C,COVERAGE,0.743852,0.07,0.673852,projection_side_split; thin_projection_gap,
,c607d99e3387da5fd3a5,2026-05-07,James Harden,CLE,DET,CLE@DET,"May 7, 7:00 PM",PTS,OVER,19.5,20.26,0.76,0.610644,0.507822,89.06,C,COVERAGE,0.743766,0,0.743766,,
,3f5f20eb445e4b7de27e,2026-05-07,Cason Wallace,OKC,LAL,LAL@OKC,"May 7, 9:30 PM",REB,OVER,2.5,3.1,0.6,0.737409,0.558446,89.06,C,COVERAGE,0.743404,0.031,0.712404,low_projected_minutes,
,0069ca4a264a203db581,2026-05-07,Ausar Thompson,DET,CLE,CLE@DET,"May 7, 7:00 PM",PTS,UNDER,9.5,9.2,-0.3,0.6676,0.519396,89.06,C,COVERAGE,0.743371,0,0.743371,thin_projection_gap,
,0b09ed8387618ce865fc,2026-05-07,Ajay Mitchell,OKC,LAL,LAL@OKC,"May 7, 9:30 PM",RA,UNDER,7.5,7.77,0.27,0.648838,0.588287,89.06,C,COVERAGE,0.743239,0.025,0.718239,projection_side_split; thin_projection_gap,
,1ec31523f577f333df28,2026-05-07,Austin Reaves,LAL,OKC,LAL@OKC,"May 7, 9:30 PM",AST,UNDER,5.25,5.58,0.33,0.660615,0.518709,89.06,C,COVERAGE,0.742818,0.07,0.672818,projection_side_split; thin_projection_gap,
,de1256b4783dbed26dc3,2026-05-07,Cason Wallace,OKC,LAL,LAL@OKC,"May 7, 9:30 PM",PRA,UNDER,11.5,10.95,-0.55,0.714175,0.589597,89.06,C,COVERAGE,0.74225,0.025,0.71725,low_projected_minutes,
,0d558c23aa3f37ffa876,2026-05-07,Jaxson Hayes,LAL,OKC,LAL@OKC,"May 7, 9:30 PM",PTS,OVER,4.5,4,-0.5,0.776094,0.618811,89.06,C,COVERAGE,0.742152,0.07,0.672152,low_projected_minutes; projection_side_split,
,0e6e1ac1e23e42153864,2026-05-07,Deandre Ayton,LAL,OKC,LAL@OKC,"May 7, 9:30 PM",AST,UNDER,0.5,1.12,0.62,0.706483,0.576052,89.06,C,COVERAGE,0.742086,0.07,0.672086,projection_side_split,
,8a8c028301bc922d72fd,2026-05-07,Evan Mobley,CLE,DET,CLE@DET,"May 7, 7:00 PM",PA,OVER,18.5,19.61,1.11,0.567026,0.520015,89.06,C,COVERAGE,0.741955,0,0.741955,,
,e322a2aeb0dcec1a2dfb,2026-05-07,Shai Gilgeous-Alexander,OKC,LAL,LAL@OKC,"May 7, 9:30 PM",RA,UNDER,11.5,11.8,0.3,0.59615,0.600283,89.06,C,COVERAGE,0.741835,0.025,0.716835,projection_side_split; thin_projection_gap,
,be586ea8736d079eeef4,2026-05-07,Isaiah Joe,OKC,LAL,LAL@OKC,"May 7, 9:30 PM",PRA,OVER,8.5,9.3,0.8,0.742522,0.709195,89.06,C,COVERAGE,0.741763,0.025,0.716763,low_projected_minutes,
,5e05fd76fba318d8a923,2026-05-07,Alex Caruso,OKC,LAL,LAL@OKC,"May 7, 9:30 PM",THREES,UNDER,1.5,1.58,0.08,0.731176,0.663055,89.06,C,COVERAGE,0.741211,0.025,0.716211,low_projected_minutes; projection_side_split; thin_projection_gap,
,c1178ec9c77a0c55cedd,2026-05-07,Duncan Robinson,DET,CLE,CLE@DET,"May 7, 7:00 PM",PR,OVER,13.5,13.65,0.15,0.71413,0.571652,89.06,C,COVERAGE,0.740979,0,0.740979,thin_projection_gap,
,ce5e559d494bcbab2281,2026-05-07,Tobias Harris,DET,CLE,CLE@DET,"May 7, 7:00 PM",REB,OVER,6.5,6.66,0.16,0.653396,0.545216,89.06,C,COVERAGE,0.740696,0.006,0.734696,thin_projection_gap,
,00b401b16b37a0b53398,2026-05-07,James Harden,CLE,DET,CLE@DET,"May 7, 7:00 PM",PA,OVER,26.5,27.98,1.48,0.515339,0.467485,89.06,C,COVERAGE,0.740164,0,0.740164,,
,e3c55d02342064f89e9d,2026-05-07,Chet Holmgren,OKC,LAL,LAL@OKC,"May 7, 9:30 PM",PR,OVER,25.5,25.45,-0.05,0.694312,0.540832,89.06,C,COVERAGE,0.739564,0.025,0.714564,projection_side_split; thin_projection_gap,
,7e8917d232c0d7c07e11,2026-05-07,Cade Cunningham,DET,CLE,CLE@DET,"May 7, 7:00 PM",THREES,UNDER,2.5,2.25,-0.25,0.633719,0.580718,89.06,C,COVERAGE,0.739525,0,0.739525,thin_projection_gap,
,107d111ec68e434d915a,2026-05-07,Dean Wade,CLE,DET,CLE@DET,"May 7, 7:00 PM",PR,OVER,8.5,8.62,0.12,0.749613,0.585505,89.06,C,COVERAGE,0.739472,0,0.739472,thin_projection_gap,
,ad5535cf8266e19607d6,2026-05-07,Luguentz Dort,OKC,LAL,LAL@OKC,"May 7, 9:30 PM",PTS,OVER,6.5,6.58,0.08,0.709526,0.571354,89.06,C,COVERAGE,0.738776,0.025,0.713776,thin_projection_gap,
,49291c864ce013a893d3,2026-05-07,Marcus Smart,LAL,OKC,LAL@OKC,"May 7, 9:30 PM",PA,OVER,14.5,15.98,1.48,0.546563,0.452028,89.06,C,COVERAGE,0.73862,0.07,0.66862,,
,3b8ed2b16b2063942122,2026-05-07,Daniss Jenkins,DET,CLE,CLE@DET,"May 7, 7:00 PM",AST,UNDER,3.5,3.48,-0.02,0.744657,0.623249,89.06,C,COVERAGE,0.737398,0,0.737398,low_projected_minutes; thin_projection_gap,
,3416e0de7691973e8129,2026-05-07,Marcus Smart,LAL,OKC,LAL@OKC,"May 7, 9:30 PM",REB,OVER,3.5,3.61,0.11,0.660021,0.553826,89.06,C,COVERAGE,0.736761,0.076,0.660761,thin_projection_gap,
,6ab25aaea154b9dc37c2,2026-05-07,Jaylin Williams,OKC,LAL,LAL@OKC,"May 7, 9:30 PM",PA,UNDER,5.5,5.14,-0.36,0.803346,0.750271,89.06,C,COVERAGE,0.736728,0.025,0.711728,low_projected_minutes; minimum_book_depth; thin_projection_gap,
,352b504ef881ad45fa8a,2026-05-07,Jaylon Tyson,CLE,DET,CLE@DET,"May 7, 7:00 PM",PTS,OVER,6.5,6.18,-0.32,0.770945,0.57716,89.06,C,COVERAGE,0.736511,0,0.736511,low_projected_minutes; projection_side_split; thin_projection_gap,
,b45ed60e4a419972dac5,2026-05-07,Donovan Mitchell,CLE,DET,CLE@DET,"May 7, 7:00 PM",PR,OVER,29.5,29.52,0.02,0.641137,0.556699,89.06,C,COVERAGE,0.736364,0,0.736364,thin_projection_gap,
,47d156ee9eb4deced854,2026-05-07,Daniss Jenkins,DET,CLE,CLE@DET,"May 7, 7:00 PM",PTS,UNDER,9.5,8.38,-1.12,0.643378,0.49834,89.06,C,COVERAGE,0.736014,0,0.736014,low_projected_minutes,
,aa44964a681511d73c73,2026-05-07,Jalen Duren,DET,CLE,CLE@DET,"May 7, 7:00 PM",RA,UNDER,13.5,13.23,-0.27,0.618702,0.543722,89.06,C,COVERAGE,0.735909,0,0.735909,thin_projection_gap,
,5533dca657f01369576f,2026-05-07,Jake LaRavia,LAL,OKC,LAL@OKC,"May 7, 9:30 PM",PR,UNDER,6.5,6,-0.5,0.753337,0.638493,89.06,C,COVERAGE,0.735811,0.07,0.665811,low_projected_minutes,
,931d2f7bc6d4d65d5378,2026-05-07,Shai Gilgeous-Alexander,OKC,LAL,LAL@OKC,"May 7, 9:30 PM",REB,UNDER,3.5,4.32,0.82,0.577154,0.47925,89.06,C,COVERAGE,0.735337,0.031,0.704337,projection_side_split,
,0bd21bdec1a107373840,2026-05-07,Austin Reaves,LAL,OKC,LAL@OKC,"May 7, 9:30 PM",REB,OVER,4.5,4.54,0.04,0.682171,0.489081,89.06,C,COVERAGE,0.734817,0.076,0.658817,thin_projection_gap,
,4bc4ec7576997e2b9b49,2026-05-07,Austin Reaves,LAL,OKC,LAL@OKC,"May 7, 9:30 PM",PR,OVER,23.5,23.62,0.12,0.68201,0.474021,89.06,C,COVERAGE,0.734813,0.07,0.664813,thin_projection_gap,
,d3b0f383ddf1e78ebcf0,2026-05-07,Duncan Robinson,DET,CLE,CLE@DET,"May 7, 7:00 PM",REB,OVER,2.5,2.44,-0.06,0.702405,0.559132,89.06,C,COVERAGE,0.734716,0.006,0.728716,projection_side_split; thin_projection_gap,
,6141fc141c75df9606b2,2026-05-07,Jaylon Tyson,CLE,DET,CLE@DET,"May 7, 7:00 PM",PRA,OVER,11.5,11.6,0.1,0.730369,0.691814,89.06,C,COVERAGE,0.734392,0,0.734392,low_projected_minutes; thin_projection_gap,
,2610f4afb34bd1b0de14,2026-05-07,Luguentz Dort,OKC,LAL,LAL@OKC,"May 7, 9:30 PM",PR,UNDER,10.5,9.96,-0.54,0.702421,0.52629,89.06,C,COVERAGE,0.733454,0.025,0.708454,,
,a9a1b1850e730a32a66b,2026-05-07,Luke Kennard,LAL,OKC,LAL@OKC,"May 7, 9:30 PM",AST,OVER,1.5,2.61,1.11,0.674104,0.475119,89.06,C,COVERAGE,0.732277,0.07,0.662277,,
,b1c51e7cc09a4de89b93,2026-05-07,Austin Reaves,LAL,OKC,LAL@OKC,"May 7, 9:30 PM",PRA,OVER,28.5,29.15,0.65,0.590869,0.466043,89.06,C,COVERAGE,0.731424,0.07,0.661424,,
,a59bd5e0277af8ae45f8,2026-05-07,Chet Holmgren,OKC,LAL,LAL@OKC,"May 7, 9:30 PM",PTS,UNDER,16.5,16.12,-0.38,0.594652,0.542861,89.06,C,COVERAGE,0.730709,0.025,0.705709,thin_projection_gap,
,448e6d8af6b7798f6a76,2026-05-07,Max Strus,CLE,DET,CLE@DET,"May 7, 7:00 PM",REB,OVER,4.5,4.5,0,0.711167,0.545734,89.06,C,COVERAGE,0.730401,0.006,0.724401,thin_projection_gap,
,60d7a3b298087c4e1194,2026-05-07,Duncan Robinson,DET,CLE,CLE@DET,"May 7, 7:00 PM",RA,UNDER,4.5,4.83,0.33,0.650265,0.575203,89.06,C,COVERAGE,0.729781,0,0.729781,projection_side_split; thin_projection_gap,
,ea90182b9a42ac5f7239,2026-05-07,Austin Reaves,LAL,OKC,LAL@OKC,"May 7, 9:30 PM",PA,OVER,23.5,24.5,1,0.540608,0.450333,89.06,C,COVERAGE,0.729511,0.07,0.659511,,
,829b03785273da21a054,2026-05-07,Max Strus,CLE,DET,CLE@DET,"May 7, 7:00 PM",PR,UNDER,14.5,13.93,-0.57,0.681712,0.539952,89.06,C,COVERAGE,0.729489,0,0.729489,,
,be66a61065388f4f4e4d,2026-05-07,Austin Reaves,LAL,OKC,LAL@OKC,"May 7, 9:30 PM",PTS,OVER,18.5,18.99,0.49,0.607147,0.460676,89.06,C,COVERAGE,0.729336,0.07,0.659336,thin_projection_gap,
,33037496d22cc7dd1cac,2026-05-07,Duncan Robinson,DET,CLE,CLE@DET,"May 7, 7:00 PM",PRA,OVER,16.5,16.2,-0.3,0.641721,0.54974,89.06,C,COVERAGE,0.728878,0,0.728878,projection_side_split; thin_projection_gap,
,02cfa4bfdd9a2e35e64a,2026-05-07,Daniss Jenkins,DET,CLE,CLE@DET,"May 7, 7:00 PM",REB,OVER,2.5,2.36,-0.14,0.75343,0.596145,89.06,C,COVERAGE,0.728382,0.006,0.722382,low_projected_minutes; projection_side_split; thin_projection_gap,
,d77bc91b49558eed1511,2026-05-07,Jaylon Tyson,CLE,DET,CLE@DET,"May 7, 7:00 PM",PA,UNDER,8.5,8.1,-0.4,0.746189,0.676536,89.06,C,COVERAGE,0.7281,0,0.7281,low_projected_minutes; thin_projection_gap,
,a4e27f8a30ed84d3a0d7,2026-05-07,Chet Holmgren,OKC,LAL,LAL@OKC,"May 7, 9:30 PM",PRA,OVER,27.5,27.28,-0.22,0.611158,0.528397,89.06,C,COVERAGE,0.727389,0.025,0.702389,projection_side_split; thin_projection_gap,
,0e7ca64786baedcde908,2026-05-07,Alex Caruso,OKC,LAL,LAL@OKC,"May 7, 9:30 PM",PA,UNDER,8.5,8.2,-0.3,0.713198,0.652659,89.06,C,COVERAGE,0.727386,0.025,0.702386,low_projected_minutes; thin_projection_gap,
,73cc0c2bdc9c6acb8598,2026-05-07,Luguentz Dort,OKC,LAL,LAL@OKC,"May 7, 9:30 PM",AST,UNDER,1.5,1.47,-0.03,0.715916,0.629416,89.06,C,COVERAGE,0.726721,0.025,0.701721,thin_projection_gap,
,5f23d9238f5706a6d8ca,2026-05-07,LeBron James,LAL,OKC,LAL@OKC,"May 7, 9:30 PM",REB,UNDER,6.5,7.12,0.62,0.541117,0.501274,89.06,C,COVERAGE,0.726601,0.076,0.650601,projection_side_split,
,57530383de452ed1cae5,2026-05-07,Luguentz Dort,OKC,LAL,LAL@OKC,"May 7, 9:30 PM",PRA,UNDER,11.5,11.35,-0.15,0.699415,0.551315,89.06,C,COVERAGE,0.726017,0.025,0.701017,thin_projection_gap,
,de07dae77a99dde80aac,2026-05-07,Daniss Jenkins,DET,CLE,CLE@DET,"May 7, 7:00 PM",PA,UNDER,12.5,11.74,-0.76,0.687458,0.580071,89.06,C,COVERAGE,0.72579,0,0.72579,low_projected_minutes,
,dd9cd4de6dc0b1526943,2026-05-07,LeBron James,LAL,OKC,LAL@OKC,"May 7, 9:30 PM",AST,OVER,7.5,8.45,0.95,0.505436,0.475626,89.06,C,COVERAGE,0.725387,0.07,0.655387,,
,132f05cc252f161fb1bd,2026-05-07,Ausar Thompson,DET,CLE,CLE@DET,"May 7, 7:00 PM",REB,UNDER,6.5,6.62,0.12,0.59577,0.511517,89.06,C,COVERAGE,0.724539,0.006,0.718539,projection_side_split; thin_projection_gap,
,3be1444246c591e1c47c,2026-05-07,Dean Wade,CLE,DET,CLE@DET,"May 7, 7:00 PM",PTS,OVER,4.5,4.68,0.18,0.677525,0.52428,89.06,C,COVERAGE,0.724525,0,0.724525,thin_projection_gap,
,d12cff78c94325e53dba,2026-05-07,Ajay Mitchell,OKC,LAL,LAL@OKC,"May 7, 9:30 PM",REB,UNDER,3.5,3.61,0.11,0.599594,0.545496,89.06,C,COVERAGE,0.724118,0.031,0.693118,projection_side_split; thin_projection_gap,
,e9a0376be9b76b7a95ad,2026-05-07,Isaiah Joe,OKC,LAL,LAL@OKC,"May 7, 9:30 PM",REB,OVER,1.5,1.79,0.29,0.830795,0.628153,89.06,C,COVERAGE,0.722706,0.031,0.691706,low_projected_minutes; minimum_book_depth; thin_projection_gap,
,811ca33a88f96784082b,2026-05-07,Jarrett Allen,CLE,DET,CLE@DET,"May 7, 7:00 PM",PA,OVER,12.5,13.53,1.03,0.575646,0.518204,89.06,C,COVERAGE,0.72187,0,0.72187,,
,ecba89e4b7787dd55ed4,2026-05-07,Isaiah Hartenstein,OKC,LAL,LAL@OKC,"May 7, 9:30 PM",AST,OVER,2.5,3.23,0.73,0.642975,0.498682,89.06,C,COVERAGE,0.721856,0.025,0.696856,,
,2ba4c6324c527130cfa1,2026-05-07,Duncan Robinson,DET,CLE,CLE@DET,"May 7, 7:00 PM",AST,OVER,1.5,2.29,0.79,0.576328,0.524542,89.06,C,COVERAGE,0.721646,0,0.721646,,
,99fc79c961fab1afeebe,2026-05-07,Donovan Mitchell,CLE,DET,CLE@DET,"May 7, 7:00 PM",AST,OVER,3.5,4.28,0.78,0.508604,0.498072,89.06,C,COVERAGE,0.719567,0,0.719567,,
,5c0e7981de4b682f70a4,2026-05-07,Cason Wallace,OKC,LAL,LAL@OKC,"May 7, 9:30 PM",PA,OVER,8.5,7.75,-0.75,0.642025,0.550035,89.06,C,COVERAGE,0.719057,0.025,0.694057,low_projected_minutes; projection_side_split,
,8c1302c99122ce724782,2026-05-07,Dean Wade,CLE,DET,CLE@DET,"May 7, 7:00 PM",PRA,OVER,9.5,9.71,0.21,0.671297,0.516038,89.06,C,COVERAGE,0.71805,0,0.71805,thin_projection_gap,
,ca84d7ea59a609bb4e1a,2026-05-07,Jaylin Williams,OKC,LAL,LAL@OKC,"May 7, 9:30 PM",PTS,UNDER,4.5,3.45,-1.05,0.651589,0.459229,89.06,C,COVERAGE,0.717066,0.025,0.692066,low_projected_minutes,
,59988c0004dacdb7b5b8,2026-05-07,Jarrett Allen,CLE,DET,CLE@DET,"May 7, 7:00 PM",AST,UNDER,1.5,1.56,0.06,0.668866,0.579869,89.06,C,COVERAGE,0.716416,0,0.716416,projection_side_split; thin_projection_gap,
,c4ddbd39cf9426b27c9c,2026-05-07,Luguentz Dort,OKC,LAL,LAL@OKC,"May 7, 9:30 PM",RA,UNDER,4.5,4.69,0.19,0.703452,0.540229,89.06,C,COVERAGE,0.716258,0.025,0.691258,projection_side_split; thin_projection_gap,
,ce1853c9e4a15bcc246c,2026-05-07,Max Strus,CLE,DET,CLE@DET,"May 7, 7:00 PM",PTS,UNDER,9.5,9.34,-0.16,0.629166,0.518513,89.06,C,COVERAGE,0.716096,0,0.716096,thin_projection_gap,
,b471354557a7edff9b89,2026-05-07,Luguentz Dort,OKC,LAL,LAL@OKC,"May 7, 9:30 PM",PA,OVER,8.5,8.14,-0.36,0.642229,0.548881,89.06,C,COVERAGE,0.715983,0.025,0.690983,projection_side_split; thin_projection_gap,
,bb950d0743c1301bd005,2026-05-07,Rui Hachimura,LAL,OKC,LAL@OKC,"May 7, 9:30 PM",PA,OVER,14.5,14.55,0.05,0.6069,0.513916,89.06,C,COVERAGE,0.715012,0.07,0.645012,thin_projection_gap,
,6727f59fc6ea4f9c2585,2026-05-07,Max Strus,CLE,DET,CLE@DET,"May 7, 7:00 PM",AST,OVER,1.5,2.42,0.92,0.642975,0.487026,89.06,C,COVERAGE,0.71444,0,0.71444,,
,26b286067a5f825cddb0,2026-05-07,Dennis Schröder,CLE,DET,CLE@DET,"May 7, 7:00 PM",PTS,UNDER,5.5,6.26,0.76,0.620542,0.53467,89.06,C,COVERAGE,0.714306,0,0.714306,low_projected_minutes; projection_side_split,
,aca606a01f7da4063c33,2026-05-07,Duncan Robinson,DET,CLE,CLE@DET,"May 7, 7:00 PM",PA,OVER,13.5,13.68,0.18,0.611271,0.505033,89.06,C,COVERAGE,0.713938,0,0.713938,thin_projection_gap,
,ea9518b713237cc801d9,2026-05-07,Rui Hachimura,LAL,OKC,LAL@OKC,"May 7, 9:30 PM",AST,OVER,0.5,1.09,0.59,0.577009,0.509825,89.06,C,COVERAGE,0.713458,0.07,0.643458,,
,fa930e389dd7839acba3,2026-05-07,Luke Kennard,LAL,OKC,LAL@OKC,"May 7, 9:30 PM",PA,OVER,10.5,10.01,-0.49,0.668948,0.49783,89.06,C,COVERAGE,0.712995,0.07,0.642995,projection_side_split; thin_projection_gap,
,7cae758b88ff46715964,2026-05-07,Tobias Harris,DET,CLE,CLE@DET,"May 7, 7:00 PM",AST,OVER,1.5,1.72,0.22,0.568643,0.509825,89.06,C,COVERAGE,0.712086,0,0.712086,thin_projection_gap,
,81cb5ee228ed0d872981,2026-05-07,Donovan Mitchell,CLE,DET,CLE@DET,"May 7, 7:00 PM",PA,OVER,29.5,29.51,0.01,0.546357,0.502574,89.06,C,COVERAGE,0.711459,0,0.711459,thin_projection_gap,
,9c6b75f24d95cf5a68c4,2026-05-07,Jared McCain,OKC,LAL,LAL@OKC,"May 7, 9:30 PM",PRA,UNDER,6.5,6.73,0.23,0.761856,0.646391,89.06,C,COVERAGE,0.71125,0.025,0.68625,low_projected_minutes; minimum_book_depth; projection_side_split; thin_projection_gap,
,eae96c501a9d7d2a7f74,2026-05-07,Alex Caruso,OKC,LAL,LAL@OKC,"May 7, 9:30 PM",PRA,OVER,11.5,11.39,-0.11,0.660672,0.529727,89.06,C,COVERAGE,0.710654,0.025,0.685654,low_projected_minutes; projection_side_split; thin_projection_gap,
,196d15378c271cbc9146,2026-05-07,Isaiah Stewart,DET,CLE,CLE@DET,"May 7, 7:00 PM",PTS,UNDER,3.5,4.29,0.79,0.628655,0.526164,89.06,C,COVERAGE,0.710376,0,0.710376,low_projected_minutes; projection_side_split,
,7d4e0d67b78be1b15cbb,2026-05-07,Isaiah Stewart,DET,CLE,CLE@DET,"May 7, 7:00 PM",REB,UNDER,2.5,3.28,0.78,0.614899,0.471288,89.06,C,COVERAGE,0.70995,0.006,0.70395,low_projected_minutes; projection_side_split,
,423befd2703fd7b0ef98,2026-05-07,Ausar Thompson,DET,CLE,CLE@DET,"May 7, 7:00 PM",AST,OVER,3.5,3.58,0.08,0.538112,0.485652,89.06,C,COVERAGE,0.709473,0,0.709473,thin_projection_gap,
,a5c2f3d03c26465c9376,2026-05-07,Isaiah Hartenstein,OKC,LAL,LAL@OKC,"May 7, 9:30 PM",PA,OVER,10.5,10.79,0.29,0.630236,0.509567,89.06,C,COVERAGE,0.709353,0.025,0.684353,thin_projection_gap,
,a833c29aae08beb05aff,2026-05-07,Max Strus,CLE,DET,CLE@DET,"May 7, 7:00 PM",PRA,OVER,16.5,16.43,-0.07,0.650789,0.528566,89.06,C,COVERAGE,0.708996,0,0.708996,projection_side_split; thin_projection_gap,
,de2c3c4d8f9e0c1d4754,2026-05-07,Jaylon Tyson,CLE,DET,CLE@DET,"May 7, 7:00 PM",AST,UNDER,1.5,1.85,0.35,0.707535,0.558816,89.06,C,COVERAGE,0.708329,0,0.708329,low_projected_minutes; projection_side_split; thin_projection_gap,
,48d754453f2178e0f6ee,2026-05-07,Luke Kennard,LAL,OKC,LAL@OKC,"May 7, 9:30 PM",REB,UNDER,2.5,2.69,0.19,0.639804,0.482402,89.06,C,COVERAGE,0.707589,0.076,0.631589,projection_side_split; thin_projection_gap,
,c6a2b9a3240dbf03ed00,2026-05-07,Evan Mobley,CLE,DET,CLE@DET,"May 7, 7:00 PM",AST,OVER,3.5,3.59,0.09,0.538112,0.505156,89.06,C,COVERAGE,0.70747,0,0.70747,thin_projection_gap,
,5919cfb40c9ff78f4fce,2026-05-07,Ajay Mitchell,OKC,LAL,LAL@OKC,"May 7, 9:30 PM",PR,UNDER,19.5,18.12,-1.38,0.578665,0.581653,89.06,D,COVERAGE,0.706279,0.025,0.681279,baseline_source,
,25d1b75fe42ea9bb0fc8,2026-05-07,Ajay Mitchell,OKC,LAL,LAL@OKC,"May 7, 9:30 PM",PA,OVER,19.5,18.56,-0.94,0.547802,0.569097,89.06,D,COVERAGE,0.705233,0.025,0.680233,projection_side_split,
,349e064beb9b5ce6ee40,2026-05-07,Alex Caruso,OKC,LAL,LAL@OKC,"May 7, 9:30 PM",PR,UNDER,9.5,9.26,-0.24,0.671867,0.546007,89.06,C,COVERAGE,0.703415,0.025,0.678415,low_projected_minutes; thin_projection_gap,
,aaddaf0789723e939635,2026-05-07,Jalen Duren,DET,CLE,CLE@DET,"May 7, 7:00 PM",AST,OVER,2.5,2.5,0,0.524652,0.517571,89.06,C,COVERAGE,0.703119,0,0.703119,thin_projection_gap,
,12e3c16824e07da5be01,2026-05-07,Jake LaRavia,LAL,OKC,LAL@OKC,"May 7, 9:30 PM",PTS,UNDER,3.5,3.11,-0.39,0.676072,0.5245,89.06,C,COVERAGE,0.703011,0.07,0.633011,low_projected_minutes; thin_projection_gap,
,d6cfac8e36f703812fbd,2026-05-07,Chet Holmgren,OKC,LAL,LAL@OKC,"May 7, 9:30 PM",AST,OVER,1.5,1.75,0.25,0.544372,0.499921,89.06,C,COVERAGE,0.702181,0.025,0.677181,thin_projection_gap,
,340d0c2de6b667fddc1e,2026-05-07,Dennis Schröder,CLE,DET,CLE@DET,"May 7, 7:00 PM",PRA,OVER,9.5,11,1.5,0.636389,0.602147,89.06,D,COVERAGE,0.701339,0,0.701339,low_projected_minutes,
,0387234c00ac128619e6,2026-05-07,Dean Wade,CLE,DET,CLE@DET,"May 7, 7:00 PM",AST,OVER,0.5,1.02,0.52,0.634509,0.514764,89.06,C,COVERAGE,0.699517,0,0.699517,,
,519cc0df521488637704,2026-05-07,Max Strus,CLE,DET,CLE@DET,"May 7, 7:00 PM",PA,OVER,11.5,11.86,0.36,0.624343,0.509567,89.06,C,COVERAGE,0.699309,0,0.699309,thin_projection_gap,
,d8bbe7fc75550b036c3e,2026-05-07,Isaiah Hartenstein,OKC,LAL,LAL@OKC,"May 7, 9:30 PM",PTS,UNDER,7.5,7.46,-0.04,0.546521,0.517854,89.06,C,COVERAGE,0.698778,0.025,0.673778,thin_projection_gap,
,e45340b0a564c0c0a5e5,2026-05-07,Dean Wade,CLE,DET,CLE@DET,"May 7, 7:00 PM",PA,OVER,5.5,5.77,0.27,0.641389,0.509957,89.06,C,COVERAGE,0.698415,0,0.698415,thin_projection_gap,
,6f2759888f0d97149c72,2026-05-07,Tobias Harris,DET,CLE,CLE@DET,"May 7, 7:00 PM",THREES,UNDER,1.5,1.47,-0.03,0.589001,0.590545,89.06,D,COVERAGE,0.696984,0,0.696984,thin_projection_gap,
,9c212657e5abef5d7698,2026-05-07,Jaylin Williams,OKC,LAL,LAL@OKC,"May 7, 9:30 PM",AST,OVER,1.5,1.81,0.31,0.737298,0.473357,89.06,C,COVERAGE,0.694738,0.025,0.669738,low_projected_minutes; thin_projection_gap,
,83f07fa6f5ed537cf12c,2026-05-07,Cade Cunningham,DET,CLE,CLE@DET,"May 7, 7:00 PM",REB,UNDER,5.5,5.43,-0.07,0.500628,0.458599,89.06,C,COVERAGE,0.693672,0.006,0.687672,thin_projection_gap,
,28f0583a37eacc7f2749,2026-05-07,Ausar Thompson,DET,CLE,CLE@DET,"May 7, 7:00 PM",PA,UNDER,13.5,12.87,-0.63,0.562651,0.553648,89.06,D,COVERAGE,0.693076,0,0.693076,,
,0aa654eb1e027344b3ce,2026-05-07,Dennis Schröder,CLE,DET,CLE@DET,"May 7, 7:00 PM",AST,OVER,1.5,2.93,1.43,0.57921,0.549366,89.06,D,COVERAGE,0.69179,0,0.69179,low_projected_minutes,
,2d8d53952ae0e882325d,2026-05-07,Ajay Mitchell,OKC,LAL,LAL@OKC,"May 7, 9:30 PM",PRA,OVER,23.5,22.27,-1.23,0.538303,0.553765,89.06,D,COVERAGE,0.69111,0.025,0.66611,baseline_source; projection_side_split,
,a7a805dadf6b46094fc0,2026-05-07,Chet Holmgren,OKC,LAL,LAL@OKC,"May 7, 9:30 PM",THREES,UNDER,1.5,1.54,0.04,0.591638,0.598052,89.06,D,COVERAGE,0.688827,0.025,0.663827,projection_side_split; thin_projection_gap,
,439d923c66e7133fbbbf,2026-05-07,Daniss Jenkins,DET,CLE,CLE@DET,"May 7, 7:00 PM",PR,UNDER,11.5,10.62,-0.88,0.599221,0.607126,89.06,D,COVERAGE,0.686895,0,0.686895,low_projected_minutes,
,a7816616690f4067973b,2026-05-07,Ronald Holland II,DET,CLE,CLE@DET,"May 7, 7:00 PM",PRA,OVER,5.5,6.67,1.17,0.704302,0.614624,89.06,C,COVERAGE,0.68651,0,0.68651,low_projected_minutes; minimum_book_depth,
,5b6dfe3f0918f880fed9,2026-05-07,Luke Kennard,LAL,OKC,LAL@OKC,"May 7, 9:30 PM",PTS,UNDER,8.5,7.34,-1.16,0.627995,0.408555,89.06,D,COVERAGE,0.685991,0.07,0.615991,,
,f33baed4281be43389c5,2026-05-07,Ronald Holland II,DET,CLE,CLE@DET,"May 7, 7:00 PM",PTS,OVER,3.5,3.98,0.48,0.70378,0.509492,89.06,C,COVERAGE,0.678297,0,0.678297,low_projected_minutes; thin_projection_gap,
,1ec5c0b5b864e52180d7,2026-05-07,Cason Wallace,OKC,LAL,LAL@OKC,"May 7, 9:30 PM",RA,OVER,4.5,5.46,0.96,0.57764,0.579247,89.06,D,COVERAGE,0.677158,0.025,0.652158,low_projected_minutes,
,34d6b9aefcaf1a4bf864,2026-05-07,Ronald Holland II,DET,CLE,CLE@DET,"May 7, 7:00 PM",PR,OVER,5.5,6.08,0.58,0.743662,0.559273,89.06,C,COVERAGE,0.675112,0,0.675112,low_projected_minutes,
,49426a9e221d74dec300,2026-05-07,Dean Wade,CLE,DET,CLE@DET,"May 7, 7:00 PM",RA,OVER,4.5,4.95,0.45,0.569197,0.578336,89.06,D,COVERAGE,0.674794,0,0.674794,thin_projection_gap,
,98954b1a57440fbac7a5,2026-05-07,Ausar Thompson,DET,CLE,CLE@DET,"May 7, 7:00 PM",RA,UNDER,10.5,10.28,-0.22,0.542325,0.570883,89.06,D,COVERAGE,0.672897,0,0.672897,baseline_source; thin_projection_gap,
,fbaf5056da004478d503,2026-05-07,LeBron James,LAL,OKC,LAL@OKC,"May 7, 9:30 PM",THREES,OVER,1.5,1.76,0.26,0.545334,0.555305,89.06,D,COVERAGE,0.672324,0.07,0.602324,baseline_source; thin_projection_gap,
,02782c64a1a497aa0905,2026-05-07,Dennis Schröder,CLE,DET,CLE@DET,"May 7, 7:00 PM",PR,OVER,7.5,7.98,0.48,0.667437,0.590891,89.06,D,COVERAGE,0.663151,0,0.663151,low_projected_minutes; thin_projection_gap,
,1a967c1e70bbcf2f7671,2026-05-07,Luke Kennard,LAL,OKC,LAL@OKC,"May 7, 9:30 PM",PR,OVER,11.5,10.12,-1.38,0.530005,0.482326,89.06,D,COVERAGE,0.661548,0.07,0.591548,baseline_source; projection_side_split,
,222e130ca11b8c27afa3,2026-05-07,Jaylon Tyson,CLE,DET,CLE@DET,"May 7, 7:00 PM",REB,UNDER,3.5,3.58,0.08,0.505404,0.413452,89.06,C,COVERAGE,0.659394,0.006,0.653394,low_projected_minutes; projection_side_split; thin_projection_gap,
,895e83e67fc23a719884,2026-05-07,Dennis Schröder,CLE,DET,CLE@DET,"May 7, 7:00 PM",PA,UNDER,8.5,9.49,0.99,0.518236,0.512521,89.06,D,COVERAGE,0.653923,0,0.653923,low_projected_minutes; projection_side_split,
,3e056298bce409611693,2026-05-07,Max Strus,CLE,DET,CLE@DET,"May 7, 7:00 PM",RA,OVER,6.5,7.02,0.52,0.590085,0.588539,89.06,D,COVERAGE,0.650465,0,0.650465,baseline_source,
,8f3a59efce27d5af2485,2026-05-07,Dennis Schröder,CLE,DET,CLE@DET,"May 7, 7:00 PM",THREES,UNDER,0.5,0.69,0.19,0.561458,0.563657,89.06,D,COVERAGE,0.647529,0,0.647529,low_projected_minutes; projection_side_split; thin_projection_gap,
,2d9e9b50ad6a50bdb702,2026-05-07,Dennis Schröder,CLE,DET,CLE@DET,"May 7, 7:00 PM",REB,UNDER,1.5,1.63,0.13,0.519011,0.434349,89.06,C,COVERAGE,0.640186,0.006,0.634186,low_projected_minutes; projection_side_split; thin_projection_gap,
