gameDateEt,market,line,overLine,underLine,overPrice,underPrice,playerName,matchup,source,sourceUrl,actualValue
2026-02-19,THREES,1.5,1.5,1.5,-152,116,Nikola Jokic,DEN @ LAC Thu 2/19 11:30pm ET,scoresandodds-player-page,https://www.scoresandodds.com/prop-bets/31812/nikola-jokic,0
2026-02-20,THREES,1.5,1.5,1.5,-147,111,Nikola Jokic,DEN @ POR Fri 2/20 11:00pm ET,scoresandodds-player-page,https://www.scoresandodds.com/prop-bets/31812/nikola-jokic,3
2026-02-22,THREES,1.5,1.5,1.5,-123,-107,Nikola Jokic,DEN @ GSW Sun 2/22 4:30pm ET,scoresandodds-player-page,https://www.scoresandodds.com/prop-bets/31812/nikola-jokic,3
2026-02-25,THREES,1.5,1.5,1.5,-135,103,Nikola Jokic,BOS @ DEN Wed 2/25 11:00pm ET,scoresandodds-player-page,https://www.scoresandodds.com/prop-bets/31812/nikola-jokic,4
2026-02-27,THREES,1.5,1.5,1.5,-142,108,Nikola Jokic,DEN @ OKC Fri 2/27 10:30pm ET,scoresandodds-player-page,https://www.scoresandodds.com/prop-bets/31812/nikola-jokic,2
2026-03-01,THREES,1.5,1.5,1.5,-183,138,Nikola Jokic,MIN @ DEN Sun 3/1 4:30pm ET,scoresandodds-player-page,https://www.scoresandodds.com/prop-bets/31812/nikola-jokic,1
2026-03-02,THREES,2.5,2.5,2.5,136,-181,Nikola Jokic,DEN @ UTA Mon 3/2 10:00pm ET,scoresandodds-player-page,https://www.scoresandodds.com/prop-bets/31812/nikola-jokic,0
2026-03-05,THREES,1.5,1.5,1.5,-164,124,Nikola Jokic,LAL @ DEN Thu 3/5 11:00pm ET,scoresandodds-player-page,https://www.scoresandodds.com/prop-bets/31812/nikola-jokic,0
2026-03-06,THREES,1.5,1.5,1.5,-157,119,Nikola Jokic,NYK @ DEN Fri 3/6 10:00pm ET,scoresandodds-player-page,https://www.scoresandodds.com/prop-bets/31812/nikola-jokic,1
