date,rule,selectedLegsOnDay,comboIndex,legA_rank,legA_player,legA_team,legA_market,legA_side,legA_line,legA_correct,legB_rank,legB_player,legB_team,legB_market,legB_side,legB_line,legB_correct,combo_hit
2025-10-30,daily_top3_non_pts_else_top2_combo_v1,3,1,2,LaMelo Ball,CHA,PRA,OVER,36.5,True,3,Kel'el Ware,MIA,REB,UNDER,7.75,True,True
2025-10-30,daily_top3_non_pts_else_top2_combo_v1,3,2,2,LaMelo Ball,CHA,PRA,OVER,36.5,True,5,Khris Middleton,WAS,REB,UNDER,3.5,True,True
2025-10-30,daily_top3_non_pts_else_top2_combo_v1,3,3,3,Kel'el Ware,MIA,REB,UNDER,7.75,True,5,Khris Middleton,WAS,REB,UNDER,3.5,True,True
2025-10-31,daily_top3_non_pts_else_top2_combo_v1,3,1,3,Toumani Camara,POR,PRA,UNDER,22.5,True,4,Karl-Anthony Towns,NYK,REB,UNDER,11.5,True,True
2025-10-31,daily_top3_non_pts_else_top2_combo_v1,3,2,3,Toumani Camara,POR,PRA,UNDER,22.5,True,5,Dyson Daniels,ATL,REB,OVER,6.5,True,True
2025-10-31,daily_top3_non_pts_else_top2_combo_v1,3,3,4,Karl-Anthony Towns,NYK,REB,UNDER,11.5,True,5,Dyson Daniels,ATL,REB,OVER,6.5,True,True
2025-11-01,daily_top3_non_pts_else_top2_combo_v1,3,1,2,Payton Pritchard,BOS,PRA,UNDER,31.5,True,3,Nique Clifford,SAC,AST,UNDER,0.5,True,True
2025-11-01,daily_top3_non_pts_else_top2_combo_v1,3,2,2,Payton Pritchard,BOS,PRA,UNDER,31.5,True,5,Amen Thompson,HOU,AST,OVER,6.25,True,True
2025-11-01,daily_top3_non_pts_else_top2_combo_v1,3,3,3,Nique Clifford,SAC,AST,UNDER,0.5,True,5,Amen Thompson,HOU,AST,OVER,6.25,True,True
2025-11-02,daily_top3_non_pts_else_top2_combo_v1,3,1,2,Nickeil Alexander-Walker,ATL,PRA,UNDER,28.5,True,4,Davion Mitchell,MIA,AST,OVER,6.5,True,True
2025-11-02,daily_top3_non_pts_else_top2_combo_v1,3,2,2,Nickeil Alexander-Walker,ATL,PRA,UNDER,28.5,True,5,Tre Jones,CHI,REB,UNDER,2.5,True,True
2025-11-02,daily_top3_non_pts_else_top2_combo_v1,3,3,4,Davion Mitchell,MIA,AST,OVER,6.5,True,5,Tre Jones,CHI,REB,UNDER,2.5,True,True
2025-11-03,daily_top3_non_pts_else_top2_combo_v1,3,1,1,Payton Pritchard,BOS,PRA,UNDER,27.5,True,4,Karl-Anthony Towns,NYK,REB,OVER,12.5,True,True
2025-11-03,daily_top3_non_pts_else_top2_combo_v1,3,2,1,Payton Pritchard,BOS,PRA,UNDER,27.5,True,5,Ryan Rollins,MIL,AST,OVER,5.25,True,True
2025-11-03,daily_top3_non_pts_else_top2_combo_v1,3,3,4,Karl-Anthony Towns,NYK,REB,OVER,12.5,True,5,Ryan Rollins,MIL,AST,OVER,5.25,True,True
2025-11-04,daily_top3_non_pts_else_top2_combo_v1,3,1,2,Grayson Allen,PHX,PRA,OVER,15.5,True,3,Isaiah Hartenstein,OKC,REB,UNDER,8.5,True,True
2025-11-04,daily_top3_non_pts_else_top2_combo_v1,3,2,2,Grayson Allen,PHX,PRA,OVER,15.5,True,5,Nikola Vučević,CHI,REB,UNDER,10.5,True,True
2025-11-04,daily_top3_non_pts_else_top2_combo_v1,3,3,3,Isaiah Hartenstein,OKC,REB,UNDER,8.5,True,5,Nikola Vučević,CHI,REB,UNDER,10.5,True,True
2025-11-05,daily_top3_non_pts_else_top2_combo_v1,3,1,2,Mikal Bridges,NYK,PRA,UNDER,28.5,True,4,VJ Edgecombe,PHI,REB,UNDER,4.5,True,True
2025-11-05,daily_top3_non_pts_else_top2_combo_v1,3,2,2,Mikal Bridges,NYK,PRA,UNDER,28.5,True,5,Pelle Larsson,MIA,AST,OVER,2.5,True,True
2025-11-05,daily_top3_non_pts_else_top2_combo_v1,3,3,4,VJ Edgecombe,PHI,REB,UNDER,4.5,True,5,Pelle Larsson,MIA,AST,OVER,2.5,True,True
2025-11-06,daily_top3_non_pts_else_top2_combo_v1,2,1,1,Devin Booker,PHX,PTS,UNDER,28.0,True,2,Brook Lopez,LAC,PRA,UNDER,9.5,True,True
2025-11-07,daily_top3_non_pts_else_top2_combo_v1,3,1,2,Josh Giddey,CHI,PRA,OVER,31.5,True,4,Victor Wembanyama,SAS,REB,UNDER,11.5,True,True
2025-11-07,daily_top3_non_pts_else_top2_combo_v1,3,2,2,Josh Giddey,CHI,PRA,OVER,31.5,True,5,Nique Clifford,SAC,AST,OVER,1.5,True,True
2025-11-07,daily_top3_non_pts_else_top2_combo_v1,3,3,4,Victor Wembanyama,SAS,REB,UNDER,11.5,True,5,Nique Clifford,SAC,AST,OVER,1.5,True,True
2025-11-08,daily_top3_non_pts_else_top2_combo_v1,3,1,2,Evan Mobley,CLE,PRA,UNDER,37.5,True,4,Luka Dončić,LAL,AST,OVER,10.25,True,True
2025-11-08,daily_top3_non_pts_else_top2_combo_v1,3,2,2,Evan Mobley,CLE,PRA,UNDER,37.5,True,5,Kel'el Ware,MIA,REB,OVER,10.5,True,True
2025-11-08,daily_top3_non_pts_else_top2_combo_v1,3,3,4,Luka Dončić,LAL,AST,OVER,10.25,True,5,Kel'el Ware,MIA,REB,OVER,10.5,True,True
2025-11-09,daily_top3_non_pts_else_top2_combo_v1,3,1,2,Ryan Rollins,MIL,PRA,UNDER,30.5,True,4,Cade Cunningham,DET,AST,OVER,9.5,True,True
2025-11-09,daily_top3_non_pts_else_top2_combo_v1,3,2,2,Ryan Rollins,MIL,PRA,UNDER,30.5,True,5,Mikal Bridges,NYK,REB,UNDER,3.5,True,True
2025-11-09,daily_top3_non_pts_else_top2_combo_v1,3,3,4,Cade Cunningham,DET,AST,OVER,9.5,True,5,Mikal Bridges,NYK,REB,UNDER,3.5,True,True
2025-11-10,daily_top3_non_pts_else_top2_combo_v1,3,1,2,Devin Booker,PHX,RA,UNDER,9.5,True,4,Nikola Vučević,CHI,REB,UNDER,10.5,True,True
2025-11-10,daily_top3_non_pts_else_top2_combo_v1,3,2,2,Devin Booker,PHX,RA,UNDER,9.5,True,5,Onyeka Okongwu,ATL,REB,UNDER,7.5,True,True
2025-11-10,daily_top3_non_pts_else_top2_combo_v1,3,3,4,Nikola Vučević,CHI,REB,UNDER,10.5,True,5,Onyeka Okongwu,ATL,REB,UNDER,7.5,True,True
2025-11-11,daily_top3_non_pts_else_top2_combo_v1,3,1,2,RJ Barrett,TOR,PRA,OVER,27.5,False,4,Isaiah Hartenstein,OKC,REB,UNDER,10.5,True,False
2025-11-11,daily_top3_non_pts_else_top2_combo_v1,3,2,2,RJ Barrett,TOR,PRA,OVER,27.5,False,5,VJ Edgecombe,PHI,AST,UNDER,3.5,True,False
2025-11-11,daily_top3_non_pts_else_top2_combo_v1,3,3,4,Isaiah Hartenstein,OKC,REB,UNDER,10.5,True,5,VJ Edgecombe,PHI,AST,UNDER,3.5,True,True
2025-11-12,daily_top3_non_pts_else_top2_combo_v1,3,1,2,Jrue Holiday,POR,RA,OVER,9.5,True,3,Stephon Castle,SAS,AST,OVER,6.5,True,True
2025-11-12,daily_top3_non_pts_else_top2_combo_v1,3,2,2,Jrue Holiday,POR,RA,OVER,9.5,True,5,Nikola Vučević,CHI,REB,UNDER,10.5,True,True
2025-11-12,daily_top3_non_pts_else_top2_combo_v1,3,3,3,Stephon Castle,SAS,AST,OVER,6.5,True,5,Nikola Vučević,CHI,REB,UNDER,10.5,True,True
2025-11-13,daily_top3_non_pts_else_top2_combo_v1,3,1,2,Isaiah Collier,UTA,PRA,UNDER,32.5,True,4,Jamal Shead,TOR,AST,OVER,4.5,True,True
2025-11-13,daily_top3_non_pts_else_top2_combo_v1,3,2,2,Isaiah Collier,UTA,PRA,UNDER,32.5,True,5,Nick Richards,PHX,REB,UNDER,8.5,True,True
2025-11-13,daily_top3_non_pts_else_top2_combo_v1,3,3,4,Jamal Shead,TOR,AST,OVER,4.5,True,5,Nick Richards,PHX,REB,UNDER,8.5,True,True
2025-11-14,daily_top3_non_pts_else_top2_combo_v1,3,1,2,Jrue Holiday,POR,RA,OVER,9.5,True,4,Stephon Castle,SAS,AST,UNDER,7.5,True,True
2025-11-14,daily_top3_non_pts_else_top2_combo_v1,3,2,2,Jrue Holiday,POR,RA,OVER,9.5,True,5,Andrew Wiggins,MIA,THREES,OVER,1.5,False,False
2025-11-14,daily_top3_non_pts_else_top2_combo_v1,3,3,4,Stephon Castle,SAS,AST,UNDER,7.5,True,5,Andrew Wiggins,MIA,THREES,OVER,1.5,False,False
2025-11-15,daily_top3_non_pts_else_top2_combo_v1,3,1,3,Luka Dončić,LAL,PRA,OVER,51.5,True,4,Cedric Coward,MEM,AST,UNDER,2.5,True,True
2025-11-15,daily_top3_non_pts_else_top2_combo_v1,3,2,3,Luka Dončić,LAL,PRA,OVER,51.5,True,5,Scottie Barnes,TOR,THREES,UNDER,0.5,True,True
2025-11-15,daily_top3_non_pts_else_top2_combo_v1,3,3,4,Cedric Coward,MEM,AST,UNDER,2.5,True,5,Scottie Barnes,TOR,THREES,UNDER,0.5,True,True
2025-11-16,daily_top3_non_pts_else_top2_combo_v1,3,1,1,James Harden,LAC,RA,OVER,12.5,True,4,Coby White,CHI,REB,OVER,2.5,True,True
2025-11-16,daily_top3_non_pts_else_top2_combo_v1,3,2,1,James Harden,LAC,RA,OVER,12.5,True,5,Alperen Sengun,HOU,REB,UNDER,9.5,False,False
2025-11-16,daily_top3_non_pts_else_top2_combo_v1,3,3,4,Coby White,CHI,REB,OVER,2.5,True,5,Alperen Sengun,HOU,REB,UNDER,9.5,False,False
2025-11-17,daily_top3_non_pts_else_top2_combo_v1,3,1,2,Nikola Jokić,DEN,PRA,OVER,49.5,True,4,Isaiah Stewart,DET,REB,UNDER,7.5,True,True
2025-11-17,daily_top3_non_pts_else_top2_combo_v1,3,2,2,Nikola Jokić,DEN,PRA,OVER,49.5,True,5,Josh Giddey,CHI,REB,OVER,7.5,True,True
2025-11-17,daily_top3_non_pts_else_top2_combo_v1,3,3,4,Isaiah Stewart,DET,REB,UNDER,7.5,True,5,Josh Giddey,CHI,REB,OVER,7.5,True,True
2025-11-18,daily_top3_non_pts_else_top2_combo_v1,3,1,3,Harrison Barnes,SAS,PRA,OVER,13.5,True,4,Marcus Smart,LAL,AST,UNDER,2.5,True,True
2025-11-18,daily_top3_non_pts_else_top2_combo_v1,3,2,3,Harrison Barnes,SAS,PRA,OVER,13.5,True,5,Devin Booker,PHX,THREES,UNDER,1.5,True,True
2025-11-18,daily_top3_non_pts_else_top2_combo_v1,3,3,4,Marcus Smart,LAL,AST,UNDER,2.5,True,5,Devin Booker,PHX,THREES,UNDER,1.5,True,True
2025-11-19,daily_top3_non_pts_else_top2_combo_v1,3,1,2,Evan Mobley,CLE,PRA,OVER,23.5,True,3,Josh Giddey,CHI,REB,UNDER,8.5,True,True
2025-11-19,daily_top3_non_pts_else_top2_combo_v1,3,2,2,Evan Mobley,CLE,PRA,OVER,23.5,True,5,Gui Santos,GSW,REB,OVER,4.5,True,True
2025-11-19,daily_top3_non_pts_else_top2_combo_v1,3,3,3,Josh Giddey,CHI,REB,UNDER,8.5,True,5,Gui Santos,GSW,REB,OVER,4.5,True,True
2025-11-20,daily_top3_non_pts_else_top2_combo_v1,3,1,1,Russell Westbrook,SAC,RA,OVER,8.5,True,4,James Harden,LAC,REB,UNDER,5.5,True,True
2025-11-20,daily_top3_non_pts_else_top2_combo_v1,3,2,1,Russell Westbrook,SAC,RA,OVER,8.5,True,5,Cam Spencer,MEM,AST,OVER,4.5,True,True
2025-11-20,daily_top3_non_pts_else_top2_combo_v1,3,3,4,James Harden,LAC,REB,UNDER,5.5,True,5,Cam Spencer,MEM,AST,OVER,4.5,True,True
2025-11-21,daily_top3_non_pts_else_top2_combo_v1,3,1,2,Nikola Jokić,DEN,PRA,OVER,50.5,True,4,Tristan Vukcevic,WAS,REB,UNDER,6.5,True,True
2025-11-21,daily_top3_non_pts_else_top2_combo_v1,3,2,2,Nikola Jokić,DEN,PRA,OVER,50.5,True,5,Alperen Sengun,HOU,REB,UNDER,9.5,True,True
2025-11-21,daily_top3_non_pts_else_top2_combo_v1,3,3,4,Tristan Vukcevic,WAS,REB,UNDER,6.5,True,5,Alperen Sengun,HOU,REB,UNDER,9.5,True,True
2025-11-22,daily_top3_non_pts_else_top2_combo_v1,3,1,2,Cade Cunningham,DET,PRA,OVER,26.5,True,4,Karl-Anthony Towns,NYK,REB,UNDER,11.5,True,True
2025-11-22,daily_top3_non_pts_else_top2_combo_v1,3,2,2,Cade Cunningham,DET,PRA,OVER,26.5,True,5,Bobby Portis,MIL,REB,UNDER,8.5,True,True
2025-11-22,daily_top3_non_pts_else_top2_combo_v1,3,3,4,Karl-Anthony Towns,NYK,REB,UNDER,11.5,True,5,Bobby Portis,MIL,REB,UNDER,8.5,True,True
2025-11-23,daily_top3_non_pts_else_top2_combo_v1,3,1,1,Desmond Bane,ORL,PRA,OVER,25.5,True,3,Kel'el Ware,MIA,REB,OVER,9.5,True,True
2025-11-23,daily_top3_non_pts_else_top2_combo_v1,3,2,1,Desmond Bane,ORL,PRA,OVER,25.5,True,4,Marcus Smart,LAL,AST,UNDER,1.5,True,True
2025-11-23,daily_top3_non_pts_else_top2_combo_v1,3,3,3,Kel'el Ware,MIA,REB,OVER,9.5,True,4,Marcus Smart,LAL,AST,UNDER,1.5,True,True
2025-11-24,daily_top3_non_pts_else_top2_combo_v1,3,1,2,Nikola Jokić,DEN,PRA,OVER,48.5,False,4,Jalen Smith,CHI,REB,UNDER,8.5,True,False
2025-11-24,daily_top3_non_pts_else_top2_combo_v1,3,2,2,Nikola Jokić,DEN,PRA,OVER,48.5,False,5,Alperen Sengun,HOU,REB,UNDER,9.5,True,False
2025-11-24,daily_top3_non_pts_else_top2_combo_v1,3,3,4,Jalen Smith,CHI,REB,UNDER,8.5,True,5,Alperen Sengun,HOU,REB,UNDER,9.5,True,True
2025-11-25,daily_top3_non_pts_else_top2_combo_v1,2,1,3,Anthony Black,ORL,PRA,OVER,15.5,True,4,Marcus Smart,LAL,AST,OVER,1.5,True,True
2025-11-26,daily_top3_non_pts_else_top2_combo_v1,3,1,3,Ryan Rollins,MIL,PRA,OVER,20.5,True,4,Karl-Anthony Towns,NYK,REB,UNDER,11.5,True,True
2025-11-26,daily_top3_non_pts_else_top2_combo_v1,3,2,3,Ryan Rollins,MIL,PRA,OVER,20.5,True,5,Pelle Larsson,MIA,AST,OVER,2.5,True,True
2025-11-26,daily_top3_non_pts_else_top2_combo_v1,3,3,4,Karl-Anthony Towns,NYK,REB,UNDER,11.5,True,5,Pelle Larsson,MIA,AST,OVER,2.5,True,True
2025-11-28,daily_top3_non_pts_else_top2_combo_v1,3,1,3,Ryan Rollins,MIL,PRA,OVER,27.5,False,4,Jaylon Tyson,CLE,REB,UNDER,3.5,True,False
2025-11-28,daily_top3_non_pts_else_top2_combo_v1,3,2,3,Ryan Rollins,MIL,PRA,OVER,27.5,False,5,P.J. Washington,DAL,REB,OVER,5.5,True,False
2025-11-28,daily_top3_non_pts_else_top2_combo_v1,3,3,4,Jaylon Tyson,CLE,REB,UNDER,3.5,True,5,P.J. Washington,DAL,REB,OVER,5.5,True,True
2025-11-29,daily_top3_non_pts_else_top2_combo_v1,3,1,3,Cade Cunningham,DET,PRA,UNDER,42.5,True,4,Kel'el Ware,MIA,REB,UNDER,10.5,True,True
2025-11-29,daily_top3_non_pts_else_top2_combo_v1,3,2,3,Cade Cunningham,DET,PRA,UNDER,42.5,True,5,Derrick White,BOS,REB,UNDER,3.5,True,True
2025-11-29,daily_top3_non_pts_else_top2_combo_v1,3,3,4,Kel'el Ware,MIA,REB,UNDER,10.5,True,5,Derrick White,BOS,REB,UNDER,3.5,True,True
2025-11-30,daily_top3_non_pts_else_top2_combo_v1,3,1,2,VJ Edgecombe,PHI,REB,UNDER,4.5,True,3,Donovan Mitchell,CLE,PRA,UNDER,35.5,True,True
2025-11-30,daily_top3_non_pts_else_top2_combo_v1,3,2,2,VJ Edgecombe,PHI,REB,UNDER,4.5,True,5,Baylor Scheierman,BOS,REB,UNDER,4.0,True,True
2025-11-30,daily_top3_non_pts_else_top2_combo_v1,3,3,3,Donovan Mitchell,CLE,PRA,UNDER,35.5,True,5,Baylor Scheierman,BOS,REB,UNDER,4.0,True,True
2025-12-01,daily_top3_non_pts_else_top2_combo_v1,3,1,3,Nickeil Alexander-Walker,ATL,PRA,OVER,23.5,True,4,Kel'el Ware,MIA,REB,OVER,8.5,True,True
2025-12-01,daily_top3_non_pts_else_top2_combo_v1,3,2,3,Nickeil Alexander-Walker,ATL,PRA,OVER,23.5,True,5,Josh Giddey,CHI,REB,OVER,8.5,True,True
2025-12-01,daily_top3_non_pts_else_top2_combo_v1,3,3,4,Kel'el Ware,MIA,REB,OVER,8.5,True,5,Josh Giddey,CHI,REB,OVER,8.5,True,True
2025-12-02,daily_top3_non_pts_else_top2_combo_v1,3,1,1,Brandon Ingram,TOR,PRA,UNDER,31.5,True,4,Saddiq Bey,NOP,REB,UNDER,6.5,True,True
2025-12-02,daily_top3_non_pts_else_top2_combo_v1,3,2,1,Brandon Ingram,TOR,PRA,UNDER,31.5,True,5,Harrison Barnes,SAS,AST,OVER,1.5,True,True
2025-12-02,daily_top3_non_pts_else_top2_combo_v1,3,3,4,Saddiq Bey,NOP,REB,UNDER,6.5,True,5,Harrison Barnes,SAS,AST,OVER,1.5,True,True
2025-12-03,daily_top3_non_pts_else_top2_combo_v1,3,1,3,Bennedict Mathurin,IND,PRA,UNDER,28.25,True,4,Karl-Anthony Towns,NYK,REB,OVER,12.5,True,True
2025-12-03,daily_top3_non_pts_else_top2_combo_v1,3,2,3,Bennedict Mathurin,IND,PRA,UNDER,28.25,True,5,Evan Mobley,CLE,REB,UNDER,10.5,True,True
2025-12-03,daily_top3_non_pts_else_top2_combo_v1,3,3,4,Karl-Anthony Towns,NYK,REB,OVER,12.5,True,5,Evan Mobley,CLE,REB,UNDER,10.5,True,True
2025-12-04,daily_top3_non_pts_else_top2_combo_v1,3,1,3,Payton Pritchard,BOS,AST,OVER,6.0,True,4,Brandin Podziemski,GSW,PRA,UNDER,25.5,True,True
2025-12-04,daily_top3_non_pts_else_top2_combo_v1,3,2,3,Payton Pritchard,BOS,AST,OVER,6.0,True,5,Kyle Filipowski,UTA,REB,UNDER,8.5,True,True
2025-12-04,daily_top3_non_pts_else_top2_combo_v1,3,3,4,Brandin Podziemski,GSW,PRA,UNDER,25.5,True,5,Kyle Filipowski,UTA,REB,UNDER,8.5,True,True
2025-12-05,daily_top3_non_pts_else_top2_combo_v1,3,1,1,Donovan Mitchell,CLE,PRA,OVER,37.5,True,4,Onyeka Okongwu,ATL,REB,UNDER,6.75,True,True
2025-12-05,daily_top3_non_pts_else_top2_combo_v1,3,2,1,Donovan Mitchell,CLE,PRA,OVER,37.5,True,5,Neemias Queta,BOS,REB,UNDER,8.5,True,True
2025-12-05,daily_top3_non_pts_else_top2_combo_v1,3,3,4,Onyeka Okongwu,ATL,REB,UNDER,6.75,True,5,Neemias Queta,BOS,REB,UNDER,8.5,True,True
2025-12-06,daily_top3_non_pts_else_top2_combo_v1,3,1,1,Donovan Mitchell,CLE,PRA,OVER,34.5,True,4,Will Riley,WAS,THREES,UNDER,1.5,True,True
2025-12-06,daily_top3_non_pts_else_top2_combo_v1,3,2,1,Donovan Mitchell,CLE,PRA,OVER,34.5,True,5,Gui Santos,GSW,REB,UNDER,3.5,True,True
2025-12-06,daily_top3_non_pts_else_top2_combo_v1,3,3,4,Will Riley,WAS,THREES,UNDER,1.5,True,5,Gui Santos,GSW,REB,UNDER,3.5,True,True
2025-12-07,daily_top3_non_pts_else_top2_combo_v1,3,1,1,Quentin Grimes,PHI,PRA,OVER,17.5,True,4,Ajay Mitchell,OKC,AST,UNDER,4.5,True,True
2025-12-07,daily_top3_non_pts_else_top2_combo_v1,3,2,1,Quentin Grimes,PHI,PRA,OVER,17.5,True,5,Coby White,CHI,REB,UNDER,2.5,True,True
2025-12-07,daily_top3_non_pts_else_top2_combo_v1,3,3,4,Ajay Mitchell,OKC,AST,UNDER,4.5,True,5,Coby White,CHI,REB,UNDER,2.5,True,True
2025-12-08,daily_top3_non_pts_else_top2_combo_v1,2,1,1,De'Aaron Fox,SAS,PTS,UNDER,23.5,True,2,Grayson Allen,PHX,PTS,UNDER,18.5,True,True
2025-12-09,daily_top3_non_pts_else_top2_combo_v1,2,1,1,Scottie Barnes,TOR,PRA,UNDER,31.5,True,2,Karl-Anthony Towns,NYK,PTS,UNDER,21.5,True,True
2025-12-10,daily_top3_non_pts_else_top2_combo_v1,2,1,1,Devin Vassell,SAS,PTS,UNDER,13.5,True,2,Collin Gillespie,PHX,PTS,UNDER,14.5,True,True
2025-12-11,daily_top3_non_pts_else_top2_combo_v1,2,1,2,Nique Clifford,SAC,PRA,UNDER,14.5,True,4,Kevin Durant,HOU,AST,UNDER,3.5,True,True
2025-12-12,daily_top3_non_pts_else_top2_combo_v1,3,1,1,Josh Giddey,CHI,RA,OVER,12.5,True,4,P.J. Washington,DAL,REB,UNDER,6.5,True,True
2025-12-12,daily_top3_non_pts_else_top2_combo_v1,3,2,1,Josh Giddey,CHI,RA,OVER,12.5,True,5,Will Riley,WAS,THREES,UNDER,2.0,True,True
2025-12-12,daily_top3_non_pts_else_top2_combo_v1,3,3,4,P.J. Washington,DAL,REB,UNDER,6.5,True,5,Will Riley,WAS,THREES,UNDER,2.0,True,True
2025-12-13,daily_top3_non_pts_else_top2_combo_v1,2,1,2,Paolo Banchero,ORL,PRA,OVER,34.5,True,4,Isaiah Hartenstein,OKC,AST,UNDER,2.5,True,True
2025-12-14,daily_top3_non_pts_else_top2_combo_v1,3,1,2,Ryan Rollins,MIL,PRA,UNDER,28.5,True,4,Jaylon Tyson,CLE,REB,OVER,4.5,True,True
2025-12-14,daily_top3_non_pts_else_top2_combo_v1,3,2,2,Ryan Rollins,MIL,PRA,UNDER,28.5,True,5,Rudy Gobert,MIN,REB,OVER,11.5,True,True
2025-12-14,daily_top3_non_pts_else_top2_combo_v1,3,3,4,Jaylon Tyson,CLE,REB,OVER,4.5,True,5,Rudy Gobert,MIN,REB,OVER,11.5,True,True
2025-12-15,daily_top3_non_pts_else_top2_combo_v1,3,1,2,Bam Adebayo,MIA,PRA,UNDER,34.5,True,4,Cam Spencer,MEM,AST,OVER,3.5,True,True
2025-12-15,daily_top3_non_pts_else_top2_combo_v1,3,2,2,Bam Adebayo,MIA,PRA,UNDER,34.5,True,5,Cameron Johnson,DEN,THREES,OVER,1.5,True,True
2025-12-15,daily_top3_non_pts_else_top2_combo_v1,3,3,4,Cam Spencer,MEM,AST,OVER,3.5,True,5,Cameron Johnson,DEN,THREES,OVER,1.5,True,True
2025-12-16,daily_top3_non_pts_else_top2_combo_v1,2,1,1,Victor Wembanyama,SAS,PTS,UNDER,19.5,True,2,Mikal Bridges,NYK,PRA,OVER,20.5,True,True
2025-12-17,daily_top3_non_pts_else_top2_combo_v1,2,1,1,Jaylon Tyson,CLE,RA,UNDER,6.5,True,2,Rudy Gobert,MIN,REB,OVER,11.5,True,True
2025-12-18,daily_top3_non_pts_else_top2_combo_v1,3,1,2,Ryan Rollins,MIL,PRA,UNDER,27.5,True,4,Kel'el Ware,MIA,REB,OVER,10.5,True,True
2025-12-18,daily_top3_non_pts_else_top2_combo_v1,3,2,2,Ryan Rollins,MIL,PRA,UNDER,27.5,True,5,T.J. McConnell,IND,AST,OVER,4.5,True,True
2025-12-18,daily_top3_non_pts_else_top2_combo_v1,3,3,4,Kel'el Ware,MIA,REB,OVER,10.5,True,5,T.J. McConnell,IND,AST,OVER,4.5,True,True
2025-12-19,daily_top3_non_pts_else_top2_combo_v1,3,1,2,Quentin Grimes,PHI,PRA,UNDER,16.5,True,4,Kel'el Ware,MIA,REB,OVER,10.5,True,True
2025-12-19,daily_top3_non_pts_else_top2_combo_v1,3,2,2,Quentin Grimes,PHI,PRA,UNDER,16.5,True,5,Jalen Smith,CHI,REB,OVER,3.5,True,True
2025-12-19,daily_top3_non_pts_else_top2_combo_v1,3,3,4,Kel'el Ware,MIA,REB,OVER,10.5,True,5,Jalen Smith,CHI,REB,OVER,3.5,True,True
2025-12-20,daily_top3_non_pts_else_top2_combo_v1,3,1,2,Cade Cunningham,DET,RA,OVER,11.5,True,4,Alperen Sengun,HOU,REB,UNDER,8.5,True,True
2025-12-20,daily_top3_non_pts_else_top2_combo_v1,3,2,2,Cade Cunningham,DET,RA,OVER,11.5,True,5,Cam Spencer,MEM,AST,OVER,6.5,True,True
2025-12-20,daily_top3_non_pts_else_top2_combo_v1,3,3,4,Alperen Sengun,HOU,REB,UNDER,8.5,True,5,Cam Spencer,MEM,AST,OVER,6.5,True,True
2025-12-21,daily_top3_non_pts_else_top2_combo_v1,3,1,3,Russell Westbrook,SAC,PRA,OVER,20.5,True,4,Ayo Dosunmu,CHI,REB,UNDER,1.5,True,True
2025-12-21,daily_top3_non_pts_else_top2_combo_v1,3,2,3,Russell Westbrook,SAC,PRA,OVER,20.5,True,5,Mitchell Robinson,NYK,REB,UNDER,7.5,True,True
2025-12-21,daily_top3_non_pts_else_top2_combo_v1,3,3,4,Ayo Dosunmu,CHI,REB,UNDER,1.5,True,5,Mitchell Robinson,NYK,REB,UNDER,7.5,True,True
2025-12-22,daily_top3_non_pts_else_top2_combo_v1,3,1,2,Donovan Mitchell,CLE,PRA,OVER,36.5,True,4,Neemias Queta,BOS,REB,UNDER,8.5,True,True
2025-12-22,daily_top3_non_pts_else_top2_combo_v1,3,2,2,Donovan Mitchell,CLE,PRA,OVER,36.5,True,5,Shai Gilgeous-Alexander,OKC,REB,OVER,5.5,True,True
2025-12-22,daily_top3_non_pts_else_top2_combo_v1,3,3,4,Neemias Queta,BOS,REB,UNDER,8.5,True,5,Shai Gilgeous-Alexander,OKC,REB,OVER,5.5,True,True
2025-12-23,daily_top3_non_pts_else_top2_combo_v1,3,1,3,Kawhi Leonard,LAC,PRA,OVER,37.5,True,4,Kyle Filipowski,UTA,REB,OVER,9.5,True,True
2025-12-23,daily_top3_non_pts_else_top2_combo_v1,3,2,3,Kawhi Leonard,LAC,PRA,OVER,37.5,True,5,Victor Wembanyama,SAS,REB,UNDER,8.5,True,True
2025-12-23,daily_top3_non_pts_else_top2_combo_v1,3,3,4,Kyle Filipowski,UTA,REB,OVER,9.5,True,5,Victor Wembanyama,SAS,REB,UNDER,8.5,True,True
2025-12-25,daily_top3_non_pts_else_top2_combo_v1,3,1,1,Nikola Jokić,DEN,PRA,OVER,54.0,True,4,Evan Mobley,CLE,REB,OVER,6.5,True,True
2025-12-25,daily_top3_non_pts_else_top2_combo_v1,3,2,1,Nikola Jokić,DEN,PRA,OVER,54.0,True,5,Amen Thompson,HOU,REB,OVER,6.5,True,True
2025-12-25,daily_top3_non_pts_else_top2_combo_v1,3,3,4,Evan Mobley,CLE,REB,OVER,6.5,True,5,Amen Thompson,HOU,REB,OVER,6.5,True,True
2025-12-26,daily_top3_non_pts_else_top2_combo_v1,3,1,3,Kawhi Leonard,LAC,PRA,OVER,39.5,True,4,Cam Spencer,MEM,AST,UNDER,5.5,True,True
2025-12-26,daily_top3_non_pts_else_top2_combo_v1,3,2,3,Kawhi Leonard,LAC,PRA,OVER,39.5,True,5,Neemias Queta,BOS,REB,UNDER,8.5,True,True
2025-12-26,daily_top3_non_pts_else_top2_combo_v1,3,3,4,Cam Spencer,MEM,AST,UNDER,5.5,True,5,Neemias Queta,BOS,REB,UNDER,8.5,True,True
2025-12-27,daily_top3_non_pts_else_top2_combo_v1,3,1,1,Russell Westbrook,SAC,RA,OVER,8.5,True,3,Bobby Portis,MIL,REB,OVER,6.5,True,True
2025-12-27,daily_top3_non_pts_else_top2_combo_v1,3,2,1,Russell Westbrook,SAC,RA,OVER,8.5,True,5,Evan Mobley,CLE,REB,UNDER,7.5,True,True
2025-12-27,daily_top3_non_pts_else_top2_combo_v1,3,3,3,Bobby Portis,MIL,REB,OVER,6.5,True,5,Evan Mobley,CLE,REB,UNDER,7.5,True,True
2025-12-28,daily_top3_non_pts_else_top2_combo_v1,3,1,1,Deni Avdija,POR,PRA,OVER,33.5,True,4,VJ Edgecombe,PHI,REB,UNDER,4.5,True,True
2025-12-28,daily_top3_non_pts_else_top2_combo_v1,3,2,1,Deni Avdija,POR,PRA,OVER,33.5,True,5,Cam Spencer,MEM,AST,OVER,5.5,True,True
2025-12-28,daily_top3_non_pts_else_top2_combo_v1,3,3,4,VJ Edgecombe,PHI,REB,UNDER,4.5,True,5,Cam Spencer,MEM,AST,OVER,5.5,True,True
2025-12-29,daily_top3_non_pts_else_top2_combo_v1,3,1,1,Bobby Portis,MIL,REB,UNDER,6.25,True,3,Deni Avdija,POR,PRA,OVER,37.5,True,True
2025-12-29,daily_top3_non_pts_else_top2_combo_v1,3,2,1,Bobby Portis,MIL,REB,UNDER,6.25,True,5,Bam Adebayo,MIA,REB,OVER,8.5,True,True
2025-12-29,daily_top3_non_pts_else_top2_combo_v1,3,3,3,Deni Avdija,POR,PRA,OVER,37.5,True,5,Bam Adebayo,MIA,REB,OVER,8.5,True,True
2025-12-30,daily_top3_non_pts_else_top2_combo_v1,3,1,2,Quentin Grimes,PHI,RA,UNDER,9.5,True,4,DeMar DeRozan,SAC,AST,UNDER,3.5,True,True
2025-12-30,daily_top3_non_pts_else_top2_combo_v1,3,2,2,Quentin Grimes,PHI,RA,UNDER,9.5,True,5,Cam Spencer,MEM,AST,UNDER,5.5,True,True
2025-12-30,daily_top3_non_pts_else_top2_combo_v1,3,3,4,DeMar DeRozan,SAC,AST,UNDER,3.5,True,5,Cam Spencer,MEM,AST,UNDER,5.5,True,True
2025-12-31,daily_top3_non_pts_else_top2_combo_v1,3,1,2,Jalen Brunson,NYK,PRA,OVER,35.5,True,4,Moussa Diabaté,CHA,REB,UNDER,12.5,True,True
2025-12-31,daily_top3_non_pts_else_top2_combo_v1,3,2,2,Jalen Brunson,NYK,PRA,OVER,35.5,True,5,Ayo Dosunmu,CHI,AST,OVER,4.5,True,True
2025-12-31,daily_top3_non_pts_else_top2_combo_v1,3,3,4,Moussa Diabaté,CHA,REB,UNDER,12.5,True,5,Ayo Dosunmu,CHI,AST,OVER,4.5,True,True
2026-01-01,daily_top3_non_pts_else_top2_combo_v1,3,1,1,Kawhi Leonard,LAC,PRA,OVER,34.5,True,3,Neemias Queta,BOS,REB,UNDER,8.5,True,True
2026-01-01,daily_top3_non_pts_else_top2_combo_v1,3,2,1,Kawhi Leonard,LAC,PRA,OVER,34.5,True,5,Amen Thompson,HOU,REB,OVER,6.5,False,False
2026-01-01,daily_top3_non_pts_else_top2_combo_v1,3,3,3,Neemias Queta,BOS,REB,UNDER,8.5,True,5,Amen Thompson,HOU,REB,OVER,6.5,False,False
2026-01-02,daily_top3_non_pts_else_top2_combo_v1,3,1,2,Anthony Black,ORL,PRA,OVER,15.5,True,4,Gui Santos,GSW,REB,OVER,5.5,True,True
2026-01-02,daily_top3_non_pts_else_top2_combo_v1,3,2,2,Anthony Black,ORL,PRA,OVER,15.5,True,5,Bobby Portis,MIL,REB,OVER,5.5,True,True
2026-01-02,daily_top3_non_pts_else_top2_combo_v1,3,3,4,Gui Santos,GSW,REB,OVER,5.5,True,5,Bobby Portis,MIL,REB,OVER,5.5,True,True
2026-01-03,daily_top3_non_pts_else_top2_combo_v1,3,1,2,Quentin Grimes,PHI,PRA,UNDER,16.5,False,3,Kyle Filipowski,UTA,REB,UNDER,7.5,True,False
2026-01-03,daily_top3_non_pts_else_top2_combo_v1,3,2,2,Quentin Grimes,PHI,PRA,UNDER,16.5,False,5,Kevin Durant,HOU,AST,UNDER,4.5,False,False
2026-01-03,daily_top3_non_pts_else_top2_combo_v1,3,3,3,Kyle Filipowski,UTA,REB,UNDER,7.5,True,5,Kevin Durant,HOU,AST,UNDER,4.5,False,False
2026-01-04,daily_top3_non_pts_else_top2_combo_v1,3,1,1,Luka Dončić,LAL,PRA,OVER,51.5,True,2,Bobby Portis,MIL,REB,UNDER,5.5,False,False
2026-01-04,daily_top3_non_pts_else_top2_combo_v1,3,2,1,Luka Dončić,LAL,PRA,OVER,51.5,True,4,Rudy Gobert,MIN,REB,OVER,12.5,True,True
2026-01-04,daily_top3_non_pts_else_top2_combo_v1,3,3,2,Bobby Portis,MIL,REB,UNDER,5.5,False,4,Rudy Gobert,MIN,REB,OVER,12.5,True,False
2026-01-05,daily_top3_non_pts_else_top2_combo_v1,3,1,1,Deni Avdija,POR,PRA,OVER,35.5,True,4,Neemias Queta,BOS,REB,OVER,8.5,True,True
2026-01-05,daily_top3_non_pts_else_top2_combo_v1,3,2,1,Deni Avdija,POR,PRA,OVER,35.5,True,5,Peyton Watson,DEN,AST,OVER,2.5,True,True
2026-01-05,daily_top3_non_pts_else_top2_combo_v1,3,3,4,Neemias Queta,BOS,REB,OVER,8.5,True,5,Peyton Watson,DEN,AST,OVER,2.5,True,True
2026-01-06,daily_top3_non_pts_else_top2_combo_v1,3,1,1,Jake LaRavia,LAL,PRA,UNDER,11.0,True,4,Brandon Williams,DAL,REB,UNDER,2.5,True,True
2026-01-06,daily_top3_non_pts_else_top2_combo_v1,3,2,1,Jake LaRavia,LAL,PRA,UNDER,11.0,True,5,Kel'el Ware,MIA,REB,OVER,9.5,True,True
2026-01-06,daily_top3_non_pts_else_top2_combo_v1,3,3,4,Brandon Williams,DAL,REB,UNDER,2.5,True,5,Kel'el Ware,MIA,REB,OVER,9.5,True,True
2026-01-07,daily_top3_non_pts_else_top2_combo_v1,3,1,2,Nikola Vučević,CHI,PRA,OVER,21.5,True,4,Isaiah Stewart,DET,REB,UNDER,7.5,True,True
2026-01-07,daily_top3_non_pts_else_top2_combo_v1,3,2,2,Nikola Vučević,CHI,PRA,OVER,21.5,True,5,Bub Carrington,WAS,AST,OVER,5.5,True,True
2026-01-07,daily_top3_non_pts_else_top2_combo_v1,3,3,4,Isaiah Stewart,DET,REB,UNDER,7.5,True,5,Bub Carrington,WAS,AST,OVER,5.5,True,True
2026-01-08,daily_top3_non_pts_else_top2_combo_v1,3,1,3,Kyle Filipowski,UTA,PRA,UNDER,27.5,True,4,Moussa Diabaté,CHA,REB,UNDER,11.5,True,True
2026-01-08,daily_top3_non_pts_else_top2_combo_v1,3,2,3,Kyle Filipowski,UTA,PRA,UNDER,27.5,True,5,T.J. McConnell,IND,AST,OVER,6.5,True,True
2026-01-08,daily_top3_non_pts_else_top2_combo_v1,3,3,4,Moussa Diabaté,CHA,REB,UNDER,11.5,True,5,T.J. McConnell,IND,AST,OVER,6.5,True,True
2026-01-09,daily_top3_non_pts_else_top2_combo_v1,3,1,2,Kawhi Leonard,LAC,PRA,OVER,31.5,True,4,Ajay Mitchell,OKC,AST,OVER,5.5,True,True
2026-01-09,daily_top3_non_pts_else_top2_combo_v1,3,2,2,Kawhi Leonard,LAC,PRA,OVER,31.5,True,5,Deni Avdija,POR,REB,UNDER,6.5,True,True
2026-01-09,daily_top3_non_pts_else_top2_combo_v1,3,3,4,Ajay Mitchell,OKC,AST,OVER,5.5,True,5,Deni Avdija,POR,REB,UNDER,6.5,True,True
2026-01-10,daily_top3_non_pts_else_top2_combo_v1,3,1,2,Bam Adebayo,MIA,PRA,UNDER,37.0,True,4,Moussa Diabaté,CHA,REB,OVER,8.5,True,True
2026-01-10,daily_top3_non_pts_else_top2_combo_v1,3,2,2,Bam Adebayo,MIA,PRA,UNDER,37.0,True,5,Jaylen Brown,BOS,AST,OVER,4.5,True,True
2026-01-10,daily_top3_non_pts_else_top2_combo_v1,3,3,4,Moussa Diabaté,CHA,REB,OVER,8.5,True,5,Jaylen Brown,BOS,AST,OVER,4.5,True,True
2026-01-11,daily_top3_non_pts_else_top2_combo_v1,3,1,2,Deni Avdija,POR,PRA,OVER,32.5,True,4,Julian Champagnie,SAS,REB,OVER,5.5,True,True
2026-01-11,daily_top3_non_pts_else_top2_combo_v1,3,2,2,Deni Avdija,POR,PRA,OVER,32.5,True,5,Davion Mitchell,MIA,AST,OVER,5.5,True,True
2026-01-11,daily_top3_non_pts_else_top2_combo_v1,3,3,4,Julian Champagnie,SAS,REB,OVER,5.5,True,5,Davion Mitchell,MIA,AST,OVER,5.5,True,True
2026-01-12,daily_top3_non_pts_else_top2_combo_v1,3,1,3,Jake LaRavia,LAL,PRA,UNDER,10.5,True,4,Baylor Scheierman,BOS,REB,UNDER,3.5,True,True
2026-01-12,daily_top3_non_pts_else_top2_combo_v1,3,2,3,Jake LaRavia,LAL,PRA,UNDER,10.5,True,5,Brook Lopez,LAC,THREES,OVER,0.5,True,True
2026-01-12,daily_top3_non_pts_else_top2_combo_v1,3,3,4,Baylor Scheierman,BOS,REB,UNDER,3.5,True,5,Brook Lopez,LAC,THREES,OVER,0.5,True,True
2026-01-13,daily_top3_non_pts_else_top2_combo_v1,3,1,2,Jrue Holiday,POR,RA,OVER,7.5,True,4,Julius Randle,MIN,REB,UNDER,8.5,True,True
2026-01-13,daily_top3_non_pts_else_top2_combo_v1,3,2,2,Jrue Holiday,POR,RA,OVER,7.5,True,5,Ajay Mitchell,OKC,AST,OVER,2.5,True,True
2026-01-13,daily_top3_non_pts_else_top2_combo_v1,3,3,4,Julius Randle,MIN,REB,UNDER,8.5,True,5,Ajay Mitchell,OKC,AST,OVER,2.5,True,True
2026-01-14,daily_top3_non_pts_else_top2_combo_v1,3,1,2,Quentin Grimes,PHI,PRA,UNDER,28.5,True,4,Kyle Filipowski,UTA,REB,UNDER,9.5,True,True
2026-01-14,daily_top3_non_pts_else_top2_combo_v1,3,2,2,Quentin Grimes,PHI,PRA,UNDER,28.5,True,5,Brook Lopez,LAC,REB,UNDER,5.5,True,True
2026-01-14,daily_top3_non_pts_else_top2_combo_v1,3,3,4,Kyle Filipowski,UTA,REB,UNDER,9.5,True,5,Brook Lopez,LAC,REB,UNDER,5.5,True,True
2026-01-15,daily_top3_non_pts_else_top2_combo_v1,3,1,2,Amen Thompson,HOU,PRA,OVER,20.5,True,4,Kyle Filipowski,UTA,REB,OVER,9.5,False,False
2026-01-15,daily_top3_non_pts_else_top2_combo_v1,3,2,2,Amen Thompson,HOU,PRA,OVER,20.5,True,5,Victor Wembanyama,SAS,REB,UNDER,10.5,True,True
2026-01-15,daily_top3_non_pts_else_top2_combo_v1,3,3,4,Kyle Filipowski,UTA,REB,OVER,9.5,False,5,Victor Wembanyama,SAS,REB,UNDER,10.5,True,False
2026-01-16,daily_top3_non_pts_else_top2_combo_v1,3,1,2,Donte DiVincenzo,MIN,PRA,OVER,14.5,True,4,Terance Mann,BKN,AST,UNDER,1.5,True,True
2026-01-16,daily_top3_non_pts_else_top2_combo_v1,3,2,2,Donte DiVincenzo,MIN,PRA,OVER,14.5,True,5,Amen Thompson,HOU,AST,OVER,5.5,False,False
2026-01-16,daily_top3_non_pts_else_top2_combo_v1,3,3,4,Terance Mann,BKN,AST,UNDER,1.5,True,5,Amen Thompson,HOU,AST,OVER,5.5,False,False
2026-01-17,daily_top3_non_pts_else_top2_combo_v1,3,1,1,Cade Cunningham,DET,RA,OVER,11.5,False,4,Anthony Edwards,MIN,AST,UNDER,3.5,True,False
2026-01-17,daily_top3_non_pts_else_top2_combo_v1,3,2,1,Cade Cunningham,DET,RA,OVER,11.5,False,5,Jrue Holiday,POR,REB,UNDER,3.5,True,False
2026-01-17,daily_top3_non_pts_else_top2_combo_v1,3,3,4,Anthony Edwards,MIN,AST,UNDER,3.5,True,5,Jrue Holiday,POR,REB,UNDER,3.5,True,True
2026-01-18,daily_top3_non_pts_else_top2_combo_v1,3,1,2,Cam Spencer,MEM,AST,UNDER,4.5,True,4,Derik Queen,NOP,RA,OVER,6.75,True,True
2026-01-18,daily_top3_non_pts_else_top2_combo_v1,3,2,2,Cam Spencer,MEM,AST,UNDER,4.5,True,5,Jamal Shead,TOR,AST,UNDER,5.5,True,True
2026-01-18,daily_top3_non_pts_else_top2_combo_v1,3,3,4,Derik Queen,NOP,RA,OVER,6.75,True,5,Jamal Shead,TOR,AST,UNDER,5.5,True,True
2026-01-19,daily_top3_non_pts_else_top2_combo_v1,3,1,1,Evan Mobley,CLE,PRA,OVER,22.5,True,4,Will Richard,GSW,REB,UNDER,3.5,True,True
2026-01-19,daily_top3_non_pts_else_top2_combo_v1,3,2,1,Evan Mobley,CLE,PRA,OVER,22.5,True,5,Jordan Goodwin,PHX,AST,OVER,1.5,True,True
2026-01-19,daily_top3_non_pts_else_top2_combo_v1,3,3,4,Will Richard,GSW,REB,UNDER,3.5,True,5,Jordan Goodwin,PHX,AST,OVER,1.5,True,True
2026-01-20,daily_top3_non_pts_else_top2_combo_v1,3,1,1,Kevin Durant,HOU,PRA,UNDER,33.5,True,3,Scottie Barnes,TOR,REB,UNDER,9.5,True,True
2026-01-20,daily_top3_non_pts_else_top2_combo_v1,3,2,1,Kevin Durant,HOU,PRA,UNDER,33.5,True,5,Bam Adebayo,MIA,REB,UNDER,11.5,True,True
2026-01-20,daily_top3_non_pts_else_top2_combo_v1,3,3,3,Scottie Barnes,TOR,REB,UNDER,9.5,True,5,Bam Adebayo,MIA,REB,UNDER,11.5,True,True
2026-01-21,daily_top3_non_pts_else_top2_combo_v1,3,1,2,Derik Queen,NOP,RA,OVER,7.5,True,3,Cam Spencer,MEM,AST,UNDER,3.75,False,False
2026-01-21,daily_top3_non_pts_else_top2_combo_v1,3,2,2,Derik Queen,NOP,RA,OVER,7.5,True,5,Scottie Barnes,TOR,REB,UNDER,9.5,True,True
2026-01-21,daily_top3_non_pts_else_top2_combo_v1,3,3,3,Cam Spencer,MEM,AST,UNDER,3.75,False,5,Scottie Barnes,TOR,REB,UNDER,9.5,True,False
2026-01-22,daily_top3_non_pts_else_top2_combo_v1,3,1,1,Anthony Black,ORL,PRA,UNDER,15.5,True,4,Amen Thompson,HOU,REB,UNDER,7.5,True,True
2026-01-22,daily_top3_non_pts_else_top2_combo_v1,3,2,1,Anthony Black,ORL,PRA,UNDER,15.5,True,5,Gui Santos,GSW,REB,UNDER,4.5,True,True
2026-01-22,daily_top3_non_pts_else_top2_combo_v1,3,3,4,Amen Thompson,HOU,REB,UNDER,7.5,True,5,Gui Santos,GSW,REB,UNDER,4.5,True,True
2026-01-23,daily_top3_non_pts_else_top2_combo_v1,3,1,3,Russell Westbrook,SAC,PRA,UNDER,27.5,True,4,Cam Spencer,MEM,AST,OVER,8.5,True,True
2026-01-23,daily_top3_non_pts_else_top2_combo_v1,3,2,3,Russell Westbrook,SAC,PRA,UNDER,27.5,True,5,Cade Cunningham,DET,AST,OVER,8.5,False,False
2026-01-23,daily_top3_non_pts_else_top2_combo_v1,3,3,4,Cam Spencer,MEM,AST,OVER,8.5,True,5,Cade Cunningham,DET,AST,OVER,8.5,False,False
2026-01-24,daily_top3_non_pts_else_top2_combo_v1,3,1,2,Jake LaRavia,LAL,PRA,UNDER,21.0,True,4,Neemias Queta,BOS,REB,UNDER,6.0,True,True
2026-01-24,daily_top3_non_pts_else_top2_combo_v1,3,2,2,Jake LaRavia,LAL,PRA,UNDER,21.0,True,5,Josh Hart,NYK,REB,OVER,8.25,True,True
2026-01-24,daily_top3_non_pts_else_top2_combo_v1,3,3,4,Neemias Queta,BOS,REB,UNDER,6.0,True,5,Josh Hart,NYK,REB,OVER,8.25,True,True
2026-01-25,daily_top3_non_pts_else_top2_combo_v1,3,1,2,Russell Westbrook,SAC,PRA,UNDER,24.5,True,4,Collin Gillespie,PHX,AST,UNDER,6.5,True,True
2026-01-25,daily_top3_non_pts_else_top2_combo_v1,3,2,2,Russell Westbrook,SAC,PRA,UNDER,24.5,True,5,Kawhi Leonard,LAC,REB,OVER,4.5,True,True
2026-01-25,daily_top3_non_pts_else_top2_combo_v1,3,3,4,Collin Gillespie,PHX,AST,UNDER,6.5,True,5,Kawhi Leonard,LAC,REB,OVER,4.5,True,True
2026-01-26,daily_top3_non_pts_else_top2_combo_v1,3,1,2,Jake LaRavia,LAL,PRA,OVER,11.5,True,4,Gui Santos,GSW,REB,OVER,5.5,True,True
2026-01-26,daily_top3_non_pts_else_top2_combo_v1,3,2,2,Jake LaRavia,LAL,PRA,OVER,11.5,True,5,Andrew Nembhard,IND,REB,OVER,2.5,True,True
2026-01-26,daily_top3_non_pts_else_top2_combo_v1,3,3,4,Gui Santos,GSW,REB,OVER,5.5,True,5,Andrew Nembhard,IND,REB,OVER,2.5,True,True
2026-01-27,daily_top3_non_pts_else_top2_combo_v1,3,1,2,Deni Avdija,POR,PRA,UNDER,40.5,True,4,Shai Gilgeous-Alexander,OKC,AST,UNDER,7.5,True,True
2026-01-27,daily_top3_non_pts_else_top2_combo_v1,3,2,2,Deni Avdija,POR,PRA,UNDER,40.5,True,5,Jalen Brunson,NYK,AST,UNDER,6.5,True,True
2026-01-27,daily_top3_non_pts_else_top2_combo_v1,3,3,4,Shai Gilgeous-Alexander,OKC,AST,UNDER,7.5,True,5,Jalen Brunson,NYK,AST,UNDER,6.5,True,True
2026-01-28,daily_top3_non_pts_else_top2_combo_v1,3,1,3,Donovan Mitchell,CLE,PRA,OVER,34.5,True,4,Kyle Filipowski,UTA,REB,UNDER,4.5,True,True
2026-01-28,daily_top3_non_pts_else_top2_combo_v1,3,2,3,Donovan Mitchell,CLE,PRA,OVER,34.5,True,5,Andrew Nembhard,IND,AST,OVER,7.5,True,True
2026-01-28,daily_top3_non_pts_else_top2_combo_v1,3,3,4,Kyle Filipowski,UTA,REB,UNDER,4.5,True,5,Andrew Nembhard,IND,AST,OVER,7.5,True,True
2026-01-29,daily_top3_non_pts_else_top2_combo_v1,3,1,2,Ryan Rollins,MIL,AST,OVER,7.5,True,3,Luguentz Dort,OKC,PRA,UNDER,13.5,True,True
2026-01-29,daily_top3_non_pts_else_top2_combo_v1,3,2,2,Ryan Rollins,MIL,AST,OVER,7.5,True,5,Rudy Gobert,MIN,REB,OVER,11.5,False,False
2026-01-29,daily_top3_non_pts_else_top2_combo_v1,3,3,3,Luguentz Dort,OKC,PRA,UNDER,13.5,True,5,Rudy Gobert,MIN,REB,OVER,11.5,False,False
2026-01-30,daily_top3_non_pts_else_top2_combo_v1,3,1,2,Nikola Jokić,DEN,AST,UNDER,7.5,True,3,Grayson Allen,PHX,PRA,UNDER,25.5,True,True
2026-01-30,daily_top3_non_pts_else_top2_combo_v1,3,2,2,Nikola Jokić,DEN,AST,UNDER,7.5,True,4,Kyle Filipowski,UTA,REB,OVER,9.5,True,True
2026-01-30,daily_top3_non_pts_else_top2_combo_v1,3,3,3,Grayson Allen,PHX,PRA,UNDER,25.5,True,4,Kyle Filipowski,UTA,REB,OVER,9.5,True,True
2026-01-31,daily_top3_non_pts_else_top2_combo_v1,3,1,3,Jeremiah Fears,NOP,PRA,UNDER,22.5,True,4,Cam Spencer,MEM,AST,UNDER,5.5,True,True
2026-01-31,daily_top3_non_pts_else_top2_combo_v1,3,2,3,Jeremiah Fears,NOP,PRA,UNDER,22.5,True,5,P.J. Washington,DAL,REB,UNDER,5.5,True,True
2026-01-31,daily_top3_non_pts_else_top2_combo_v1,3,3,4,Cam Spencer,MEM,AST,UNDER,5.5,True,5,P.J. Washington,DAL,REB,UNDER,5.5,True,True
2026-02-01,daily_top3_non_pts_else_top2_combo_v1,3,1,3,Jake LaRavia,LAL,PRA,UNDER,9.5,True,4,Collin Murray-Boyles,TOR,AST,UNDER,2.5,True,True
2026-02-01,daily_top3_non_pts_else_top2_combo_v1,3,2,3,Jake LaRavia,LAL,PRA,UNDER,9.5,True,5,Ryan Rollins,MIL,AST,OVER,6.5,True,True
2026-02-01,daily_top3_non_pts_else_top2_combo_v1,3,3,4,Collin Murray-Boyles,TOR,AST,UNDER,2.5,True,5,Ryan Rollins,MIL,AST,OVER,6.5,True,True
2026-02-02,daily_top3_non_pts_else_top2_combo_v1,3,1,3,Kawhi Leonard,LAC,PRA,OVER,36.5,True,4,Julius Randle,MIN,AST,OVER,5.5,True,True
2026-02-02,daily_top3_non_pts_else_top2_combo_v1,3,2,3,Kawhi Leonard,LAC,PRA,OVER,36.5,True,5,Andrew Nembhard,IND,REB,OVER,2.5,False,False
2026-02-02,daily_top3_non_pts_else_top2_combo_v1,3,3,4,Julius Randle,MIN,AST,OVER,5.5,True,5,Andrew Nembhard,IND,REB,OVER,2.5,False,False
2026-02-03,daily_top3_non_pts_else_top2_combo_v1,3,1,3,Paolo Banchero,ORL,PRA,UNDER,33.5,True,4,Kyle Filipowski,UTA,REB,OVER,10.5,True,True
2026-02-03,daily_top3_non_pts_else_top2_combo_v1,3,2,3,Paolo Banchero,ORL,PRA,UNDER,33.5,True,5,Myles Turner,MIL,REB,UNDER,8.5,True,True
2026-02-03,daily_top3_non_pts_else_top2_combo_v1,3,3,4,Kyle Filipowski,UTA,REB,OVER,10.5,True,5,Myles Turner,MIL,REB,UNDER,8.5,True,True
2026-02-04,daily_top3_non_pts_else_top2_combo_v1,3,1,2,Russell Westbrook,SAC,PRA,UNDER,21.5,True,4,Aaron Wiggins,OKC,REB,UNDER,5.5,True,True
2026-02-04,daily_top3_non_pts_else_top2_combo_v1,3,2,2,Russell Westbrook,SAC,PRA,UNDER,21.5,True,5,Myles Turner,MIL,REB,OVER,7.5,True,True
2026-02-04,daily_top3_non_pts_else_top2_combo_v1,3,3,4,Aaron Wiggins,OKC,REB,UNDER,5.5,True,5,Myles Turner,MIL,REB,OVER,7.5,True,True
2026-02-05,daily_top3_non_pts_else_top2_combo_v1,3,1,2,Isaiah Collier,UTA,PRA,OVER,32.5,True,4,Alperen Sengun,HOU,REB,OVER,8.5,True,True
2026-02-05,daily_top3_non_pts_else_top2_combo_v1,3,2,2,Isaiah Collier,UTA,PRA,OVER,32.5,True,5,Stephon Castle,SAS,AST,OVER,5.5,True,True
2026-02-05,daily_top3_non_pts_else_top2_combo_v1,3,3,4,Alperen Sengun,HOU,REB,OVER,8.5,True,5,Stephon Castle,SAS,AST,OVER,5.5,True,True
2026-02-06,daily_top3_non_pts_else_top2_combo_v1,3,1,2,Bobby Portis,MIL,RA,UNDER,7.5,True,4,Isaiah Stewart,DET,REB,UNDER,6.5,True,True
2026-02-06,daily_top3_non_pts_else_top2_combo_v1,3,2,2,Bobby Portis,MIL,RA,UNDER,7.5,True,5,Nikola Vučević,BOS,REB,OVER,6.5,True,True
2026-02-06,daily_top3_non_pts_else_top2_combo_v1,3,3,4,Isaiah Stewart,DET,REB,UNDER,6.5,True,5,Nikola Vučević,BOS,REB,OVER,6.5,True,True
2026-02-07,daily_top3_non_pts_else_top2_combo_v1,3,1,3,Isaiah Collier,UTA,REB,UNDER,2.5,True,4,Bub Carrington,WAS,PRA,UNDER,22.5,True,True
2026-02-07,daily_top3_non_pts_else_top2_combo_v1,3,2,3,Isaiah Collier,UTA,REB,UNDER,2.5,True,5,Onyeka Okongwu,ATL,REB,UNDER,6.5,True,True
2026-02-07,daily_top3_non_pts_else_top2_combo_v1,3,3,4,Bub Carrington,WAS,PRA,UNDER,22.5,True,5,Onyeka Okongwu,ATL,REB,UNDER,6.5,True,True
2026-02-08,daily_top3_non_pts_else_top2_combo_v1,3,1,1,Bam Adebayo,MIA,PRA,UNDER,37.25,True,3,Neemias Queta,BOS,REB,UNDER,7.0,True,True
2026-02-08,daily_top3_non_pts_else_top2_combo_v1,3,2,1,Bam Adebayo,MIA,PRA,UNDER,37.25,True,5,Ayo Dosunmu,MIN,AST,UNDER,2.5,True,True
2026-02-08,daily_top3_non_pts_else_top2_combo_v1,3,3,3,Neemias Queta,BOS,REB,UNDER,7.0,True,5,Ayo Dosunmu,MIN,AST,UNDER,2.5,True,True
2026-02-09,daily_top3_non_pts_else_top2_combo_v1,3,1,2,Ryan Rollins,MIL,PRA,UNDER,34.5,True,4,Isaac Okoro,CHI,REB,OVER,3.5,True,True
2026-02-09,daily_top3_non_pts_else_top2_combo_v1,3,2,2,Ryan Rollins,MIL,PRA,UNDER,34.5,True,5,Cason Wallace,OKC,AST,OVER,3.5,True,True
2026-02-09,daily_top3_non_pts_else_top2_combo_v1,3,3,4,Isaac Okoro,CHI,REB,OVER,3.5,True,5,Cason Wallace,OKC,AST,OVER,3.5,True,True
2026-02-10,daily_top3_non_pts_else_top2_combo_v1,3,1,2,Jake LaRavia,LAL,PRA,UNDER,21.5,True,4,Khris Middleton,DAL,AST,OVER,1.5,True,True
2026-02-10,daily_top3_non_pts_else_top2_combo_v1,3,2,2,Jake LaRavia,LAL,PRA,UNDER,21.5,True,5,Alperen Sengun,HOU,AST,UNDER,6.5,True,True
2026-02-10,daily_top3_non_pts_else_top2_combo_v1,3,3,4,Khris Middleton,DAL,AST,OVER,1.5,True,5,Alperen Sengun,HOU,AST,UNDER,6.5,True,True
2026-02-11,daily_top3_non_pts_else_top2_combo_v1,3,1,1,Deni Avdija,POR,PRA,UNDER,36.5,True,4,Jay Huff,IND,REB,UNDER,5.5,True,True
2026-02-11,daily_top3_non_pts_else_top2_combo_v1,3,2,1,Deni Avdija,POR,PRA,UNDER,36.5,True,5,Jalen Brunson,NYK,AST,UNDER,5.5,True,True
2026-02-11,daily_top3_non_pts_else_top2_combo_v1,3,3,4,Jay Huff,IND,REB,UNDER,5.5,True,5,Jalen Brunson,NYK,AST,UNDER,5.5,True,True
2026-02-12,daily_top3_non_pts_else_top2_combo_v1,2,1,2,Cody Williams,UTA,PRA,UNDER,16.5,True,4,Bobby Portis,MIL,REB,OVER,7.25,True,True
2026-02-19,daily_top3_non_pts_else_top2_combo_v1,3,1,3,OG Anunoby,NYK,PRA,UNDER,21.5,True,4,Nikola Vučević,BOS,REB,UNDER,7.5,True,True
2026-02-19,daily_top3_non_pts_else_top2_combo_v1,3,2,3,OG Anunoby,NYK,PRA,UNDER,21.5,True,5,Jarace Walker,IND,REB,OVER,6.5,True,True
2026-02-19,daily_top3_non_pts_else_top2_combo_v1,3,3,4,Nikola Vučević,BOS,REB,UNDER,7.5,True,5,Jarace Walker,IND,REB,OVER,6.5,True,True
2026-02-20,daily_top3_non_pts_else_top2_combo_v1,3,1,2,Jarace Walker,IND,PRA,UNDER,31.5,True,4,Kyle Filipowski,UTA,REB,UNDER,9.5,True,True
2026-02-20,daily_top3_non_pts_else_top2_combo_v1,3,2,2,Jarace Walker,IND,PRA,UNDER,31.5,True,5,Nolan Traore,BKN,AST,UNDER,4.5,True,True
2026-02-20,daily_top3_non_pts_else_top2_combo_v1,3,3,4,Kyle Filipowski,UTA,REB,UNDER,9.5,True,5,Nolan Traore,BKN,AST,UNDER,4.5,True,True
2026-02-21,daily_top3_non_pts_else_top2_combo_v1,3,1,2,Paolo Banchero,ORL,PRA,OVER,37.5,True,4,Stephon Castle,SAS,AST,UNDER,6.5,True,True
2026-02-21,daily_top3_non_pts_else_top2_combo_v1,3,2,2,Paolo Banchero,ORL,PRA,OVER,37.5,True,5,Kel'el Ware,MIA,REB,OVER,6.75,True,True
2026-02-21,daily_top3_non_pts_else_top2_combo_v1,3,3,4,Stephon Castle,SAS,AST,UNDER,6.5,True,5,Kel'el Ware,MIA,REB,OVER,6.75,True,True
2026-02-22,daily_top3_non_pts_else_top2_combo_v1,3,1,2,Evan Mobley,CLE,PRA,UNDER,22.5,True,4,Julius Randle,MIN,REB,UNDER,8.5,True,True
2026-02-22,daily_top3_non_pts_else_top2_combo_v1,3,2,2,Evan Mobley,CLE,PRA,UNDER,22.5,True,5,Kawhi Leonard,LAC,REB,OVER,7.5,True,True
2026-02-22,daily_top3_non_pts_else_top2_combo_v1,3,3,4,Julius Randle,MIN,REB,UNDER,8.5,True,5,Kawhi Leonard,LAC,REB,OVER,7.5,True,True
2026-02-23,daily_top3_non_pts_else_top2_combo_v1,3,1,1,Amen Thompson,HOU,PRA,UNDER,31.5,True,4,Jalen Duren,DET,REB,OVER,10.5,True,True
2026-02-23,daily_top3_non_pts_else_top2_combo_v1,3,2,1,Amen Thompson,HOU,PRA,UNDER,31.5,True,5,Isaiah Collier,UTA,REB,UNDER,2.5,True,True
2026-02-23,daily_top3_non_pts_else_top2_combo_v1,3,3,4,Jalen Duren,DET,REB,OVER,10.5,True,5,Isaiah Collier,UTA,REB,UNDER,2.5,True,True
2026-02-24,daily_top3_non_pts_else_top2_combo_v1,3,1,2,Luka Dončić,LAL,PRA,UNDER,50.5,True,4,Isaiah Hartenstein,OKC,REB,UNDER,9.5,True,True
2026-02-24,daily_top3_non_pts_else_top2_combo_v1,3,2,2,Luka Dončić,LAL,PRA,UNDER,50.5,True,5,Coby White,CHA,REB,OVER,2.0,True,True
2026-02-24,daily_top3_non_pts_else_top2_combo_v1,3,3,4,Isaiah Hartenstein,OKC,REB,UNDER,9.5,True,5,Coby White,CHA,REB,OVER,2.0,True,True
2026-02-25,daily_top3_non_pts_else_top2_combo_v1,3,1,2,Tari Eason,HOU,PRA,UNDER,24.5,True,4,Jaylon Tyson,CLE,REB,OVER,6.5,True,True
2026-02-25,daily_top3_non_pts_else_top2_combo_v1,3,2,2,Tari Eason,HOU,PRA,UNDER,24.5,True,5,Jaylin Williams,OKC,AST,UNDER,4.5,True,True
2026-02-25,daily_top3_non_pts_else_top2_combo_v1,3,3,4,Jaylon Tyson,CLE,REB,OVER,6.5,True,5,Jaylin Williams,OKC,AST,UNDER,4.5,True,True
2026-02-26,daily_top3_non_pts_else_top2_combo_v1,3,1,3,Toumani Camara,POR,PRA,UNDER,23.5,True,4,Nolan Traore,BKN,AST,UNDER,4.5,True,True
2026-02-26,daily_top3_non_pts_else_top2_combo_v1,3,2,3,Toumani Camara,POR,PRA,UNDER,23.5,True,5,Onyeka Okongwu,ATL,REB,UNDER,8.5,False,False
2026-02-26,daily_top3_non_pts_else_top2_combo_v1,3,3,4,Nolan Traore,BKN,AST,UNDER,4.5,True,5,Onyeka Okongwu,ATL,REB,UNDER,8.5,False,False
2026-02-27,daily_top3_non_pts_else_top2_combo_v1,3,1,2,Jalen Brunson,NYK,PRA,OVER,36.5,True,3,Daniel Gafford,DAL,REB,UNDER,8.5,True,True
2026-02-27,daily_top3_non_pts_else_top2_combo_v1,3,2,2,Jalen Brunson,NYK,PRA,OVER,36.5,True,5,Evan Mobley,CLE,REB,OVER,7.25,True,True
2026-02-27,daily_top3_non_pts_else_top2_combo_v1,3,3,3,Daniel Gafford,DAL,REB,UNDER,8.5,True,5,Evan Mobley,CLE,REB,OVER,7.25,True,True
2026-02-28,daily_top3_non_pts_else_top2_combo_v1,3,1,2,Cody Williams,UTA,PRA,UNDER,27.5,True,4,Kel'el Ware,MIA,REB,OVER,6.5,True,True
2026-02-28,daily_top3_non_pts_else_top2_combo_v1,3,2,2,Cody Williams,UTA,PRA,UNDER,27.5,True,5,Brandon Ingram,TOR,AST,OVER,3.5,True,True
2026-02-28,daily_top3_non_pts_else_top2_combo_v1,3,3,4,Kel'el Ware,MIA,REB,OVER,6.5,True,5,Brandon Ingram,TOR,AST,OVER,3.5,True,True
2026-03-01,daily_top3_non_pts_else_top2_combo_v1,3,1,2,Payton Pritchard,BOS,PRA,UNDER,20.5,True,4,Josh Hart,NYK,REB,OVER,7.5,True,True
2026-03-01,daily_top3_non_pts_else_top2_combo_v1,3,2,2,Payton Pritchard,BOS,PRA,UNDER,20.5,True,5,Bruce Brown,DEN,AST,UNDER,1.5,True,True
2026-03-01,daily_top3_non_pts_else_top2_combo_v1,3,3,4,Josh Hart,NYK,REB,OVER,7.5,True,5,Bruce Brown,DEN,AST,UNDER,1.5,True,True
2026-03-02,daily_top3_non_pts_else_top2_combo_v1,3,1,3,Kyle Filipowski,UTA,PRA,OVER,26.5,True,4,Ryan Rollins,MIL,REB,UNDER,3.5,True,True
2026-03-02,daily_top3_non_pts_else_top2_combo_v1,3,2,3,Kyle Filipowski,UTA,PRA,OVER,26.5,True,5,Bub Carrington,WAS,AST,OVER,3.5,True,True
2026-03-02,daily_top3_non_pts_else_top2_combo_v1,3,3,4,Ryan Rollins,MIL,REB,UNDER,3.5,True,5,Bub Carrington,WAS,AST,OVER,3.5,True,True
2026-03-03,daily_top3_non_pts_else_top2_combo_v1,3,1,3,Victor Wembanyama,SAS,PRA,OVER,44.5,False,4,Cedric Coward,MEM,AST,UNDER,1.5,True,False
2026-03-03,daily_top3_non_pts_else_top2_combo_v1,3,2,3,Victor Wembanyama,SAS,PRA,OVER,44.5,False,5,P.J. Washington,DAL,REB,UNDER,5.5,True,False
2026-03-03,daily_top3_non_pts_else_top2_combo_v1,3,3,4,Cedric Coward,MEM,AST,UNDER,1.5,True,5,P.J. Washington,DAL,REB,UNDER,5.5,True,True
2026-03-04,daily_top3_non_pts_else_top2_combo_v1,3,1,2,Jalen Johnson,ATL,RA,UNDER,17.5,True,4,Ryan Rollins,MIL,AST,OVER,6.25,True,True
2026-03-04,daily_top3_non_pts_else_top2_combo_v1,3,2,2,Jalen Johnson,ATL,RA,UNDER,17.5,True,5,Nikola Vučević,BOS,REB,UNDER,6.5,True,True
2026-03-04,daily_top3_non_pts_else_top2_combo_v1,3,3,4,Ryan Rollins,MIL,AST,OVER,6.25,True,5,Nikola Vučević,BOS,REB,UNDER,6.5,True,True
2026-03-05,daily_top3_non_pts_else_top2_combo_v1,3,1,2,Luka Dončić,LAL,PRA,UNDER,48.5,True,4,Kyle Filipowski,UTA,REB,OVER,8.5,True,True
2026-03-05,daily_top3_non_pts_else_top2_combo_v1,3,2,2,Luka Dončić,LAL,PRA,UNDER,48.5,True,5,Zion Williamson,NOP,AST,OVER,4.5,True,True
2026-03-05,daily_top3_non_pts_else_top2_combo_v1,3,3,4,Kyle Filipowski,UTA,REB,OVER,8.5,True,5,Zion Williamson,NOP,AST,OVER,4.5,True,True
2026-03-06,daily_top3_non_pts_else_top2_combo_v1,3,1,3,Oso Ighodaro,PHX,PRA,UNDER,21.5,True,4,Christian Braun,DEN,REB,UNDER,4.5,True,True
2026-03-06,daily_top3_non_pts_else_top2_combo_v1,3,2,3,Oso Ighodaro,PHX,PRA,UNDER,21.5,True,5,Moussa Diabaté,CHA,REB,OVER,10.5,True,True
2026-03-06,daily_top3_non_pts_else_top2_combo_v1,3,3,4,Christian Braun,DEN,REB,UNDER,4.5,True,5,Moussa Diabaté,CHA,REB,OVER,10.5,True,True
2026-03-07,daily_top3_non_pts_else_top2_combo_v1,3,1,2,Ryan Rollins,MIL,PRA,UNDER,32.5,True,3,Isaiah Stewart,DET,REB,UNDER,5.5,True,True
2026-03-07,daily_top3_non_pts_else_top2_combo_v1,3,2,2,Ryan Rollins,MIL,PRA,UNDER,32.5,True,5,Cedric Coward,MEM,AST,UNDER,1.5,True,True
2026-03-07,daily_top3_non_pts_else_top2_combo_v1,3,3,3,Isaiah Stewart,DET,REB,UNDER,5.5,True,5,Cedric Coward,MEM,AST,UNDER,1.5,True,True
2026-03-08,daily_top3_non_pts_else_top2_combo_v1,3,1,2,Luka Dončić,LAL,PRA,UNDER,49.5,True,4,Jalen Duren,DET,REB,UNDER,10.5,True,True
2026-03-08,daily_top3_non_pts_else_top2_combo_v1,3,2,2,Luka Dončić,LAL,PRA,UNDER,49.5,True,5,Alex Sarr,WAS,AST,UNDER,1.5,True,True
2026-03-08,daily_top3_non_pts_else_top2_combo_v1,3,3,4,Jalen Duren,DET,REB,UNDER,10.5,True,5,Alex Sarr,WAS,AST,UNDER,1.5,True,True
2026-03-09,daily_top3_non_pts_else_top2_combo_v1,3,1,2,Brandin Podziemski,GSW,PRA,UNDER,30.5,True,4,Isaiah Joe,OKC,REB,UNDER,4.5,True,True
2026-03-09,daily_top3_non_pts_else_top2_combo_v1,3,2,2,Brandin Podziemski,GSW,PRA,UNDER,30.5,True,5,Cam Spencer,MEM,AST,OVER,6.5,True,True
2026-03-09,daily_top3_non_pts_else_top2_combo_v1,3,3,4,Isaiah Joe,OKC,REB,UNDER,4.5,True,5,Cam Spencer,MEM,AST,OVER,6.5,True,True
2026-03-10,daily_top3_non_pts_else_top2_combo_v1,3,1,3,Jalen Johnson,ATL,RA,UNDER,18.5,True,4,Khris Middleton,DAL,REB,UNDER,2.5,True,True
2026-03-10,daily_top3_non_pts_else_top2_combo_v1,3,2,3,Jalen Johnson,ATL,RA,UNDER,18.5,True,5,Bam Adebayo,MIA,REB,UNDER,11.5,True,True
2026-03-10,daily_top3_non_pts_else_top2_combo_v1,3,3,4,Khris Middleton,DAL,REB,UNDER,2.5,True,5,Bam Adebayo,MIA,REB,UNDER,11.5,True,True
2026-03-11,daily_top3_non_pts_else_top2_combo_v1,3,1,2,Evan Mobley,CLE,PRA,OVER,31.5,True,4,Nique Clifford,SAC,AST,OVER,4.5,True,True
2026-03-11,daily_top3_non_pts_else_top2_combo_v1,3,2,2,Evan Mobley,CLE,PRA,OVER,31.5,True,5,Anthony Edwards,MIN,REB,UNDER,5.5,True,True
2026-03-11,daily_top3_non_pts_else_top2_combo_v1,3,3,4,Nique Clifford,SAC,AST,OVER,4.5,True,5,Anthony Edwards,MIN,REB,UNDER,5.5,True,True
2026-03-12,daily_top3_non_pts_else_top2_combo_v1,3,1,3,Ryan Rollins,MIL,PRA,OVER,20.5,True,4,Javon Small,MEM,AST,OVER,7.5,True,True
2026-03-12,daily_top3_non_pts_else_top2_combo_v1,3,2,3,Ryan Rollins,MIL,PRA,OVER,20.5,True,5,Collin Gillespie,PHX,THREES,UNDER,2.5,True,True
2026-03-12,daily_top3_non_pts_else_top2_combo_v1,3,3,4,Javon Small,MEM,AST,OVER,7.5,True,5,Collin Gillespie,PHX,THREES,UNDER,2.5,True,True
2026-03-13,daily_top3_non_pts_else_top2_combo_v1,3,1,3,Khris Middleton,DAL,PRA,UNDER,15.5,True,4,Jalen Duren,DET,REB,OVER,10.5,True,True
2026-03-13,daily_top3_non_pts_else_top2_combo_v1,3,2,3,Khris Middleton,DAL,PRA,UNDER,15.5,True,5,Amen Thompson,HOU,AST,OVER,6.5,True,True
2026-03-13,daily_top3_non_pts_else_top2_combo_v1,3,3,4,Jalen Duren,DET,REB,OVER,10.5,True,5,Amen Thompson,HOU,AST,OVER,6.5,True,True
2026-03-14,daily_top3_non_pts_else_top2_combo_v1,3,1,3,Baylor Scheierman,BOS,PRA,OVER,13.5,True,4,Precious Achiuwa,SAC,REB,OVER,6.5,True,True
2026-03-14,daily_top3_non_pts_else_top2_combo_v1,3,2,3,Baylor Scheierman,BOS,PRA,OVER,13.5,True,5,VJ Edgecombe,PHI,AST,OVER,4.25,True,True
2026-03-14,daily_top3_non_pts_else_top2_combo_v1,3,3,4,Precious Achiuwa,SAC,REB,OVER,6.5,True,5,VJ Edgecombe,PHI,AST,OVER,4.25,True,True
2026-03-15,daily_top3_non_pts_else_top2_combo_v1,3,1,1,Nique Clifford,SAC,PRA,UNDER,27.5,True,4,Jalen Duren,DET,REB,OVER,11.5,False,False
2026-03-15,daily_top3_non_pts_else_top2_combo_v1,3,2,1,Nique Clifford,SAC,PRA,UNDER,27.5,True,5,Brandin Podziemski,GSW,AST,OVER,5.25,True,True
2026-03-15,daily_top3_non_pts_else_top2_combo_v1,3,3,4,Jalen Duren,DET,REB,OVER,11.5,False,5,Brandin Podziemski,GSW,AST,OVER,5.25,True,False
2026-03-16,daily_top3_non_pts_else_top2_combo_v1,3,1,2,Desmond Bane,ORL,PRA,UNDER,28.5,True,4,Baylor Scheierman,BOS,REB,OVER,4.5,True,True
2026-03-16,daily_top3_non_pts_else_top2_combo_v1,3,2,2,Desmond Bane,ORL,PRA,UNDER,28.5,True,5,Victor Wembanyama,SAS,AST,UNDER,2.5,True,True
2026-03-16,daily_top3_non_pts_else_top2_combo_v1,3,3,4,Baylor Scheierman,BOS,REB,OVER,4.5,True,5,Victor Wembanyama,SAS,AST,UNDER,2.5,True,True
2026-03-17,daily_top3_non_pts_else_top2_combo_v1,3,1,3,Kel'el Ware,MIA,PRA,OVER,15.0,True,4,Ryan Rollins,MIL,AST,UNDER,4.5,True,True
2026-03-17,daily_top3_non_pts_else_top2_combo_v1,3,2,3,Kel'el Ware,MIA,PRA,OVER,15.0,True,5,Precious Achiuwa,SAC,REB,UNDER,8.0,True,True
2026-03-17,daily_top3_non_pts_else_top2_combo_v1,3,3,4,Ryan Rollins,MIL,AST,UNDER,4.5,True,5,Precious Achiuwa,SAC,REB,UNDER,8.0,True,True
2026-03-18,daily_top3_non_pts_else_top2_combo_v1,3,1,2,Nikola Jokić,DEN,PRA,UNDER,48.5,False,4,Rudy Gobert,MIN,REB,UNDER,12.75,True,False
2026-03-18,daily_top3_non_pts_else_top2_combo_v1,3,2,2,Nikola Jokić,DEN,PRA,UNDER,48.5,False,5,Josh Giddey,CHI,REB,UNDER,8.5,True,False
2026-03-18,daily_top3_non_pts_else_top2_combo_v1,3,3,4,Rudy Gobert,MIN,REB,UNDER,12.75,True,5,Josh Giddey,CHI,REB,UNDER,8.5,True,True
2026-03-19,daily_top3_non_pts_else_top2_combo_v1,3,1,3,Ryan Rollins,MIL,PRA,UNDER,32.5,True,4,Kris Dunn,LAC,AST,UNDER,5.5,True,True
2026-03-19,daily_top3_non_pts_else_top2_combo_v1,3,2,3,Ryan Rollins,MIL,PRA,UNDER,32.5,True,5,Ausar Thompson,DET,REB,OVER,6.5,True,True
2026-03-19,daily_top3_non_pts_else_top2_combo_v1,3,3,4,Kris Dunn,LAC,AST,UNDER,5.5,True,5,Ausar Thompson,DET,REB,OVER,6.5,True,True
2026-03-20,daily_top3_non_pts_else_top2_combo_v1,3,1,2,Jaden McDaniels,MIN,PRA,OVER,23.5,True,3,Baylor Scheierman,BOS,REB,UNDER,4.5,True,True
2026-03-20,daily_top3_non_pts_else_top2_combo_v1,3,2,2,Jaden McDaniels,MIN,PRA,OVER,23.5,True,5,Amen Thompson,HOU,REB,UNDER,7.5,True,True
2026-03-20,daily_top3_non_pts_else_top2_combo_v1,3,3,3,Baylor Scheierman,BOS,REB,UNDER,4.5,True,5,Amen Thompson,HOU,REB,UNDER,7.5,True,True
2026-03-21,daily_top3_non_pts_else_top2_combo_v1,3,1,2,Quentin Grimes,PHI,PRA,OVER,31.5,True,4,Oso Ighodaro,PHX,REB,UNDER,7.5,True,True
2026-03-21,daily_top3_non_pts_else_top2_combo_v1,3,2,2,Quentin Grimes,PHI,PRA,OVER,31.5,True,5,Moussa Diabaté,CHA,REB,OVER,10.5,True,True
2026-03-21,daily_top3_non_pts_else_top2_combo_v1,3,3,4,Oso Ighodaro,PHX,REB,UNDER,7.5,True,5,Moussa Diabaté,CHA,REB,OVER,10.5,True,True
2026-03-22,daily_top3_non_pts_else_top2_combo_v1,3,1,1,Nique Clifford,SAC,PRA,UNDER,23.5,True,3,Jalen Brunson,NYK,AST,UNDER,6.5,True,True
2026-03-22,daily_top3_non_pts_else_top2_combo_v1,3,2,1,Nique Clifford,SAC,PRA,UNDER,23.5,True,5,Baylor Scheierman,BOS,REB,UNDER,4.5,True,True
2026-03-22,daily_top3_non_pts_else_top2_combo_v1,3,3,3,Jalen Brunson,NYK,AST,UNDER,6.5,True,5,Baylor Scheierman,BOS,REB,UNDER,4.5,True,True
2026-03-23,daily_top3_non_pts_else_top2_combo_v1,3,1,3,Paolo Banchero,ORL,PRA,OVER,40.5,True,4,Scottie Barnes,TOR,REB,UNDER,8.5,True,True
2026-03-23,daily_top3_non_pts_else_top2_combo_v1,3,2,3,Paolo Banchero,ORL,PRA,OVER,40.5,True,5,Nickeil Alexander-Walker,ATL,AST,OVER,4.5,True,True
2026-03-23,daily_top3_non_pts_else_top2_combo_v1,3,3,4,Scottie Barnes,TOR,REB,UNDER,8.5,True,5,Nickeil Alexander-Walker,ATL,AST,OVER,4.5,True,True
2026-03-24,daily_top3_non_pts_else_top2_combo_v1,2,1,2,Jeremiah Fears,NOP,PRA,OVER,12.5,True,4,Sam Merrill,CLE,AST,UNDER,2.0,True,True
2026-03-25,daily_top3_non_pts_else_top2_combo_v1,3,1,2,Will Riley,WAS,PRA,OVER,24.5,True,4,Cason Wallace,OKC,AST,UNDER,1.5,True,True
2026-03-25,daily_top3_non_pts_else_top2_combo_v1,3,2,2,Will Riley,WAS,PRA,OVER,24.5,True,5,Kawhi Leonard,LAC,REB,OVER,6.5,False,False
2026-03-25,daily_top3_non_pts_else_top2_combo_v1,3,3,4,Cason Wallace,OKC,AST,UNDER,1.5,True,5,Kawhi Leonard,LAC,REB,OVER,6.5,False,False
2026-03-26,daily_top3_non_pts_else_top2_combo_v1,2,1,2,Karl-Anthony Towns,NYK,REB,UNDER,10.5,True,3,Jeremiah Fears,NOP,PRA,OVER,14.5,True,True
2026-03-27,daily_top3_non_pts_else_top2_combo_v1,3,1,3,Josh Giddey,CHI,PRA,UNDER,33.5,True,4,Amen Thompson,HOU,REB,UNDER,7.5,False,False
2026-03-27,daily_top3_non_pts_else_top2_combo_v1,3,2,3,Josh Giddey,CHI,PRA,UNDER,33.5,True,5,Brandin Podziemski,GSW,AST,OVER,5.5,True,True
2026-03-27,daily_top3_non_pts_else_top2_combo_v1,3,3,4,Amen Thompson,HOU,REB,UNDER,7.5,False,5,Brandin Podziemski,GSW,AST,OVER,5.5,True,False
2026-03-28,daily_top3_non_pts_else_top2_combo_v1,3,1,1,Cody Williams,UTA,PRA,UNDER,20.5,True,4,Jalen Duren,DET,REB,OVER,10.5,True,True
2026-03-28,daily_top3_non_pts_else_top2_combo_v1,3,2,1,Cody Williams,UTA,PRA,UNDER,20.5,True,5,Josh Giddey,CHI,REB,OVER,9.5,True,True
2026-03-28,daily_top3_non_pts_else_top2_combo_v1,3,3,4,Jalen Duren,DET,REB,OVER,10.5,True,5,Josh Giddey,CHI,REB,OVER,9.5,True,True
2026-03-29,daily_top3_non_pts_else_top2_combo_v1,3,1,3,Nique Clifford,SAC,PRA,OVER,23.5,True,4,Derik Queen,NOP,REB,UNDER,4.5,True,True
2026-03-29,daily_top3_non_pts_else_top2_combo_v1,3,2,3,Nique Clifford,SAC,PRA,OVER,23.5,True,5,Jamal Shead,TOR,AST,OVER,7.5,True,True
2026-03-29,daily_top3_non_pts_else_top2_combo_v1,3,3,4,Derik Queen,NOP,REB,UNDER,4.5,True,5,Jamal Shead,TOR,AST,OVER,7.5,True,True
2026-03-30,daily_top3_non_pts_else_top2_combo_v1,3,1,2,Victor Wembanyama,SAS,PRA,OVER,42.5,True,4,Bub Carrington,WAS,AST,OVER,5.5,True,True
2026-03-30,daily_top3_non_pts_else_top2_combo_v1,3,2,2,Victor Wembanyama,SAS,PRA,OVER,42.5,True,5,James Harden,CLE,REB,OVER,4.5,True,True
2026-03-30,daily_top3_non_pts_else_top2_combo_v1,3,3,4,Bub Carrington,WAS,AST,OVER,5.5,True,5,James Harden,CLE,REB,OVER,4.5,True,True
2026-03-31,daily_top3_non_pts_else_top2_combo_v1,3,1,2,Deni Avdija,POR,PRA,OVER,39.5,True,4,Collin Gillespie,PHX,AST,UNDER,3.5,True,True
2026-03-31,daily_top3_non_pts_else_top2_combo_v1,3,2,2,Deni Avdija,POR,PRA,OVER,39.5,True,5,Moussa Diabaté,CHA,REB,OVER,9.5,True,True
2026-03-31,daily_top3_non_pts_else_top2_combo_v1,3,3,4,Collin Gillespie,PHX,AST,UNDER,3.5,True,5,Moussa Diabaté,CHA,REB,OVER,9.5,True,True
2026-04-01,daily_top3_non_pts_else_top2_combo_v1,3,1,2,OG Anunoby,NYK,PRA,OVER,25.5,True,4,Collin Sexton,CHI,REB,UNDER,3.5,True,True
2026-04-01,daily_top3_non_pts_else_top2_combo_v1,3,2,2,OG Anunoby,NYK,PRA,OVER,25.5,True,5,Pat Spencer,GSW,AST,OVER,5.5,True,True
2026-04-01,daily_top3_non_pts_else_top2_combo_v1,3,3,4,Collin Sexton,CHI,REB,UNDER,3.5,True,5,Pat Spencer,GSW,AST,OVER,5.5,True,True
2026-04-02,daily_top3_non_pts_else_top2_combo_v1,3,1,3,Deni Avdija,POR,PRA,UNDER,41.5,True,4,Ayo Dosunmu,MIN,REB,OVER,4.5,True,True
2026-04-02,daily_top3_non_pts_else_top2_combo_v1,3,2,3,Deni Avdija,POR,PRA,UNDER,41.5,True,5,Collin Gillespie,PHX,AST,UNDER,3.5,True,True
2026-04-02,daily_top3_non_pts_else_top2_combo_v1,3,3,4,Ayo Dosunmu,MIN,REB,OVER,4.5,True,5,Collin Gillespie,PHX,AST,UNDER,3.5,True,True
2026-04-03,daily_top3_non_pts_else_top2_combo_v1,3,1,2,Quentin Grimes,PHI,PRA,UNDER,15.5,True,4,Mitchell Robinson,NYK,REB,UNDER,11.5,True,True
2026-04-03,daily_top3_non_pts_else_top2_combo_v1,3,2,2,Quentin Grimes,PHI,PRA,UNDER,15.5,True,5,Nique Clifford,SAC,AST,OVER,4.5,True,True
2026-04-03,daily_top3_non_pts_else_top2_combo_v1,3,3,4,Mitchell Robinson,NYK,REB,UNDER,11.5,True,5,Nique Clifford,SAC,AST,OVER,4.5,True,True
2026-04-04,daily_top3_non_pts_else_top2_combo_v1,2,1,2,Will Riley,WAS,PRA,OVER,27.0,True,4,Jalen Duren,DET,REB,UNDER,11.5,True,True
2026-04-05,daily_top3_non_pts_else_top2_combo_v1,3,1,1,Jaylen Brown,BOS,PRA,UNDER,37.5,True,4,Isaiah Hartenstein,OKC,REB,UNDER,8.25,True,True
2026-04-05,daily_top3_non_pts_else_top2_combo_v1,3,2,1,Jaylen Brown,BOS,PRA,UNDER,37.5,True,5,Gui Santos,GSW,AST,UNDER,2.5,True,True
2026-04-05,daily_top3_non_pts_else_top2_combo_v1,3,3,4,Isaiah Hartenstein,OKC,REB,UNDER,8.25,True,5,Gui Santos,GSW,AST,UNDER,2.5,True,True
2026-04-06,daily_top3_non_pts_else_top2_combo_v1,3,1,2,Nickeil Alexander-Walker,ATL,PRA,UNDER,25.5,False,4,Nikola Jokić,DEN,AST,OVER,11.0,True,False
2026-04-06,daily_top3_non_pts_else_top2_combo_v1,3,2,2,Nickeil Alexander-Walker,ATL,PRA,UNDER,25.5,False,5,Jalen Duren,DET,REB,UNDER,10.5,True,False
2026-04-06,daily_top3_non_pts_else_top2_combo_v1,3,3,4,Nikola Jokić,DEN,AST,OVER,11.0,True,5,Jalen Duren,DET,REB,UNDER,10.5,True,True
2026-04-07,daily_top3_non_pts_else_top2_combo_v1,3,1,3,Jarace Walker,IND,PRA,UNDER,26.5,True,4,Precious Achiuwa,SAC,REB,UNDER,6.5,True,True
2026-04-07,daily_top3_non_pts_else_top2_combo_v1,3,2,3,Jarace Walker,IND,PRA,UNDER,26.5,True,5,Derik Queen,NOP,REB,OVER,8.5,True,True
2026-04-07,daily_top3_non_pts_else_top2_combo_v1,3,3,4,Precious Achiuwa,SAC,REB,UNDER,6.5,True,5,Derik Queen,NOP,REB,OVER,8.5,True,True
2026-04-08,daily_top3_non_pts_else_top2_combo_v1,3,1,3,Toumani Camara,POR,PRA,UNDER,17.5,False,4,Shai Gilgeous-Alexander,OKC,AST,OVER,5.5,True,False
2026-04-08,daily_top3_non_pts_else_top2_combo_v1,3,2,3,Toumani Camara,POR,PRA,UNDER,17.5,False,5,Jalen Duren,DET,REB,UNDER,9.5,True,False
2026-04-08,daily_top3_non_pts_else_top2_combo_v1,3,3,4,Shai Gilgeous-Alexander,OKC,AST,OVER,5.5,True,5,Jalen Duren,DET,REB,UNDER,9.5,True,True
2026-04-09,daily_top3_non_pts_else_top2_combo_v1,3,1,2,Pelle Larsson,MIA,PRA,UNDER,17.5,True,4,Jay Huff,IND,REB,OVER,5.5,True,True
2026-04-09,daily_top3_non_pts_else_top2_combo_v1,3,2,2,Pelle Larsson,MIA,PRA,UNDER,17.5,True,5,Jamal Shead,TOR,AST,UNDER,5.5,True,True
2026-04-09,daily_top3_non_pts_else_top2_combo_v1,3,3,4,Jay Huff,IND,REB,OVER,5.5,True,5,Jamal Shead,TOR,AST,UNDER,5.5,True,True
2026-04-10,daily_top3_non_pts_else_top2_combo_v1,3,1,3,Payton Pritchard,BOS,PRA,OVER,27.0,True,4,Jalen Duren,DET,REB,UNDER,9.5,True,True
2026-04-10,daily_top3_non_pts_else_top2_combo_v1,3,2,3,Payton Pritchard,BOS,PRA,OVER,27.0,True,5,Scottie Barnes,TOR,REB,UNDER,7.5,True,True
2026-04-10,daily_top3_non_pts_else_top2_combo_v1,3,3,4,Jalen Duren,DET,REB,UNDER,9.5,True,5,Scottie Barnes,TOR,REB,UNDER,7.5,True,True
2026-04-12,daily_top3_non_pts_else_top2_combo_v1,3,1,3,Bam Adebayo,MIA,PRA,OVER,37.5,True,4,Scottie Barnes,TOR,REB,UNDER,7.5,False,False
2026-04-12,daily_top3_non_pts_else_top2_combo_v1,3,2,3,Bam Adebayo,MIA,PRA,OVER,37.5,True,5,Baylor Scheierman,BOS,REB,OVER,6.5,True,True
2026-04-12,daily_top3_non_pts_else_top2_combo_v1,3,3,4,Scottie Barnes,TOR,REB,UNDER,7.5,False,5,Baylor Scheierman,BOS,REB,OVER,6.5,True,False
2026-04-14,daily_top3_non_pts_else_top2_combo_v1,2,1,3,Moussa Diabaté,CHA,REB,OVER,10.5,True,4,Jalen Green,PHX,PRA,OVER,26.5,True,True
2026-04-15,daily_top3_non_pts_else_top2_combo_v1,2,1,1,Tyrese Maxey,PHI,PTS,OVER,29.5,True,2,Kawhi Leonard,LAC,PTS,UNDER,29.5,True,True
2026-04-17,daily_top3_non_pts_else_top2_combo_v1,2,1,2,Oso Ighodaro,PHX,REB,UNDER,6.5,True,4,Stephen Curry,GSW,PRA,UNDER,35.5,True,True
2026-04-18,daily_top3_non_pts_else_top2_combo_v1,3,1,2,Ayo Dosunmu,MIN,PRA,UNDER,17.5,True,4,Collin Murray-Boyles,TOR,AST,OVER,1.5,True,True
2026-04-18,daily_top3_non_pts_else_top2_combo_v1,3,2,2,Ayo Dosunmu,MIN,PRA,UNDER,17.5,True,5,Keon Ellis,CLE,REB,OVER,1.5,True,True
2026-04-18,daily_top3_non_pts_else_top2_combo_v1,3,3,4,Collin Murray-Boyles,TOR,AST,OVER,1.5,True,5,Keon Ellis,CLE,REB,OVER,1.5,True,True
2026-04-19,daily_top3_non_pts_else_top2_combo_v1,3,1,2,Payton Pritchard,BOS,PRA,UNDER,20.5,False,4,Devin Booker,PHX,AST,OVER,5.5,False,False
2026-04-19,daily_top3_non_pts_else_top2_combo_v1,3,2,2,Payton Pritchard,BOS,PRA,UNDER,20.5,False,5,Daniss Jenkins,DET,REB,OVER,1.5,True,False
2026-04-19,daily_top3_non_pts_else_top2_combo_v1,3,3,4,Devin Booker,PHX,AST,OVER,5.5,False,5,Daniss Jenkins,DET,REB,OVER,1.5,True,False
2026-04-20,daily_top3_non_pts_else_top2_combo_v1,2,1,2,Scottie Barnes,TOR,PRA,OVER,33.5,True,4,James Harden,CLE,REB,OVER,4.5,True,True
2026-04-21,daily_top3_non_pts_else_top2_combo_v1,2,1,2,Marcus Smart,LAL,PRA,OVER,19.5,True,4,Jaylen Brown,BOS,REB,OVER,6.5,True,True
2026-04-22,daily_top3_non_pts_else_top2_combo_v1,2,1,1,Cade Cunningham,DET,PRA,OVER,43.5,True,3,Shai Gilgeous-Alexander,OKC,REB,OVER,4.5,True,True
