date,selectedRank,modelAction,tier,playerName,teamCode,gameKey,market,side,line,actualValue,actualSide,correct,projectedValue,lineGap,absLineGap,wfConfidence,metaProbCorrect,projectedMinutes,minutesVolatility,starterRateLast10,expectedMinutes,minutesLiftPct,lineupTimingConfidence,completenessScore,openingTeamSpread,openingTotal,missingCoreShare,stepUpRoleFlag,estimatedAccuracyPriorPct,baseScore,contextScore,contextAdjustment,correlationPenalty,finalScore,rejectionReason,components,riskFlags,contextFlags,contextNotes
2025-10-30,1,SELECTED,A,Myles Turner,MIL,0022500139,PRA,OVER,17.5,27.0,OVER,True,21.45,3.95,3.95,0.970474,0.75,,5.8,0.0,24.85,-0.1216,1.0,57.0,1.5,231.5,,False,90.16,0.857453,0.465,0.0,0.0,0.857453,,live_quality_router_v9;top200_accuracy_first;top200_primary,thin_context_completeness;minutes_lift_against_side,thin_context_completeness;minutes_lift_against_side,strong_lineup_timing;competitive_spread
2025-10-30,2,SELECTED,B,Bam Adebayo,MIA,0022500141,PTS,OVER,20.5,31.0,OVER,True,18.8,-1.7,1.7,0.873903,0.75,,7.86,0.0,25.96,-0.2333,1.0,67.0,5.5,233.5,,False,89.61,0.792764,0.458,0.0,0.0,0.792764,,live_quality_router_v9;top200_primary,projection_side_split;thin_context_completeness;minutes_lift_against_side,thin_context_completeness;minutes_lift_against_side,strong_lineup_timing;high_total_supports_counting_over
2025-10-30,3,SELECTED,C,CJ McCollum,WAS,0022500140,PTS,UNDER,14.5,19.0,OVER,False,18.23,3.73,3.73,0.839889,0.75,,4.96,0.0,30.51,-0.0583,1.0,54.0,15.5,229.5,,False,89.06,0.808668,0.425,0.0,0.006,0.802668,,live_quality_router_v9,projection_side_split;thin_context_completeness;blowout_spread_risk,thin_context_completeness;blowout_spread_risk,strong_lineup_timing
2025-10-31,1,SELECTED,A,Quentin Grimes,PHI,0022500021,PRA,OVER,17.5,21.0,OVER,True,26.7,9.2,9.2,0.931259,0.75,,4.62,0.0,32.96,0.1249,1.0,81.0,-4.0,221.5,,False,90.16,0.850395,0.59,0.0,0.0,0.850395,,live_quality_router_v9;top200_accuracy_first;top200_primary,,,strong_lineup_timing;minutes_lift_supports_over;competitive_spread
2025-10-31,2,SELECTED,A,Onyeka Okongwu,ATL,0022500020,REB,UNDER,9.5,9.0,UNDER,True,8.06,-1.44,1.44,0.905343,0.75,,4.95,0.0,28.41,0.0601,1.0,74.0,-1.5,229.5,,False,90.16,0.80413,0.56,0.0,0.0,0.80413,,live_quality_router_v9;top200_accuracy_first;top200_primary,,,strong_lineup_timing;competitive_spread
2025-10-31,3,SELECTED,B,Sandro Mamukelashvili,TOR,0022500022,PTS,OVER,6.5,11.0,OVER,True,7.81,1.31,1.31,0.848607,0.75,,2.21,,18.5,0.2107,1.0,74.0,8.5,234.5,,False,89.61,0.777811,0.618,0.0,0.0,0.777811,,live_quality_router_v9;top200_primary,,,strong_lineup_timing;stable_minutes;minutes_lift_supports_over;high_total_supports_counting_over
2025-10-31,4,SELECTED,C,Nikola Jokić,DEN,0022500026,PTS,UNDER,26.5,21.0,UNDER,True,22.42,-4.08,4.08,0.776719,0.75,,8.04,0.0,30.01,-0.1823,1.0,69.0,-4.5,235.5,,False,89.06,0.802297,0.465,0.0,0.006,0.796297,,live_quality_router_v9,thin_context_completeness;volatile_minutes,thin_context_completeness;volatile_minutes,strong_lineup_timing;minutes_lift_supports_under;competitive_spread
2025-10-31,5,SELECTED,C,Evan Mobley,CLE,0022500022,REB,UNDER,11.5,8.0,UNDER,True,8.25,-3.25,3.25,0.722565,0.75,,5.61,0.0,30.97,0.0013,1.0,73.0,-8.5,234.5,,False,89.06,0.78755,0.535,0.0,0.031,0.75655,,live_quality_router_v9,,,strong_lineup_timing
2025-11-01,1,SELECTED,A,Donte DiVincenzo,MIN,0022500143,PRA,OVER,23.5,25.0,OVER,True,18.56,-4.94,4.94,0.896326,0.75,,8.66,0.0,23.48,-0.1421,1.0,66.0,-4.5,234.5,,False,90.16,0.844107,0.388,0.0,0.0,0.844107,,live_quality_router_v9;top200_accuracy_first;top200_primary,projection_side_split;thin_context_completeness;volatile_minutes;minutes_lift_against_side;bench_role_context,thin_context_completeness;volatile_minutes;minutes_lift_against_side;bench_role_context,strong_lineup_timing;competitive_spread;high_total_supports_counting_over
2025-11-01,2,SELECTED,A,CJ McCollum,WAS,0022500145,PTS,OVER,15.5,13.0,UNDER,False,19.21,3.71,3.71,0.898069,0.75,,5.24,0.0,29.7,-0.0745,1.0,58.0,9.0,234.0,,False,90.16,0.82442,0.443,0.0,0.0,0.82442,,live_quality_router_v9;top200_accuracy_first;top200_primary,thin_context_completeness;blowout_spread_risk,thin_context_completeness;blowout_spread_risk,strong_lineup_timing;high_total_supports_counting_over
2025-11-01,3,SELECTED,B,LaMelo Ball,CHA,0022500143,AST,OVER,7.5,8.0,OVER,True,9.71,2.21,2.21,0.866502,0.75,,6.17,0.0,28.64,-0.1279,1.0,70.0,4.5,234.5,,False,89.61,0.805032,0.525,0.0,0.025,0.780032,,live_quality_router_v9;top200_primary,minutes_lift_against_side,minutes_lift_against_side,strong_lineup_timing;competitive_spread
2025-11-01,4,SELECTED,C,Pascal Siakam,IND,0022500144,PTS,UNDER,24.5,27.0,OVER,False,20.9,-3.6,3.6,0.804338,0.75,,8.91,0.0,29.79,-0.089,1.0,68.0,9.5,232.5,,False,89.06,0.807269,0.39,0.0,0.006,0.801269,,live_quality_router_v9,thin_context_completeness;volatile_minutes;blowout_spread_risk,thin_context_completeness;volatile_minutes;blowout_spread_risk,strong_lineup_timing;minutes_lift_supports_under
2025-11-01,5,SELECTED,C,Nique Clifford,SAC,0022500142,AST,OVER,0.5,0.0,UNDER,False,3.77,3.27,3.27,0.721181,0.75,,4.46,,25.29,0.0,1.0,51.0,6.5,233.0,,False,89.06,0.787301,0.475,0.0,0.006,0.781301,,live_quality_router_v9,thin_context_completeness,thin_context_completeness,strong_lineup_timing
2025-11-02,1,SELECTED,A,Quentin Grimes,PHI,0022500149,PTS,OVER,15.75,22.0,OVER,True,19.01,3.26,3.26,0.891624,0.75,,4.31,0.0,32.48,0.1078,1.0,79.0,-4.5,233.0,,False,90.16,0.84326,0.608,0.0,0.0,0.84326,,live_quality_router_v9;top200_accuracy_first;top200_primary,,,strong_lineup_timing;minutes_lift_supports_over;competitive_spread;high_total_supports_counting_over
2025-11-02,2,SELECTED,A,Jeremiah Fears,NOP,0022500148,PRA,OVER,14.5,24.0,OVER,True,20.94,6.44,6.44,0.910799,0.75,,3.82,,24.83,0.0,1.0,68.0,13.0,228.5,,False,90.16,0.826712,0.46,0.0,0.0,0.826712,,live_quality_router_v9;top200_accuracy_first;top200_primary,thin_context_completeness;blowout_spread_risk,thin_context_completeness;blowout_spread_risk,strong_lineup_timing;stable_minutes
2025-11-02,3,SELECTED,B,Stephon Castle,SAS,0022500154,PTS,OVER,17.5,26.0,OVER,True,18.81,1.31,1.31,0.842083,0.75,,5.0,0.0,30.55,0.137,1.0,76.0,-5.0,227.5,,False,89.61,0.776636,0.59,0.0,0.006,0.770636,,live_quality_router_v9;top200_primary,,,strong_lineup_timing;minutes_lift_supports_over;competitive_spread
2025-11-02,4,SELECTED,B,Jamal Shead,TOR,0022500152,AST,OVER,4.0,5.0,OVER,True,4.51,0.51,0.51,0.841248,0.75,,3.05,,16.86,-0.1191,1.0,73.0,-4.5,238.5,,False,89.61,0.755153,0.595,0.0,0.0,0.755153,,live_quality_router_v9;top200_primary,,,strong_lineup_timing;stable_minutes;competitive_spread
2025-11-03,1,SELECTED,A,Rui Hachimura,LAL,0022500163,PRA,OVER,15.5,33.0,OVER,True,22.18,6.68,6.68,0.938617,0.75,,3.96,,33.86,0.1249,1.0,72.0,9.5,227.5,,False,90.16,0.831719,0.55,0.0,0.0,0.831719,,live_quality_router_v9;top200_accuracy_first;top200_primary,blowout_spread_risk,blowout_spread_risk,strong_lineup_timing;stable_minutes;minutes_lift_supports_over
2025-11-03,2,SELECTED,B,CJ McCollum,WAS,0022500159,PTS,OVER,15.5,5.0,UNDER,False,16.75,1.25,1.25,0.887786,0.75,,5.5,0.0,28.73,-0.0923,1.0,61.0,13.0,234.0,,False,89.61,0.783263,0.443,0.0,0.0,0.783263,,live_quality_router_v9;top200_primary,thin_context_completeness;blowout_spread_risk,thin_context_completeness;blowout_spread_risk,strong_lineup_timing;high_total_supports_counting_over
2025-11-03,3,SELECTED,C,Derrick White,BOS,0022500158,PTS,OVER,19.5,10.0,UNDER,False,16.32,-3.18,3.18,0.716712,0.75,,5.82,,30.92,-0.093,1.0,69.0,-10.5,233.0,,False,89.06,0.786496,0.443,0.0,0.006,0.780496,,live_quality_router_v9,projection_side_split;thin_context_completeness;blowout_spread_risk,thin_context_completeness;blowout_spread_risk,strong_lineup_timing;high_total_supports_counting_over
2025-11-04,1,SELECTED,A,Ryan Kalkbrenner,CHA,0022500168,PRA,UNDER,11.5,23.0,OVER,False,17.5,6.0,6.0,0.933491,0.75,,5.12,,24.72,0.0444,1.0,70.0,1.5,234.5,,False,90.16,0.850796,0.56,0.0,0.0,0.850796,,live_quality_router_v9;top200_accuracy_first;top200_primary,projection_side_split,,strong_lineup_timing;competitive_spread
2025-11-04,2,SELECTED,A,Sandro Mamukelashvili,TOR,0022500165,AST,OVER,0.5,1.0,OVER,True,1.98,1.48,1.48,0.89801,0.75,,3.13,,17.63,0.1396,1.0,73.0,-2.5,237.5,,False,90.16,0.803876,0.625,0.0,0.0,0.803876,,live_quality_router_v9;top200_accuracy_first;top200_primary,,,strong_lineup_timing;stable_minutes;minutes_lift_supports_over;competitive_spread
2025-11-04,3,SELECTED,C,VJ Edgecombe,PHI,0022500167,PTS,OVER,15.5,12.0,UNDER,False,20.31,4.81,4.81,0.754745,0.75,,5.58,,35.78,0.0,1.0,65.0,1.5,238.5,,False,89.06,0.793342,0.518,0.0,0.0,0.793342,,live_quality_router_v9,thin_context_completeness,thin_context_completeness,strong_lineup_timing;competitive_spread;high_total_supports_counting_over
2025-11-04,4,SELECTED,C,Cole Anthony,MIL,0022500165,PTS,OVER,8.5,12.0,OVER,True,11.52,3.02,3.02,0.814313,0.75,,5.81,,18.35,-0.015,1.0,69.0,2.5,237.5,,False,89.06,0.804064,0.518,0.0,0.031,0.773064,,live_quality_router_v9,thin_context_completeness,thin_context_completeness,strong_lineup_timing;competitive_spread;high_total_supports_counting_over
2025-11-05,1,SELECTED,A,Bilal Coulibaly,WAS,0022500174,PTS,UNDER,12.5,1.0,UNDER,True,10.56,-1.94,1.94,0.891845,0.75,,7.88,0.0,28.87,-0.0361,1.0,79.0,13.0,232.5,,False,90.16,0.815034,0.485,0.0,0.0,0.815034,,live_quality_router_v9;top200_accuracy_first;top200_primary,blowout_spread_risk,blowout_spread_risk,strong_lineup_timing
2025-11-05,2,SELECTED,B,Jordan Clarkson,NYK,0022500175,PRA,UNDER,20.5,7.0,UNDER,True,14.38,-6.12,6.12,0.85713,0.75,,3.37,,17.51,-0.2692,1.0,73.0,-3.5,228.5,,False,89.61,0.829411,0.625,0.0,0.0,0.829411,,live_quality_router_v9;top200_primary,,,strong_lineup_timing;stable_minutes;minutes_lift_supports_under;competitive_spread
2025-11-05,3,SELECTED,B,Cedric Coward,MEM,0022500176,PTS,UNDER,12.5,7.0,UNDER,True,14.58,2.08,2.08,0.84028,0.75,,2.9,,25.55,0.0319,1.0,73.0,7.5,232.5,,False,89.61,0.796845,0.57,0.0,0.006,0.790845,,live_quality_router_v9;top200_primary,projection_side_split,,strong_lineup_timing;stable_minutes
2025-11-05,4,SELECTED,C,Kel'el Ware,MIA,0022500178,REB,OVER,5.5,13.0,OVER,True,7.94,2.44,2.44,0.803156,0.75,,5.4,,21.12,-0.0343,1.0,69.0,9.0,241.5,,False,89.06,0.787123,0.425,0.0,0.0,0.787123,,live_quality_router_v9,thin_context_completeness;blowout_spread_risk,thin_context_completeness;blowout_spread_risk,strong_lineup_timing
2025-11-06,1,SELECTED,A,Brook Lopez,LAC,0022500182,PRA,UNDER,9.5,9.0,UNDER,True,13.91,4.41,4.41,0.898881,0.450484,,1.9,,16.28,-0.3488,1.0,75.0,-4.5,227.5,,False,90.16,0.807634,0.625,0.0,0.0,0.807634,,live_quality_router_v9;top200_accuracy_first;top200_primary,projection_side_split,,strong_lineup_timing;stable_minutes;minutes_lift_supports_under;competitive_spread
2025-11-07,1,SELECTED,A,Sandro Mamukelashvili,TOR,0022500030,PRA,UNDER,19.5,19.0,UNDER,True,12.43,-7.07,7.07,0.899798,0.621587,,3.55,,18.01,0.1356,1.0,72.0,-1.5,234.5,,False,90.16,0.826754,0.56,0.0,0.0,0.826754,,live_quality_router_v9;top200_accuracy_first;top200_primary,minutes_lift_against_side,minutes_lift_against_side,strong_lineup_timing;stable_minutes;competitive_spread
2025-11-07,2,SELECTED,B,Isaiah Collier,UTA,0022500036,PTS,OVER,7.5,10.0,OVER,True,13.26,5.76,5.76,0.852386,0.74777,,2.57,0.0,30.7,0.1858,1.0,94.0,13.5,229.5,,False,89.61,0.823245,0.595,0.0,0.0,0.823245,,live_quality_router_v9;top200_primary,blowout_spread_risk,blowout_spread_risk,high_data_completeness;strong_lineup_timing;stable_minutes;minutes_lift_supports_over
2025-11-07,3,SELECTED,B,Harrison Barnes,SAS,0022500032,PTS,OVER,9.5,24.0,OVER,True,11.78,2.28,2.28,0.853889,0.727028,,5.1,,26.84,-0.015,1.0,70.0,3.0,227.0,,False,89.61,0.801412,0.56,0.0,0.006,0.795412,,live_quality_router_v9;top200_primary,,,strong_lineup_timing;competitive_spread
2025-11-08,1,SELECTED,A,Davion Mitchell,MIA,0022500187,PRA,OVER,16.0,21.0,OVER,True,19.94,3.94,3.94,0.903126,0.626535,,5.48,,28.5,0.039,1.0,69.0,2.5,241.5,,False,90.16,0.828046,0.518,0.0,0.0,0.828046,,live_quality_router_v9;top200_accuracy_first;top200_primary,thin_context_completeness,thin_context_completeness,strong_lineup_timing;competitive_spread;high_total_supports_counting_over
2025-11-08,2,SELECTED,A,Quentin Grimes,PHI,0022500184,PTS,OVER,14.5,13.0,UNDER,False,19.82,5.32,5.32,0.904414,0.46159,,3.67,0.0,31.4,0.0688,1.0,74.0,-4.5,236.5,,False,90.16,0.805185,0.613,0.0,0.0,0.805185,,live_quality_router_v9;top200_accuracy_first;top200_primary,,,strong_lineup_timing;stable_minutes;competitive_spread;high_total_supports_counting_over
2025-11-08,3,SELECTED,B,Deandre Ayton,LAL,0022500185,PTS,OVER,15.5,11.0,UNDER,False,18.12,2.62,2.62,0.849061,0.720506,,5.55,,30.75,0.0219,1.0,69.0,-3.5,232.5,,False,89.61,0.808697,0.518,0.0,0.006,0.802697,,live_quality_router_v9;top200_primary,thin_context_completeness,thin_context_completeness,strong_lineup_timing;competitive_spread;high_total_supports_counting_over
2025-11-09,1,SELECTED,A,Tyrese Maxey,PHI,0022500195,PTS,OVER,28.5,33.0,OVER,True,30.47,1.97,1.97,0.902475,0.518947,,4.37,,40.32,0.0712,1.0,71.0,2.5,232.5,,False,90.16,0.785399,0.578,0.0,0.0,0.785399,,live_quality_router_v9;top200_accuracy_first;top200_primary,,,strong_lineup_timing;competitive_spread;high_total_supports_counting_over
2025-11-09,2,SELECTED,A,Isaiah Hartenstein,OKC,0022500194,PTS,OVER,11.0,18.0,OVER,True,12.49,1.49,1.49,0.90529,0.550501,,4.19,,30.03,0.1341,1.0,71.0,-10.5,233.5,,False,90.16,0.757524,0.533,0.0,0.006,0.751524,,live_quality_router_v9;top200_accuracy_first;top200_primary,blowout_spread_risk,blowout_spread_risk,strong_lineup_timing;minutes_lift_supports_over;high_total_supports_counting_over
2025-11-10,1,SELECTED,A,Ryan Kalkbrenner,CHA,0022500198,PRA,OVER,11.0,13.0,OVER,True,17.76,6.76,6.76,0.919981,0.773708,,4.84,,26.14,0.0722,1.0,70.0,6.5,231.5,,False,90.16,0.851684,0.535,0.0,0.0,0.851684,,live_quality_router_v9;top200_accuracy_first;top200_primary,,,strong_lineup_timing
2025-11-10,2,SELECTED,B,Isaiah Collier,UTA,0022500205,PTS,OVER,6.5,5.0,UNDER,False,13.31,6.81,6.81,0.881073,0.536288,,2.79,0.0,30.53,0.1792,1.0,92.0,8.5,233.5,,False,89.61,0.798801,0.663,0.0,0.0,0.798801,,live_quality_router_v9;top200_primary,,,high_data_completeness;strong_lineup_timing;stable_minutes;minutes_lift_supports_over;high_total_supports_counting_over
2025-11-11,1,SELECTED,A,Isaiah Collier,UTA,0022500211,PTS,OVER,6.5,14.0,OVER,True,11.22,4.72,4.72,0.928322,0.442183,,5.24,0.0,29.11,0.1305,1.0,86.0,2.5,227.5,,False,90.16,0.806772,0.59,0.0,0.0,0.806772,,live_quality_router_v9;top200_accuracy_first;top200_primary,,,strong_lineup_timing;minutes_lift_supports_over;competitive_spread
2025-11-11,2,SELECTED,A,Russell Westbrook,SAC,0022500212,PTS,OVER,11.5,14.0,OVER,True,17.03,5.53,5.53,0.919433,0.442294,,7.59,,27.99,0.0639,1.0,66.0,6.5,237.5,,False,90.16,0.805187,0.493,0.0,0.006,0.799187,,live_quality_router_v9;top200_accuracy_first;top200_primary,thin_context_completeness,thin_context_completeness,strong_lineup_timing;high_total_supports_counting_over
2025-11-11,3,SELECTED,B,Quentin Grimes,PHI,0022500209,PRA,OVER,17.5,28.0,OVER,True,26.29,8.79,8.79,0.861278,0.711458,,3.3,,31.03,0.0594,1.0,73.0,-3.5,231.5,,False,89.61,0.819762,0.595,0.0,0.0,0.819762,,live_quality_router_v9;top200_primary,,,strong_lineup_timing;stable_minutes;competitive_spread
2025-11-12,1,SELECTED,A,Luke Kornet,SAS,0022500220,PTS,OVER,5.5,12.0,OVER,True,11.15,5.65,5.65,0.930705,0.557773,,5.97,0.0,20.33,0.1189,1.0,60.0,-5.5,227.5,,False,90.16,0.823383,0.475,0.0,0.0,0.823383,,live_quality_router_v9;top200_accuracy_first;top200_primary,thin_context_completeness;bench_role_context,thin_context_completeness;bench_role_context,strong_lineup_timing;minutes_lift_supports_over
2025-11-12,2,SELECTED,B,Kyle Kuzma,MIL,0022500213,PRA,UNDER,16.5,15.0,UNDER,True,21.18,4.68,4.68,0.864895,0.784378,,6.05,,25.02,-0.1464,1.0,68.0,-4.5,233.5,,False,89.61,0.835622,0.53,0.0,0.0,0.835622,,live_quality_router_v9;top200_primary,projection_side_split;thin_context_completeness,thin_context_completeness,strong_lineup_timing;minutes_lift_supports_under;competitive_spread
2025-11-12,3,SELECTED,B,Luka Dončić,LAL,0022500222,PTS,OVER,31.5,19.0,UNDER,False,35.39,3.89,3.89,0.859486,0.750719,,6.13,0.0,35.46,-0.0317,1.0,70.0,6.5,228.5,,False,89.61,0.824936,0.535,0.0,0.006,0.818936,,live_quality_router_v9;top200_primary,,,strong_lineup_timing
2025-11-13,1,SELECTED,A,Vít Krejčí,ATL,0022500227,PTS,OVER,5.5,20.0,OVER,True,10.08,4.58,4.58,0.902444,0.84192,,5.55,,18.86,0.0921,1.0,69.0,-1.5,233.5,,False,90.71,0.870717,0.548,0.0,0.0,0.870717,,live_quality_router_v9;top200_accuracy_first;top200_meta_reliability;top200_primary,thin_context_completeness,thin_context_completeness,strong_lineup_timing;minutes_lift_supports_over;competitive_spread;high_total_supports_counting_over
2025-11-13,2,SELECTED,B,Jakob Poeltl,TOR,0022500225,PTS,OVER,9.5,20.0,OVER,True,11.11,1.61,1.61,0.863571,0.846102,,3.85,0.0,24.17,-0.1281,1.0,74.0,6.5,238.5,,False,90.16,0.814598,0.553,0.0,0.006,0.808598,,live_quality_router_v9;top200_meta_reliability;top200_primary,minutes_lift_against_side,minutes_lift_against_side,strong_lineup_timing;stable_minutes;high_total_supports_counting_over
2025-11-13,3,SELECTED,C,Kyle Filipowski,UTA,0022500227,PRA,UNDER,28.5,20.0,UNDER,True,16.7,-11.8,11.8,0.814219,0.720442,,4.54,,19.49,-0.067,1.0,71.0,1.5,233.5,,False,89.06,0.799909,0.56,0.0,0.025,0.774909,,live_quality_router_v9,,,strong_lineup_timing;competitive_spread
2025-11-14,1,SELECTED,A,Deandre Ayton,LAL,0022500045,PRA,OVER,17.5,38.0,OVER,True,24.1,6.6,6.6,0.926971,0.834235,,6.39,,29.67,0.0051,1.0,68.0,-10.5,229.5,,False,90.71,0.854056,0.425,0.0,0.0,0.854056,,live_quality_router_v9;top200_accuracy_first;top200_meta_reliability;top200_primary,thin_context_completeness;blowout_spread_risk,thin_context_completeness;blowout_spread_risk,strong_lineup_timing
2025-11-14,2,SELECTED,B,Harrison Barnes,SAS,0022500047,PTS,OVER,9.5,7.0,UNDER,False,12.88,3.38,3.38,0.762723,0.891817,,4.06,,29.72,0.0867,1.0,72.0,-1.0,231.5,,False,89.61,0.827273,0.59,0.0,0.0,0.827273,,live_quality_router_v9;top200_meta_reliability,,,strong_lineup_timing;minutes_lift_supports_over;competitive_spread
2025-11-14,3,SELECTED,B,Ryan Rollins,MIL,0022500043,PTS,OVER,14.5,20.0,OVER,True,16.86,2.36,2.36,0.840455,0.744478,,3.25,,31.48,0.9937,1.0,73.0,-10.5,237.5,,False,89.61,0.80357,0.568,0.0,0.006,0.79757,,live_quality_router_v9;top200_primary,blowout_spread_risk,blowout_spread_risk,strong_lineup_timing;stable_minutes;minutes_lift_supports_over;high_total_supports_counting_over
2025-11-15,1,SELECTED,A,Jakob Poeltl,TOR,0022500230,PRA,OVER,15.5,32.0,OVER,True,22.21,6.71,6.71,0.897799,0.841903,,3.59,,24.01,-0.1323,1.0,72.0,-6.5,232.5,,False,90.71,0.869878,0.553,0.0,0.0,0.869878,,live_quality_router_v9;top200_accuracy_first;top200_meta_reliability;top200_primary,minutes_lift_against_side,minutes_lift_against_side,strong_lineup_timing;stable_minutes;high_total_supports_counting_over
2025-11-15,2,SELECTED,C,Pascal Siakam,IND,0022500230,PTS,UNDER,25.5,30.0,OVER,False,21.95,-3.55,3.55,0.760249,0.708752,,3.84,,34.01,0.0344,1.0,72.0,6.5,232.5,,False,89.06,0.788558,0.57,0.0,0.025,0.763558,,live_quality_router_v9,,,strong_lineup_timing;stable_minutes
2025-11-16,1,SELECTED,B,Kyle Filipowski,UTA,0022500240,PRA,UNDER,29.5,18.0,UNDER,True,18.01,-11.49,11.49,0.886507,0.795584,,4.13,,18.72,-0.1022,1.0,71.0,4.5,238.5,,False,89.61,0.841081,0.57,0.0,0.0,0.841081,,live_quality_router_v9;top200_primary,total_environment_against_side,total_environment_against_side,strong_lineup_timing;minutes_lift_supports_under;competitive_spread
2025-11-16,2,SELECTED,B,Harrison Barnes,SAS,0022500234,PTS,OVER,11.0,20.0,OVER,True,12.4,1.4,1.4,0.800001,0.892694,,3.79,,29.11,0.0636,1.0,72.0,-5.5,237.5,,False,89.61,0.791439,0.588,0.0,0.0,0.791439,,live_quality_router_v9;top200_meta_reliability,,,strong_lineup_timing;stable_minutes;high_total_supports_counting_over
2025-11-16,3,SELECTED,C,Noah Clowney,BKN,0022500235,PTS,UNDER,13.5,12.0,UNDER,True,10.67,-2.83,2.83,0.812259,0.721979,,6.21,,25.57,0.2223,1.0,68.0,3.5,231.5,,False,89.06,0.795238,0.465,0.0,0.006,0.789238,,live_quality_router_v9,thin_context_completeness;minutes_lift_against_side,thin_context_completeness;minutes_lift_against_side,strong_lineup_timing;competitive_spread
2025-11-17,1,SELECTED,A,Quentin Grimes,PHI,0022500243,PRA,OVER,13.25,24.0,OVER,True,24.22,10.97,10.97,0.903383,0.899735,,3.46,,30.87,0.0597,1.0,72.0,-4.5,222.5,,False,90.71,0.87898,0.595,0.0,0.0,0.87898,,live_quality_router_v9;top200_accuracy_first;top200_meta_reliability;top200_primary,,,strong_lineup_timing;stable_minutes;competitive_spread
2025-11-17,2,SELECTED,B,Collin Sexton,CHA,0022500245,PTS,UNDER,13.5,17.0,OVER,False,15.82,2.32,2.32,0.844242,0.448735,,5.01,,26.69,0.0325,1.0,70.0,7.5,237.5,,False,89.61,0.761781,0.515,0.0,0.0,0.761781,,live_quality_router_v9;top200_primary,projection_side_split;total_environment_against_side,total_environment_against_side,strong_lineup_timing
2025-11-17,3,SELECTED,C,RJ Barrett,TOR,0022500245,PTS,OVER,18.5,16.0,UNDER,False,20.44,1.94,1.94,0.82599,0.775819,,3.01,,31.86,-0.005,1.0,73.0,-7.5,237.5,,False,89.06,0.781514,0.588,0.0,0.031,0.750514,,live_quality_router_v9,,,strong_lineup_timing;stable_minutes;high_total_supports_counting_over
2025-11-18,1,SELECTED,C,Vít Krejčí,ATL,0022500251,PRA,OVER,11.5,14.0,OVER,True,15.97,4.47,4.47,0.7748,0.75351,,6.38,,21.06,0.2083,1.0,68.0,0.25,229.5,,False,89.06,0.797443,0.53,0.0,0.0,0.797443,,live_quality_router_v9,thin_context_completeness,thin_context_completeness,strong_lineup_timing;minutes_lift_supports_over;competitive_spread
2025-11-18,2,SELECTED,C,Svi Mykhailiuk,UTA,0022500253,PTS,OVER,7.5,13.0,OVER,True,10.53,3.03,3.03,0.737918,0.712694,,4.61,,26.75,0.3911,1.0,71.0,12.5,236.5,,False,89.06,0.78509,0.533,0.0,0.0,0.78509,,live_quality_router_v9,blowout_spread_risk,blowout_spread_risk,strong_lineup_timing;minutes_lift_supports_over;high_total_supports_counting_over
2025-11-19,1,SELECTED,S,Kel'el Ware,MIA,0022500257,REB,UNDER,9.5,16.0,OVER,False,11.05,1.55,1.55,0.741986,0.604912,,7.03,,25.72,0.1436,1.0,67.0,-5.5,230.5,,False,93.7,0.764339,0.44,0.0,0.0,0.764339,,live_quality_router_v9;top200_premium_90,projection_side_split;thin_context_completeness;minutes_lift_against_side,thin_context_completeness;minutes_lift_against_side,strong_lineup_timing
2025-11-19,2,SELECTED,B,Tre Johnson,WAS,0022500259,PRA,UNDER,19.0,11.0,UNDER,True,14.48,-4.52,4.52,0.858656,0.735642,,3.25,,24.51,0.0141,1.0,73.0,15.5,237.0,,False,89.61,0.822676,0.5,0.0,0.0,0.822676,,live_quality_router_v9;top200_primary,blowout_spread_risk;total_environment_against_side,blowout_spread_risk;total_environment_against_side,strong_lineup_timing;stable_minutes
2025-11-19,3,SELECTED,B,Kon Knueppel,CHA,0022500256,PTS,OVER,17.5,28.0,OVER,True,20.42,2.92,2.92,0.842087,0.586386,,4.68,,34.24,0.123,1.0,71.0,1.0,234.75,,False,89.61,0.796664,0.608,0.0,0.0,0.796664,,live_quality_router_v9;top200_primary,,,strong_lineup_timing;minutes_lift_supports_over;competitive_spread;high_total_supports_counting_over
2025-11-19,4,SELECTED,B,RJ Barrett,TOR,0022500258,PTS,OVER,18.5,22.0,OVER,True,20.77,2.27,2.27,0.85113,0.661957,,3.02,,31.93,-0.0022,1.0,73.0,2.5,237.5,,False,89.61,0.791539,0.613,0.0,0.006,0.785539,,live_quality_router_v9;top200_primary,,,strong_lineup_timing;stable_minutes;competitive_spread;high_total_supports_counting_over
2025-11-20,1,SELECTED,C,Keldon Johnson,SAS,0022500267,PRA,OVER,14.5,34.0,OVER,True,19.23,4.73,4.73,0.819551,0.795413,,3.38,,23.44,-0.0541,1.0,73.0,-1.5,229.75,,False,89.06,0.811365,0.595,0.0,0.0,0.811365,,live_quality_router_v9,,,strong_lineup_timing;stable_minutes;competitive_spread
2025-11-20,2,SELECTED,C,Cedric Coward,MEM,0022500265,PTS,UNDER,16.5,19.0,OVER,False,13.42,-3.08,3.08,0.783255,0.685619,,2.04,,27.75,0.0814,1.0,75.0,-2.5,234.25,,False,89.06,0.78946,0.595,0.0,0.0,0.78946,,live_quality_router_v9,,,strong_lineup_timing;stable_minutes;competitive_spread
2025-11-20,3,SELECTED,C,Drew Eubanks,SAC,0022500265,REB,UNDER,5.5,5.0,UNDER,True,3.15,-2.35,2.35,0.796184,0.784295,,8.07,,16.15,0.1215,1.0,65.0,2.5,234.25,,False,89.06,0.788269,0.4,0.0,0.025,0.763269,,live_quality_router_v9,thin_context_completeness;volatile_minutes;minutes_lift_against_side,thin_context_completeness;volatile_minutes;minutes_lift_against_side,strong_lineup_timing;competitive_spread
2025-11-21,1,SELECTED,A,Bub Carrington,WAS,0022500050,PRA,UNDER,17.5,12.0,UNDER,True,12.95,-4.55,4.55,0.891955,0.831372,,5.37,,24.67,-0.1467,1.0,69.0,13.25,239.5,,False,90.71,0.872352,0.435,0.0,0.0,0.872352,,live_quality_router_v9;top200_accuracy_first;top200_meta_reliability;top200_primary,thin_context_completeness;blowout_spread_risk;total_environment_against_side,thin_context_completeness;blowout_spread_risk;total_environment_against_side,strong_lineup_timing;minutes_lift_supports_under
2025-11-22,1,SELECTED,B,Kon Knueppel,CHA,0022500268,PRA,OVER,25.5,28.0,OVER,True,30.97,5.47,5.47,0.88076,0.837699,,4.45,,35.74,0.1507,1.0,71.0,1.75,228.5,,False,90.16,0.853583,0.59,0.0,0.0,0.853583,,live_quality_router_v9;top200_meta_reliability;top200_primary,,,strong_lineup_timing;minutes_lift_supports_over;competitive_spread
2025-11-23,1,SELECTED,C,Ivica Zubac,LAC,0022500278,PRA,OVER,27.5,55.0,OVER,True,31.72,4.22,4.22,0.842362,0.779995,,5.36,,32.47,0.0434,1.0,69.0,7.5,229.5,,False,89.06,0.813313,0.475,0.0,0.0,0.813313,,live_quality_router_v9,thin_context_completeness,thin_context_completeness,strong_lineup_timing
2025-11-24,1,SELECTED,A,Kyle Filipowski,UTA,0022500291,PRA,UNDER,27.5,21.0,UNDER,True,18.03,-9.47,9.47,0.97267,0.831664,,3.2,,20.92,0.0005,1.0,73.0,14.5,239.5,,False,90.71,0.881922,0.5,0.0,0.0,0.881922,,live_quality_router_v9;top200_accuracy_first;top200_meta_reliability;top200_primary,blowout_spread_risk;total_environment_against_side,blowout_spread_risk;total_environment_against_side,strong_lineup_timing;stable_minutes
2025-11-24,2,SELECTED,A,Derik Queen,NOP,0022500289,PTS,OVER,16.5,8.0,UNDER,False,17.36,0.86,0.86,0.893946,0.654918,,4.14,,28.85,0.1921,1.0,71.0,4.75,241.5,,False,90.16,0.7733,0.608,0.0,0.0,0.7733,,live_quality_router_v9;top200_accuracy_first;top200_primary,,,strong_lineup_timing;minutes_lift_supports_over;competitive_spread;high_total_supports_counting_over
2025-11-24,3,SELECTED,B,Ryan Rollins,MIL,0022500288,PTS,UNDER,23.5,10.0,UNDER,True,20.95,-2.55,2.55,0.855812,0.59924,,3.65,,31.84,0.9032,1.0,72.0,-2.5,236.25,,False,89.61,0.791068,0.54,0.0,0.006,0.785068,,live_quality_router_v9;top200_primary,minutes_lift_against_side;total_environment_against_side,minutes_lift_against_side;total_environment_against_side,strong_lineup_timing;stable_minutes;competitive_spread
2025-11-25,1,SELECTED,B,Tyrese Maxey,PHI,0022500058,PTS,UNDER,32.0,20.0,UNDER,True,30.88,-1.12,1.12,0.855943,0.579541,,3.45,,39.21,0.0392,1.0,72.0,0.0,228.5,,False,89.61,0.7502,0.595,0.0,0.0,0.7502,,live_quality_router_v9;top200_primary,,,strong_lineup_timing;stable_minutes;competitive_spread
2025-11-26,1,SELECTED,A,Precious Achiuwa,SAC,0022500068,PRA,OVER,20.5,22.0,OVER,True,14.15,-6.35,6.35,0.890232,0.484836,,7.59,,21.62,0.0572,1.0,66.0,3.5,234.5,,False,90.16,0.805887,0.518,0.0,0.0,0.805887,,live_quality_router_v9;top200_accuracy_first;top200_primary,projection_side_split;thin_context_completeness,thin_context_completeness,strong_lineup_timing;competitive_spread;high_total_supports_counting_over
2025-11-26,2,SELECTED,A,Brandon Miller,CHA,0022500061,PTS,UNDER,18.5,18.0,UNDER,True,16.92,-1.58,1.58,0.894665,0.669082,,7.66,0.0,25.62,-0.2016,1.0,72.0,7.0,236.5,,False,90.16,0.799612,0.545,0.0,0.0,0.799612,,live_quality_router_v9;top200_accuracy_first;top200_primary,total_environment_against_side,total_environment_against_side,strong_lineup_timing;minutes_lift_supports_under
2025-11-28,1,SELECTED,B,Miles Bridges,CHA,0022500071,PRA,OVER,24.5,37.0,OVER,True,32.66,8.16,8.16,0.880882,0.84259,,4.13,,35.97,0.0542,1.0,71.0,3.5,247.0,,False,90.16,0.854289,0.578,0.0,0.0,0.854289,,live_quality_router_v9;top200_meta_reliability;top200_primary,,,strong_lineup_timing;competitive_spread;high_total_supports_counting_over
2025-11-28,2,SELECTED,C,Tyrese Martin,BKN,0022500070,PTS,UNDER,12.5,16.0,OVER,False,9.52,-2.98,2.98,0.748124,0.686887,,4.36,,22.42,0.1199,1.0,71.0,6.0,228.5,,False,89.06,0.782781,0.535,0.0,0.0,0.782781,,live_quality_router_v9,,,strong_lineup_timing
2025-11-29,1,SELECTED,C,Brandon Miller,CHA,0022500294,PRA,UNDER,27.5,12.0,UNDER,True,23.67,-3.83,3.83,0.800366,0.735114,,7.17,0.0,24.96,-0.221,1.0,69.0,7.5,232.5,,False,89.06,0.80447,0.505,0.0,0.0,0.80447,,live_quality_router_v9,thin_context_completeness,thin_context_completeness,strong_lineup_timing;minutes_lift_supports_under
2025-11-29,2,SELECTED,C,Kyle Kuzma,MIL,0022500297,PTS,OVER,10.5,11.0,OVER,True,14.0,3.5,3.5,0.784906,0.648787,,6.7,,28.22,-0.0309,1.0,67.0,-10.0,224.5,,False,89.06,0.784601,0.425,0.0,0.0,0.784601,,live_quality_router_v9,thin_context_completeness;blowout_spread_risk,thin_context_completeness;blowout_spread_risk,strong_lineup_timing
2025-11-30,1,SELECTED,A,Deandre Ayton,LAL,0022500308,PRA,OVER,17.5,35.0,OVER,True,27.36,9.86,9.86,0.89786,0.824666,,6.83,,28.61,-0.0308,1.0,67.0,-14.5,234.5,,False,90.16,0.834836,0.443,0.0,0.0,0.834836,,live_quality_router_v9;top200_accuracy_first;top200_primary,thin_context_completeness;blowout_spread_risk,thin_context_completeness;blowout_spread_risk,strong_lineup_timing;high_total_supports_counting_over
2025-12-01,1,SELECTED,A,Bobby Portis,MIL,0022500311,PRA,UNDER,32.5,17.0,UNDER,True,20.64,-11.86,11.86,0.945102,0.818321,,3.6,,22.61,-0.0865,1.0,72.0,-9.75,237.25,,False,90.16,0.867451,0.53,0.0,0.0,0.867451,,live_quality_router_v9;top200_accuracy_first;top200_primary,blowout_spread_risk;total_environment_against_side,blowout_spread_risk;total_environment_against_side,strong_lineup_timing;stable_minutes;minutes_lift_supports_under
2025-12-02,1,SELECTED,C,Kenrich Williams,OKC,0022500323,PRA,UNDER,14.5,9.0,UNDER,True,6.73,-7.77,7.77,0.805417,0.634651,,5.06,0.0,8.94,-0.3713,1.0,84.0,-11.5,223.0,,False,89.06,0.791314,0.485,0.0,0.0,0.791314,,live_quality_router_v9,blowout_spread_risk;bench_role_context,blowout_spread_risk;bench_role_context,strong_lineup_timing;minutes_lift_supports_under
2025-12-03,1,SELECTED,B,De'Aaron Fox,SAS,0022500326,PRA,OVER,29.5,41.0,OVER,True,35.63,6.13,6.13,0.882893,0.847076,,1.35,,33.13,-0.0433,1.0,76.0,6.5,233.75,,False,90.16,0.85528,0.588,0.0,0.0,0.85528,,live_quality_router_v9;top200_meta_reliability;top200_primary,,,strong_lineup_timing;stable_minutes;high_total_supports_counting_over
2025-12-03,2,SELECTED,C,AJ Green,MIL,0022500331,PTS,OVER,8.75,19.0,OVER,True,12.17,3.42,3.42,0.822864,0.680251,,6.2,,30.95,0.4483,1.0,68.0,3.25,232.5,,False,89.06,0.795839,0.548,0.0,0.0,0.795839,,live_quality_router_v9,thin_context_completeness,thin_context_completeness,strong_lineup_timing;minutes_lift_supports_over;competitive_spread;high_total_supports_counting_over
2025-12-04,1,SELECTED,C,Rui Hachimura,LAL,0022500336,PRA,OVER,10.5,15.0,OVER,True,17.95,7.45,7.45,0.829527,0.823855,,4.76,,30.57,0.0,1.0,70.0,-1.0,230.5,,False,89.06,0.817142,0.56,0.0,0.0,0.817142,,live_quality_router_v9,,,strong_lineup_timing;competitive_spread
2025-12-05,1,SELECTED,A,Cason Wallace,OKC,0022500349,PRA,UNDER,16.5,16.0,UNDER,True,13.23,-3.27,3.27,0.908752,0.788345,,3.21,,27.58,0.0799,1.0,73.0,-15.25,227.5,,False,90.16,0.851712,0.52,0.0,0.0,0.851712,,live_quality_router_v9;top200_accuracy_first;top200_primary,blowout_spread_risk,blowout_spread_risk,strong_lineup_timing;stable_minutes
2025-12-05,2,SELECTED,A,Mikal Bridges,NYK,0022500343,PTS,OVER,14.5,10.0,UNDER,False,17.76,3.26,3.26,0.892897,0.258604,,2.79,,36.18,-0.0134,1.0,74.0,-15.5,239.5,,False,90.16,0.754694,0.538,0.0,0.0,0.754694,,live_quality_router_v9;top200_accuracy_first;top200_primary,blowout_spread_risk,blowout_spread_risk,strong_lineup_timing;stable_minutes;high_total_supports_counting_over
2025-12-06,1,SELECTED,A,Kel'el Ware,MIA,0022500354,PRA,OVER,15.5,11.0,UNDER,False,23.66,8.16,8.16,0.924464,0.88127,,4.94,,24.9,0.0993,1.0,70.0,-7.5,239.5,,False,90.71,0.880189,0.583,0.0,0.0,0.880189,,live_quality_router_v9;top200_accuracy_first;top200_meta_reliability;top200_primary,,,strong_lineup_timing;minutes_lift_supports_over;high_total_supports_counting_over
2025-12-06,2,SELECTED,B,Donovan Mitchell,CLE,0022500352,PTS,OVER,28.5,29.0,OVER,True,29.92,1.42,1.42,0.866435,0.716592,,1.77,,34.52,0.0508,1.0,75.0,-8.5,227.0,,False,89.61,0.779276,0.57,0.0,0.0,0.779276,,live_quality_router_v9;top200_primary,,,strong_lineup_timing;stable_minutes
2025-12-07,1,SELECTED,B,Paolo Banchero,ORL,0022500357,PTS,OVER,14.5,16.0,OVER,True,21.55,7.05,7.05,0.871567,0.866042,,8.11,,30.65,-0.1162,1.0,65.0,3.5,232.5,,False,90.16,0.855896,0.453,0.0,0.0,0.855896,,live_quality_router_v9;top200_meta_reliability;top200_primary,thin_context_completeness;volatile_minutes,thin_context_completeness;volatile_minutes,strong_lineup_timing;competitive_spread;high_total_supports_counting_over
2025-12-07,2,SELECTED,B,Cam Spencer,MEM,0022500360,PTS,OVER,11.5,12.0,OVER,True,15.33,3.83,3.83,0.869549,0.821639,,3.17,,23.58,0.5483,1.0,73.0,-1.25,235.0,,False,89.61,0.836676,0.643,0.0,0.006,0.830676,,live_quality_router_v9;top200_primary,,,strong_lineup_timing;stable_minutes;minutes_lift_supports_over;competitive_spread;high_total_supports_counting_over
2025-12-07,3,SELECTED,C,Mitchell Robinson,NYK,0022500357,PRA,OVER,10.5,21.0,OVER,True,13.88,3.38,3.38,0.744744,0.693907,,1.91,,17.29,-0.2583,1.0,75.0,-3.5,232.5,,False,89.06,0.783689,0.578,0.0,0.025,0.758689,,live_quality_router_v9,minutes_lift_against_side,minutes_lift_against_side,strong_lineup_timing;stable_minutes;competitive_spread;high_total_supports_counting_over
2025-12-08,1,SELECTED,A,De'Aaron Fox,SAS,0022500366,PRA,OVER,28.5,25.0,UNDER,False,38.03,9.53,9.53,0.927328,0.930732,,1.49,,32.47,-0.0591,1.0,76.0,-9.5,237.5,,False,90.71,0.86763,0.538,0.0,0.0,0.86763,,live_quality_router_v9;top200_accuracy_first;top200_meta_reliability;top200_primary,blowout_spread_risk,blowout_spread_risk,strong_lineup_timing;stable_minutes;high_total_supports_counting_over
2025-12-08,2,SELECTED,A,Bennedict Mathurin,IND,0022500364,PTS,OVER,21.5,25.0,OVER,True,18.36,-3.14,3.14,0.911973,0.553541,,5.39,,31.91,0.1727,1.0,69.0,-3.5,234.0,,False,90.16,0.819419,0.548,0.0,0.0,0.819419,,live_quality_router_v9;top200_accuracy_first;top200_primary,projection_side_split;thin_context_completeness,thin_context_completeness,strong_lineup_timing;minutes_lift_supports_over;competitive_spread;high_total_supports_counting_over
2025-12-08,3,SELECTED,B,Anthony Edwards,MIN,0022500365,PTS,OVER,27.5,40.0,OVER,True,28.69,1.19,1.19,0.847795,0.776657,,4.77,,37.57,0.0358,1.0,70.0,-9.25,227.25,,False,89.61,0.778196,0.485,0.0,0.006,0.772196,,live_quality_router_v9;top200_primary,blowout_spread_risk,blowout_spread_risk,strong_lineup_timing
2025-12-09,1,SELECTED,C,Norman Powell,MIA,0022501201,PTS,OVER,20.5,21.0,OVER,True,25.24,4.74,4.74,0.760441,0.738935,,2.73,,29.95,0.0215,1.0,74.0,5.5,238.5,,False,89.06,0.792818,0.588,0.0,0.0,0.792818,,live_quality_router_v9,,,strong_lineup_timing;stable_minutes;high_total_supports_counting_over
2025-12-11,1,SELECTED,B,Derik Queen,NOP,0022501207,PTS,OVER,15.75,17.0,OVER,True,16.94,1.19,1.19,0.867147,0.77136,,6.91,,27.51,0.1057,1.0,67.0,5.5,237.5,,False,89.61,0.780938,0.523,0.0,0.0,0.780938,,live_quality_router_v9;top200_primary,thin_context_completeness,thin_context_completeness,strong_lineup_timing;minutes_lift_supports_over;high_total_supports_counting_over
2025-12-11,2,SELECTED,C,Nique Clifford,SAC,0022501208,PRA,UNDER,14.5,6.0,UNDER,True,10.51,-3.99,3.99,0.790447,0.714934,,5.2,,13.06,-0.2642,1.0,70.0,9.0,239.5,,False,89.06,0.799859,0.495,0.0,0.0,0.799859,,live_quality_router_v9,blowout_spread_risk;total_environment_against_side,blowout_spread_risk;total_environment_against_side,strong_lineup_timing;minutes_lift_supports_under
2025-12-12,1,SELECTED,B,Terance Mann,BKN,0022501214,PRA,OVER,10.5,23.0,OVER,True,13.52,3.02,3.02,0.777138,0.843167,,5.62,,25.74,0.0532,1.0,69.0,7.75,225.5,,False,89.61,0.823056,0.475,0.0,0.0,0.823056,,live_quality_router_v9;top200_meta_reliability,thin_context_completeness,thin_context_completeness,strong_lineup_timing
2025-12-12,2,SELECTED,C,Cam Spencer,MEM,0022501213,PTS,OVER,10.5,20.0,OVER,True,14.56,4.06,4.06,0.826983,0.812478,,3.74,,24.77,0.594,1.0,72.0,-6.5,233.5,,False,89.06,0.815092,0.618,0.0,0.0,0.815092,,live_quality_router_v9,,,strong_lineup_timing;stable_minutes;minutes_lift_supports_over;high_total_supports_counting_over
2025-12-13,1,SELECTED,C,Cason Wallace,OKC,0022501230,PRA,UNDER,21.5,11.0,UNDER,True,12.49,-9.01,9.01,0.791451,0.741226,,4.04,,26.0,0.0168,1.0,72.0,-10.5,225.5,,False,89.06,0.798721,0.485,0.0,0.0,0.798721,,live_quality_router_v9,blowout_spread_risk,blowout_spread_risk,strong_lineup_timing
2025-12-14,1,SELECTED,C,Jalen Johnson,ATL,0022501217,PRA,OVER,41.5,34.0,UNDER,False,45.22,3.72,3.72,0.767331,0.7761,,3.83,,37.4,0.198,1.0,72.0,-2.5,233.0,,False,89.06,0.799262,0.643,0.0,0.0,0.799262,,live_quality_router_v9,,,strong_lineup_timing;stable_minutes;minutes_lift_supports_over;competitive_spread;high_total_supports_counting_over
2025-12-14,2,SELECTED,C,Saddiq Bey,NOP,0022501223,PTS,OVER,12.5,10.0,UNDER,False,18.74,6.24,6.24,0.722589,0.743831,,3.18,,33.89,0.1654,1.0,73.0,4.75,242.0,,False,89.06,0.78669,0.643,0.0,0.0,0.78669,,live_quality_router_v9,,,strong_lineup_timing;stable_minutes;minutes_lift_supports_over;competitive_spread;high_total_supports_counting_over
2025-12-14,3,SELECTED,C,Jaylon Tyson,CLE,0022501218,PTS,OVER,11.5,16.0,OVER,True,15.81,4.31,4.31,0.790095,0.655347,,4.51,,30.06,0.9763,1.0,71.0,-11.5,234.5,,False,89.06,0.786454,0.533,0.0,0.006,0.780454,,live_quality_router_v9,blowout_spread_risk,blowout_spread_risk,strong_lineup_timing;minutes_lift_supports_over;high_total_supports_counting_over
2025-12-15,1,SELECTED,B,Cam Spencer,MEM,0022501226,PRA,OVER,16.5,36.0,OVER,True,21.71,5.21,5.21,0.852604,0.823409,,3.72,,24.94,0.5865,1.0,72.0,4.5,229.5,,False,89.61,0.833874,0.625,0.0,0.0,0.833874,,live_quality_router_v9;top200_primary,,,strong_lineup_timing;stable_minutes;minutes_lift_supports_over;competitive_spread
2025-12-16,1,SELECTED,C,Luke Kornet,SAS,0062500001,PRA,OVER,10.5,21.0,OVER,True,15.12,4.62,4.62,0.835851,0.770935,,2.76,,26.94,0.2618,1.0,74.0,2.5,227.5,,False,89.06,0.810872,0.625,0.0,0.0,0.810872,,live_quality_router_v9,,,strong_lineup_timing;stable_minutes;minutes_lift_supports_over;competitive_spread
2025-12-16,2,SELECTED,C,Tyler Kolek,NYK,0062500001,PTS,OVER,2.5,14.0,OVER,True,5.86,3.36,3.36,0.811151,0.76618,,3.12,,13.06,0.5529,1.0,73.0,-2.5,227.5,,False,89.06,0.80576,0.625,0.0,0.025,0.78076,,live_quality_router_v9,,,strong_lineup_timing;stable_minutes;minutes_lift_supports_over;competitive_spread
2025-12-18,1,SELECTED,A,Will Riley,WAS,0022500370,PRA,UNDER,14.5,6.0,UNDER,True,11.53,-2.97,2.97,0.898212,0.790796,,9.51,,14.55,0.1403,1.0,64.0,14.5,241.25,,False,90.16,0.849358,0.305,0.0,0.0,0.849358,,live_quality_router_v9;top200_accuracy_first;top200_primary,thin_context_completeness;volatile_minutes;minutes_lift_against_side;blowout_spread_risk;total_environment_against_side,thin_context_completeness;volatile_minutes;minutes_lift_against_side;blowout_spread_risk;total_environment_against_side,strong_lineup_timing
2025-12-18,2,SELECTED,B,Noah Clowney,BKN,0022500373,PTS,UNDER,15.5,8.0,UNDER,True,13.49,-2.01,2.01,0.867345,0.770043,,5.65,,31.55,0.4161,1.0,69.0,6.75,227.5,,False,89.61,0.802656,0.44,0.0,0.0,0.802656,,live_quality_router_v9;top200_primary,thin_context_completeness;minutes_lift_against_side,thin_context_completeness;minutes_lift_against_side,strong_lineup_timing
2025-12-18,3,SELECTED,C,Saddiq Bey,NOP,0022500375,PTS,OVER,10.5,29.0,OVER,True,16.39,5.89,5.89,0.749152,0.799808,,3.88,,33.57,0.1564,1.0,72.0,9.5,235.5,,False,89.06,0.799309,0.568,0.0,0.006,0.793309,,live_quality_router_v9,blowout_spread_risk,blowout_spread_risk,strong_lineup_timing;stable_minutes;minutes_lift_supports_over;high_total_supports_counting_over
2025-12-20,1,SELECTED,B,Jarace Walker,IND,0022500389,PRA,UNDER,15.5,15.0,UNDER,True,11.91,-3.59,3.59,0.84899,0.773886,,5.34,,20.52,0.2714,1.0,69.0,2.75,234.5,,False,89.61,0.82629,0.465,0.0,0.0,0.82629,,live_quality_router_v9;top200_primary,thin_context_completeness;minutes_lift_against_side,thin_context_completeness;minutes_lift_against_side,strong_lineup_timing;competitive_spread
2025-12-20,2,SELECTED,B,Kon Knueppel,CHA,0022500390,PTS,OVER,17.5,19.0,OVER,True,22.53,5.03,5.03,0.754283,0.827393,,3.67,,34.71,0.0713,1.0,72.0,9.5,234.5,,False,89.61,0.816734,0.538,0.0,0.0,0.816734,,live_quality_router_v9;top200_meta_reliability,blowout_spread_risk,blowout_spread_risk,strong_lineup_timing;stable_minutes;high_total_supports_counting_over
2025-12-20,3,SELECTED,C,Anthony Black,ORL,0022500393,PTS,UNDER,17.5,20.0,OVER,False,13.47,-4.03,4.03,0.799802,0.817388,,3.41,,31.84,0.2834,1.0,73.0,-7.25,242.5,,False,89.06,0.810887,0.515,0.0,0.006,0.804887,,live_quality_router_v9,minutes_lift_against_side;total_environment_against_side,minutes_lift_against_side;total_environment_against_side,strong_lineup_timing;stable_minutes
2025-12-21,1,SELECTED,C,Mitchell Robinson,NYK,0022500398,PRA,OVER,13.5,18.0,OVER,True,17.04,3.54,3.54,0.764602,0.754714,,3.44,,18.73,-0.1846,1.0,72.0,-8.5,236.5,,False,89.06,0.795776,0.553,0.0,0.0,0.795776,,live_quality_router_v9,minutes_lift_against_side,minutes_lift_against_side,strong_lineup_timing;stable_minutes;high_total_supports_counting_over
2025-12-22,1,SELECTED,B,Kon Knueppel,CHA,0022500402,PTS,OVER,18.5,20.0,OVER,True,22.46,3.96,3.96,0.858058,0.880465,,3.26,,35.2,0.0844,1.0,73.0,9.5,236.5,,False,90.16,0.855484,0.568,0.0,0.0,0.855484,,live_quality_router_v9;top200_meta_reliability;top200_primary,blowout_spread_risk,blowout_spread_risk,strong_lineup_timing;stable_minutes;minutes_lift_supports_over;high_total_supports_counting_over
2025-12-22,2,SELECTED,C,Isaiah Joe,OKC,0022500406,PRA,UNDER,17.5,8.0,UNDER,True,14.36,-3.14,3.14,0.789247,0.69172,,4.95,,19.94,0.0215,1.0,70.0,-16.5,227.5,,False,89.06,0.791393,0.485,0.0,0.0,0.791393,,live_quality_router_v9,blowout_spread_risk,blowout_spread_risk,strong_lineup_timing
2025-12-22,3,SELECTED,C,Derik Queen,NOP,0022500404,PTS,OVER,13.5,19.0,OVER,True,16.79,3.29,3.29,0.74717,0.739722,,6.22,,29.28,0.1415,1.0,68.0,1.0,239.5,,False,89.06,0.79054,0.548,0.0,0.006,0.78454,,live_quality_router_v9,thin_context_completeness,thin_context_completeness,strong_lineup_timing;minutes_lift_supports_over;competitive_spread;high_total_supports_counting_over
2025-12-23,1,SELECTED,A,Isaiah Joe,OKC,0022500417,PRA,OVER,25.0,13.0,UNDER,False,12.75,-12.25,12.25,0.936637,0.501414,,4.49,,19.32,-0.0118,1.0,71.0,-6.5,234.5,,False,90.16,0.816561,0.553,0.0,0.0,0.816561,,live_quality_router_v9;top200_accuracy_first;top200_primary,projection_side_split,,strong_lineup_timing;high_total_supports_counting_over
2025-12-23,2,SELECTED,B,Karl-Anthony Towns,NYK,0022500416,PTS,UNDER,26.5,40.0,OVER,False,21.11,-5.39,5.39,0.851222,0.706809,,4.65,,32.32,-0.0514,1.0,71.0,6.5,224.5,,False,89.61,0.817301,0.535,0.0,0.0,0.817301,,live_quality_router_v9;top200_primary,,,strong_lineup_timing
2025-12-23,3,SELECTED,B,Bennedict Mathurin,IND,0022500413,PTS,UNDER,18.5,13.0,UNDER,True,16.26,-2.24,2.24,0.8811,0.800732,,5.44,,32.46,0.1825,1.0,69.0,-1.25,221.0,,False,89.61,0.815562,0.465,0.0,0.006,0.809562,,live_quality_router_v9;top200_primary,thin_context_completeness;minutes_lift_against_side,thin_context_completeness;minutes_lift_against_side,strong_lineup_timing;competitive_spread
2025-12-25,1,SELECTED,C,Bones Hyland,MIN,0022500013,PRA,OVER,8.5,20.0,OVER,True,14.51,6.01,6.01,0.782768,0.810839,,11.19,,16.88,0.2569,1.0,64.0,4.75,230.5,,False,89.06,0.806904,0.465,0.0,0.0,0.806904,,live_quality_router_v9,thin_context_completeness;volatile_minutes,thin_context_completeness;volatile_minutes,strong_lineup_timing;minutes_lift_supports_over;competitive_spread
2025-12-25,2,SELECTED,C,Evan Mobley,CLE,0022500009,PTS,OVER,11.5,14.0,OVER,True,18.28,6.78,6.78,0.714697,0.769085,,2.72,,33.93,0.0785,1.0,74.0,2.5,229.5,,False,89.06,0.788805,0.595,0.0,0.0,0.788805,,live_quality_router_v9,,,strong_lineup_timing;stable_minutes;competitive_spread
2025-12-25,3,SELECTED,C,Victor Wembanyama,SAS,0022500010,PTS,OVER,17.5,19.0,OVER,True,20.47,2.97,2.97,0.725943,0.741867,,7.33,,27.19,-0.1097,1.0,66.0,9.5,228.5,,False,89.06,0.786219,0.425,0.0,0.006,0.780219,,live_quality_router_v9,thin_context_completeness;blowout_spread_risk,thin_context_completeness;blowout_spread_risk,strong_lineup_timing
2025-12-26,1,SELECTED,C,Kon Knueppel,CHA,0022500424,PTS,UNDER,17.5,16.0,UNDER,True,21.12,3.62,3.62,0.810674,0.629268,,3.85,,34.29,0.0616,1.0,72.0,6.5,231.5,,False,89.06,0.786507,0.57,0.0,0.0,0.786507,,live_quality_router_v9,projection_side_split,,strong_lineup_timing;stable_minutes
2025-12-26,2,SELECTED,C,Andrew Nembhard,IND,0022500426,PRA,UNDER,26.5,30.0,OVER,False,23.4,-3.1,3.1,0.736543,0.702376,,3.11,,32.49,0.0695,1.0,73.0,7.5,220.0,,False,89.06,0.783399,0.57,0.0,0.0,0.783399,,live_quality_router_v9,,,strong_lineup_timing;stable_minutes
2025-12-26,3,SELECTED,C,Norman Powell,MIA,0022500423,PTS,UNDER,26.5,25.0,UNDER,True,23.42,-3.08,3.08,0.71194,0.728555,,2.37,,32.92,0.0944,1.0,74.0,4.25,243.0,,False,89.06,0.782635,0.575,0.0,0.006,0.776635,,live_quality_router_v9,total_environment_against_side,total_environment_against_side,strong_lineup_timing;stable_minutes;competitive_spread
2025-12-27,1,SELECTED,B,Russell Westbrook,SAC,0022500432,RA,OVER,8.5,14.0,OVER,True,14.72,6.22,6.22,0.845351,0.790639,,5.66,,30.84,0.0963,1.0,69.0,2.5,228.5,,False,89.61,0.827981,0.53,0.0,0.0,0.827981,,live_quality_router_v9;top200_primary,thin_context_completeness,thin_context_completeness,strong_lineup_timing;minutes_lift_supports_over;competitive_spread
2025-12-27,2,SELECTED,C,Cam Thomas,BKN,0022500439,PTS,OVER,15.5,30.0,OVER,True,19.48,3.98,3.98,0.834933,0.715842,,8.63,,28.4,0.0449,1.0,64.0,9.5,224.25,,False,89.06,0.802994,0.36,0.0,0.0,0.802994,,live_quality_router_v9,thin_context_completeness;volatile_minutes;blowout_spread_risk,thin_context_completeness;volatile_minutes;blowout_spread_risk,strong_lineup_timing
2025-12-28,1,SELECTED,B,Ja'Kobe Walter,TOR,0022500441,PTS,OVER,5.5,18.0,OVER,True,7.9,2.4,2.4,0.881947,0.831285,,4.36,,18.74,-0.0444,1.0,71.0,3.5,226.0,,False,90.16,0.836898,0.56,0.0,0.0,0.836898,,live_quality_router_v9;top200_meta_reliability;top200_primary,,,strong_lineup_timing;competitive_spread
2025-12-28,2,SELECTED,B,DeMar DeRozan,SAC,0022500446,PRA,OVER,21.5,31.0,OVER,True,29.18,7.68,7.68,0.85682,0.803836,,7.04,,33.8,-0.0417,1.0,67.0,11.5,233.0,,False,89.61,0.831893,0.443,0.0,0.0,0.831893,,live_quality_router_v9;top200_primary,thin_context_completeness;blowout_spread_risk,thin_context_completeness;blowout_spread_risk,strong_lineup_timing;high_total_supports_counting_over
2025-12-28,3,SELECTED,B,Cam Spencer,MEM,0022500443,PTS,OVER,13.5,8.0,UNDER,False,16.45,2.95,2.95,0.858849,0.818755,,5.05,,28.87,0.6913,1.0,70.0,-7.25,238.5,,False,89.61,0.833013,0.583,0.0,0.006,0.827013,,live_quality_router_v9;top200_primary,,,strong_lineup_timing;minutes_lift_supports_over;high_total_supports_counting_over
2025-12-29,1,SELECTED,C,Alex Caruso,OKC,0022500455,PTS,OVER,4.5,16.0,OVER,True,7.8,3.3,3.3,0.841608,0.834056,,3.98,,18.91,-0.054,1.0,72.0,-15.5,236.75,,False,89.06,0.820745,0.538,0.0,0.0,0.820745,,live_quality_router_v9,blowout_spread_risk,blowout_spread_risk,strong_lineup_timing;stable_minutes;high_total_supports_counting_over
2025-12-29,2,SELECTED,C,Bobby Portis,MIL,0022500447,PRA,OVER,19.5,28.0,OVER,True,26.47,6.97,6.97,0.773749,0.769458,,7.41,,28.59,0.1368,1.0,66.0,-3.25,227.0,,False,89.06,0.799487,0.53,0.0,0.0,0.799487,,live_quality_router_v9,thin_context_completeness,thin_context_completeness,strong_lineup_timing;minutes_lift_supports_over;competitive_spread
2025-12-29,3,SELECTED,C,Miles McBride,NYK,0022500454,PTS,OVER,8.5,14.0,OVER,True,12.54,4.04,4.04,0.717676,0.773392,,6.72,,31.08,0.2108,1.0,67.0,-8.5,240.5,,False,89.06,0.789945,0.523,0.0,0.006,0.783945,,live_quality_router_v9,thin_context_completeness,thin_context_completeness,strong_lineup_timing;minutes_lift_supports_over;high_total_supports_counting_over
2025-12-30,1,SELECTED,C,Cedric Coward,MEM,0022500458,PRA,OVER,19.5,48.0,OVER,True,22.12,2.62,2.62,0.787476,0.743084,,2.68,,26.53,0.0068,1.0,74.0,0.0,233.5,,False,89.06,0.788132,0.613,0.0,0.0,0.788132,,live_quality_router_v9,,,strong_lineup_timing;stable_minutes;competitive_spread;high_total_supports_counting_over
2025-12-30,2,SELECTED,C,Keyonte George,UTA,0022500459,PTS,OVER,22.5,37.0,OVER,True,25.34,2.84,2.84,0.724288,0.737072,,4.48,,34.9,0.1125,1.0,71.0,7.5,240.5,,False,89.06,0.781783,0.583,0.0,0.0,0.781783,,live_quality_router_v9,,,strong_lineup_timing;minutes_lift_supports_over;high_total_supports_counting_over
2025-12-31,1,SELECTED,B,Luke Kornet,SAS,0022500467,PRA,OVER,10.5,20.0,OVER,True,15.96,5.46,5.46,0.86051,0.824963,,4.16,,23.82,0.1173,1.0,71.0,-2.0,236.5,,False,89.61,0.835515,0.608,0.0,0.0,0.835515,,live_quality_router_v9;top200_primary,,,strong_lineup_timing;minutes_lift_supports_over;competitive_spread;high_total_supports_counting_over
2025-12-31,2,SELECTED,C,RJ Barrett,TOR,0022500468,PTS,OVER,14.5,17.0,OVER,True,18.13,3.63,3.63,0.758433,0.771548,,4.4,,29.07,-0.0858,1.0,71.0,-6.5,224.5,,False,89.06,0.797023,0.535,0.0,0.0,0.797023,,live_quality_router_v9,,,strong_lineup_timing
2025-12-31,3,SELECTED,C,Onyeka Okongwu,ATL,0022500463,PTS,OVER,14.5,17.0,OVER,True,19.34,4.84,4.84,0.759311,0.767274,,3.06,,34.91,0.2288,1.0,73.0,3.5,243.5,,False,89.06,0.796582,0.643,0.0,0.006,0.790582,,live_quality_router_v9,,,strong_lineup_timing;stable_minutes;minutes_lift_supports_over;competitive_spread;high_total_supports_counting_over
2026-01-01,1,SELECTED,A,Brook Lopez,LAC,0022500475,PRA,OVER,9.5,6.0,UNDER,False,17.27,7.77,7.77,0.93272,0.844696,,8.83,,20.84,-0.0501,1.0,64.0,-8.5,237.5,,False,90.71,0.876555,0.428,0.0,0.0,0.876555,,live_quality_router_v9;top200_accuracy_first;top200_meta_reliability;top200_primary,thin_context_completeness;volatile_minutes,thin_context_completeness;volatile_minutes,strong_lineup_timing;high_total_supports_counting_over
2026-01-01,2,SELECTED,B,Andrew Wiggins,MIA,0022500472,PTS,OVER,15.0,17.0,OVER,True,17.05,2.05,2.05,0.855757,0.785126,,3.2,,31.16,-0.0003,1.0,73.0,4.75,239.5,,False,89.61,0.803748,0.613,0.0,0.0,0.803748,,live_quality_router_v9;top200_primary,,,strong_lineup_timing;stable_minutes;competitive_spread;high_total_supports_counting_over
2026-01-01,3,SELECTED,C,Joel Embiid,PHI,0022500473,PTS,OVER,25.5,22.0,UNDER,False,29.77,4.27,4.27,0.79836,0.843695,,3.68,,30.09,-0.0988,1.0,72.0,0.0,231.0,,False,89.06,0.81431,0.595,0.0,0.006,0.80831,,live_quality_router_v9,,,strong_lineup_timing;stable_minutes;competitive_spread
2026-01-02,1,SELECTED,A,Precious Achiuwa,SAC,0022500483,PRA,OVER,20.5,12.0,UNDER,False,12.6,-7.9,7.9,0.903348,0.350956,,6.05,,18.89,-0.0745,1.0,68.0,11.25,228.5,,False,90.16,0.769504,0.425,0.0,0.0,0.769504,,live_quality_router_v9;top200_accuracy_first;top200_primary,projection_side_split;thin_context_completeness;blowout_spread_risk,thin_context_completeness;blowout_spread_risk,strong_lineup_timing
2026-01-02,2,SELECTED,B,Onyeka Okongwu,ATL,0022500479,PTS,OVER,14.5,23.0,OVER,True,18.31,3.81,3.81,0.840445,0.861822,,3.84,,34.01,0.1959,1.0,72.0,7.25,245.5,,False,90.16,0.849703,0.618,0.0,0.0,0.849703,,live_quality_router_v9;top200_meta_reliability;top200_primary,,,strong_lineup_timing;stable_minutes;minutes_lift_supports_over;high_total_supports_counting_over
2026-01-02,3,SELECTED,C,Bobby Portis,MIL,0022500481,PTS,OVER,11.75,20.0,OVER,True,15.1,3.35,3.35,0.765691,0.816737,,7.77,,27.61,0.0987,1.0,66.0,-6.0,231.5,,False,89.06,0.804656,0.505,0.0,0.006,0.798656,,live_quality_router_v9,thin_context_completeness,thin_context_completeness,strong_lineup_timing;minutes_lift_supports_over
2026-01-03,1,SELECTED,C,Joel Embiid,PHI,0022500487,PTS,OVER,24.5,26.0,OVER,True,29.81,5.31,5.31,0.809635,0.749469,,3.64,,31.06,-0.0687,1.0,72.0,4.25,232.5,,False,89.06,0.803148,0.613,0.0,0.0,0.803148,,live_quality_router_v9,,,strong_lineup_timing;stable_minutes;competitive_spread;high_total_supports_counting_over
2026-01-03,2,SELECTED,C,Sion James,CHA,0022500489,PRA,OVER,8.5,13.0,OVER,True,12.09,3.59,3.59,0.755628,0.683332,,4.86,,25.22,0.0353,1.0,70.0,1.75,237.5,,False,89.06,0.784168,0.578,0.0,0.0,0.784168,,live_quality_router_v9,,,strong_lineup_timing;competitive_spread;high_total_supports_counting_over
2026-01-04,1,SELECTED,A,Cam Spencer,MEM,0022500501,PRA,UNDER,28.5,16.0,UNDER,True,21.06,-7.44,7.44,0.907719,0.85826,,6.31,,27.87,0.6166,1.0,68.0,5.5,240.5,,False,90.71,0.873954,0.42,0.0,0.0,0.873954,,live_quality_router_v9;top200_accuracy_first;top200_meta_reliability;top200_primary,thin_context_completeness;minutes_lift_against_side;total_environment_against_side,thin_context_completeness;minutes_lift_against_side;total_environment_against_side,strong_lineup_timing
2026-01-05,1,SELECTED,C,Mitchell Robinson,NYK,0022500502,PRA,OVER,11.5,13.0,OVER,True,15.61,4.11,4.11,0.814437,0.792488,,3.73,,20.46,-0.0939,1.0,72.0,-2.25,235.5,,False,89.06,0.810035,0.613,0.0,0.0,0.810035,,live_quality_router_v9,,,strong_lineup_timing;stable_minutes;competitive_spread;high_total_supports_counting_over
2026-01-05,2,SELECTED,C,Julian Strawther,DEN,0022500507,PTS,OVER,13.5,6.0,UNDER,False,6.59,-6.91,6.91,0.838849,0.640342,,3.94,,10.04,-0.3543,1.0,72.0,10.5,228.5,,False,89.06,0.793129,0.485,0.0,0.0,0.793129,,live_quality_router_v9,projection_side_split;minutes_lift_against_side;blowout_spread_risk,minutes_lift_against_side;blowout_spread_risk,strong_lineup_timing;stable_minutes
2026-01-06,1,SELECTED,B,Marcus Smart,LAL,0022500514,PRA,OVER,12.5,23.0,OVER,True,17.63,5.13,5.13,0.862501,0.783985,,3.68,,28.81,0.0435,1.0,72.0,-5.0,237.0,,False,89.61,0.830136,0.613,0.0,0.0,0.830136,,live_quality_router_v9;top200_primary,,,strong_lineup_timing;stable_minutes;competitive_spread;high_total_supports_counting_over
2026-01-06,2,SELECTED,C,Victor Wembanyama,SAS,0022500512,PTS,OVER,19.5,30.0,OVER,True,24.49,4.99,4.99,0.809542,0.771388,,3.07,,23.35,-0.2347,1.0,73.0,-5.5,237.5,,False,89.06,0.8062,0.553,0.0,0.0,0.8062,,live_quality_router_v9,minutes_lift_against_side,minutes_lift_against_side,strong_lineup_timing;stable_minutes;high_total_supports_counting_over
2026-01-06,3,SELECTED,C,Tyler Herro,MIA,0022500513,PTS,OVER,15.5,17.0,OVER,True,21.52,6.02,6.02,0.728958,0.736495,,3.33,0.0,33.6,-0.025,1.0,81.0,5.75,237.5,,False,89.06,0.78681,0.588,0.0,0.006,0.78081,,live_quality_router_v9,,,strong_lineup_timing;stable_minutes;high_total_supports_counting_over
2026-01-07,1,SELECTED,C,Jordan Hawkins,NOP,0022500519,PRA,UNDER,12.5,0.0,UNDER,True,7.41,-5.09,5.09,0.887042,0.792726,,6.87,,10.49,-0.4019,1.0,67.0,9.5,241.5,,False,89.06,0.828137,0.435,0.0,0.0,0.828137,,live_quality_router_v9,thin_context_completeness;blowout_spread_risk;total_environment_against_side,thin_context_completeness;blowout_spread_risk;total_environment_against_side,strong_lineup_timing;minutes_lift_supports_under
2026-01-07,2,SELECTED,C,Ryan Rollins,MIL,0022500526,PTS,OVER,14.5,16.0,OVER,True,17.37,2.87,2.87,0.772408,0.725531,,5.8,,30.56,0.5842,1.0,69.0,5.75,228.0,,False,89.06,0.789629,0.505,0.0,0.0,0.789629,,live_quality_router_v9,thin_context_completeness,thin_context_completeness,strong_lineup_timing;minutes_lift_supports_over
2026-01-07,3,SELECTED,C,Dominick Barlow,PHI,0022500518,PTS,OVER,4.5,11.0,OVER,True,8.09,3.59,3.59,0.694057,0.786835,,6.77,,23.16,0.1071,1.0,67.0,-11.0,234.0,,False,89.06,0.787575,0.473,0.0,0.006,0.781575,,live_quality_router_v9,thin_context_completeness;blowout_spread_risk,thin_context_completeness;blowout_spread_risk,strong_lineup_timing;minutes_lift_supports_over;high_total_supports_counting_over
2026-01-09,1,SELECTED,A,Isaiah Joe,OKC,0022500536,PRA,UNDER,17.5,4.0,UNDER,True,10.89,-6.61,6.61,0.900855,0.664328,,5.38,,14.77,-0.2226,1.0,69.0,-4.5,231.5,,False,90.16,0.837928,0.53,0.0,0.0,0.837928,,live_quality_router_v9;top200_accuracy_first;top200_primary,thin_context_completeness,thin_context_completeness,strong_lineup_timing;minutes_lift_supports_under;competitive_spread
2026-01-09,2,SELECTED,C,RJ Barrett,TOR,0022500532,PTS,UNDER,22.5,19.0,UNDER,True,20.04,-2.46,2.46,0.782763,0.782199,,4.59,,28.89,-0.0895,1.0,71.0,7.5,224.0,,False,89.06,0.793493,0.565,0.0,0.0,0.793493,,live_quality_router_v9,,,strong_lineup_timing;minutes_lift_supports_under
2026-01-09,3,SELECTED,C,Zion Williamson,NOP,0022500534,PTS,UNDER,26.5,31.0,OVER,False,23.54,-2.96,2.96,0.676581,0.789708,,3.35,,28.3,-0.0688,1.0,73.0,-2.0,239.5,,False,89.06,0.783765,0.575,0.0,0.006,0.777765,,live_quality_router_v9,total_environment_against_side,total_environment_against_side,strong_lineup_timing;stable_minutes;competitive_spread
2026-01-10,1,SELECTED,C,Luke Kornet,SAS,0022500545,PRA,OVER,10.5,13.0,OVER,True,17.28,6.78,6.78,0.758287,0.697447,,3.47,,24.8,0.1455,1.0,72.0,1.25,229.25,,False,89.06,0.786622,0.625,0.0,0.0,0.786622,,live_quality_router_v9,,,strong_lineup_timing;stable_minutes;minutes_lift_supports_over;competitive_spread
2026-01-11,1,SELECTED,A,Jaylen Wells,MEM,0022500549,PRA,UNDER,22.5,5.0,UNDER,True,17.11,-5.39,5.39,0.89739,0.826861,,2.39,,28.93,0.0987,1.0,74.0,-6.5,222.5,,False,90.71,0.867699,0.57,0.0,0.0,0.867699,,live_quality_router_v9;top200_accuracy_first;top200_meta_reliability;top200_primary,,,strong_lineup_timing;stable_minutes
2026-01-11,2,SELECTED,C,Cam Thomas,BKN,0022500549,PTS,UNDER,19.5,9.0,UNDER,True,16.21,-3.29,3.29,0.853571,0.771139,,8.64,,23.97,-0.1334,1.0,64.0,6.5,222.5,,False,89.06,0.81909,0.44,0.0,0.025,0.79409,,live_quality_router_v9,thin_context_completeness;volatile_minutes,thin_context_completeness;volatile_minutes,strong_lineup_timing;minutes_lift_supports_under
2026-01-12,1,SELECTED,C,Jaxson Hayes,LAL,0022500562,PRA,OVER,9.5,18.0,OVER,True,12.62,3.12,3.12,0.832774,0.798012,,6.47,,19.07,0.1426,1.0,68.0,-9.25,228.5,,False,89.06,0.814109,0.455,0.0,0.0,0.814109,,live_quality_router_v9,thin_context_completeness;blowout_spread_risk,thin_context_completeness;blowout_spread_risk,strong_lineup_timing;minutes_lift_supports_over
2026-01-12,2,SELECTED,C,Payton Pritchard,BOS,0022500559,PTS,UNDER,23.5,23.0,UNDER,True,15.68,-7.82,7.82,0.754595,0.729549,,3.58,,33.71,0.1778,1.0,72.0,-6.5,224.5,,False,89.06,0.790452,0.535,0.0,0.0,0.790452,,live_quality_router_v9,minutes_lift_against_side,minutes_lift_against_side,strong_lineup_timing;stable_minutes
2026-01-12,3,SELECTED,C,Joel Embiid,PHI,0022500560,PTS,OVER,25.5,27.0,OVER,True,27.83,2.33,2.33,0.839078,0.707448,,3.92,,32.91,-0.0099,1.0,72.0,-2.5,220.5,,False,89.06,0.784698,0.595,0.0,0.006,0.778698,,live_quality_router_v9,,,strong_lineup_timing;stable_minutes;competitive_spread
2026-01-13,1,SELECTED,B,Pelle Larsson,MIA,0022500564,PRA,UNDER,17.5,7.0,UNDER,True,11.96,-5.54,5.54,0.85208,0.794378,,5.93,,21.39,0.248,1.0,69.0,1.0,230.5,,False,89.61,0.829715,0.465,0.0,0.0,0.829715,,live_quality_router_v9;top200_primary,thin_context_completeness;minutes_lift_against_side,thin_context_completeness;minutes_lift_against_side,strong_lineup_timing;competitive_spread
2026-01-13,2,SELECTED,C,Jaden McDaniels,MIN,0022500566,PTS,UNDER,16.5,17.0,OVER,False,13.09,-3.41,3.41,0.806332,0.734007,,6.54,,30.76,-0.0309,1.0,68.0,2.5,228.5,,False,89.06,0.800389,0.5,0.0,0.0,0.800389,,live_quality_router_v9,thin_context_completeness,thin_context_completeness,strong_lineup_timing;competitive_spread
2026-01-13,3,SELECTED,C,Aaron Gordon,DEN,0022500567,PTS,UNDER,19.5,16.0,UNDER,True,15.26,-4.24,4.24,0.745493,0.719981,,8.7,,25.72,-0.1195,1.0,64.0,-3.5,235.0,,False,89.06,0.792474,0.465,0.0,0.006,0.786474,,live_quality_router_v9,thin_context_completeness;volatile_minutes,thin_context_completeness;volatile_minutes,strong_lineup_timing;minutes_lift_supports_under;competitive_spread
2026-01-14,1,SELECTED,C,DeMar DeRozan,SAC,0022500576,PRA,OVER,24.5,38.0,OVER,True,27.8,3.3,3.3,0.835205,0.792023,,3.64,,32.74,-0.0648,1.0,72.0,10.5,231.5,,False,89.06,0.813708,0.52,0.0,0.0,0.813708,,live_quality_router_v9,blowout_spread_risk,blowout_spread_risk,strong_lineup_timing;stable_minutes
2026-01-14,2,SELECTED,C,Brook Lopez,LAC,0022500577,PTS,UNDER,12.5,11.0,UNDER,True,7.76,-4.74,4.74,0.788269,0.788595,,7.64,,20.84,-0.0356,1.0,66.0,-13.5,225.5,,False,89.06,0.80478,0.425,0.0,0.0,0.80478,,live_quality_router_v9,thin_context_completeness;blowout_spread_risk,thin_context_completeness;blowout_spread_risk,strong_lineup_timing
2026-01-14,3,SELECTED,C,Aaron Gordon,DEN,0022500575,PTS,UNDER,18.5,22.0,OVER,False,14.9,-3.6,3.6,0.756731,0.73186,,8.75,,26.28,-0.0978,1.0,64.0,-1.0,224.5,,False,89.06,0.79616,0.465,0.0,0.006,0.79016,,live_quality_router_v9,thin_context_completeness;volatile_minutes,thin_context_completeness;volatile_minutes,strong_lineup_timing;minutes_lift_supports_under;competitive_spread
2026-01-15,1,SELECTED,B,Jock Landale,MEM,0022500578,PRA,OVER,16.5,12.0,UNDER,False,20.57,4.07,4.07,0.846527,0.73121,,3.51,,23.81,0.2324,1.0,72.0,4.75,230.25,,False,89.61,0.819872,0.625,0.0,0.0,0.819872,,live_quality_router_v9;top200_primary,,,strong_lineup_timing;stable_minutes;minutes_lift_supports_over;competitive_spread
2026-01-16,1,SELECTED,B,Kyshawn George,WAS,0022500592,PRA,UNDER,30.5,26.0,UNDER,True,21.94,-8.56,8.56,0.846946,0.800271,,4.77,,31.29,0.1255,1.0,70.0,6.5,231.5,,False,89.61,0.829616,0.5,0.0,0.0,0.829616,,live_quality_router_v9;top200_primary,minutes_lift_against_side,minutes_lift_against_side,strong_lineup_timing
2026-01-16,2,SELECTED,C,Aaron Nesmith,IND,0022500588,PTS,UNDER,16.5,12.0,UNDER,True,12.28,-4.22,4.22,0.774157,0.727325,,4.76,,29.62,0.1284,1.0,70.0,-2.5,236.0,,False,89.06,0.793662,0.505,0.0,0.0,0.793662,,live_quality_router_v9,minutes_lift_against_side;total_environment_against_side,minutes_lift_against_side;total_environment_against_side,strong_lineup_timing;competitive_spread
2026-01-17,1,SELECTED,C,Jarred Vanderbilt,LAL,0022500601,PRA,UNDER,17.5,9.0,UNDER,True,12.35,-5.15,5.15,0.782949,0.681312,,4.73,,22.25,0.1772,1.0,70.0,2.5,224.5,,False,89.06,0.788803,0.525,0.0,0.0,0.788803,,live_quality_router_v9,minutes_lift_against_side,minutes_lift_against_side,strong_lineup_timing;competitive_spread
2026-01-18,1,SELECTED,C,Ja Morant,MEM,0022500602,PRA,OVER,27.5,42.0,OVER,True,31.05,3.55,3.55,0.774063,0.697254,,8.2,,27.02,-0.1337,1.0,65.0,5.5,227.5,,False,89.06,0.789435,0.375,0.0,0.0,0.789435,,live_quality_router_v9,thin_context_completeness;volatile_minutes;minutes_lift_against_side,thin_context_completeness;volatile_minutes;minutes_lift_against_side,strong_lineup_timing
2026-01-18,2,SELECTED,C,Cam Thomas,BKN,0022500603,PTS,OVER,18.5,3.0,UNDER,False,15.58,-2.92,2.92,0.824051,0.624138,,5.33,,20.71,-0.2609,1.0,69.0,5.75,222.5,,False,89.06,0.786063,0.44,0.0,0.0,0.786063,,live_quality_router_v9,projection_side_split;thin_context_completeness;minutes_lift_against_side,thin_context_completeness;minutes_lift_against_side,strong_lineup_timing
2026-01-18,3,SELECTED,C,Malik Monk,SAC,0022500606,PTS,OVER,8.5,23.0,OVER,True,11.94,3.44,3.44,0.761472,0.663199,,6.82,,18.16,-0.3394,1.0,67.0,-1.5,228.5,,False,89.06,0.782401,0.465,0.0,0.006,0.776401,,live_quality_router_v9,thin_context_completeness;minutes_lift_against_side,thin_context_completeness;minutes_lift_against_side,strong_lineup_timing;competitive_spread
2026-01-19,1,SELECTED,C,Jaylon Tyson,CLE,0022500015,PRA,OVER,14.5,30.0,OVER,True,21.04,6.54,6.54,0.772571,0.792574,,5.12,,26.25,0.5191,1.0,70.0,6.5,234.5,,False,89.06,0.802511,0.583,0.0,0.0,0.802511,,live_quality_router_v9,,,strong_lineup_timing;minutes_lift_supports_over;high_total_supports_counting_over
2026-01-21,1,SELECTED,C,Grant Williams,CHA,0022500620,PRA,UNDER,19.5,9.0,UNDER,True,14.66,-4.84,4.84,0.835793,0.794419,,9.69,0.0,25.93,-0.0564,1.0,76.0,2.5,236.0,,False,89.06,0.814149,0.475,0.0,0.0,0.814149,,live_quality_router_v9,volatile_minutes;total_environment_against_side,volatile_minutes;total_environment_against_side,strong_lineup_timing;competitive_spread
2026-01-22,1,SELECTED,C,LeBron James,LAL,0022500633,PRA,OVER,32.5,34.0,OVER,True,37.44,4.94,4.94,0.793513,0.69664,,1.68,,33.64,-0.0497,1.0,75.0,-0.25,223.5,,False,89.06,0.79285,0.595,0.0,0.0,0.79285,,live_quality_router_v9,,,strong_lineup_timing;stable_minutes;competitive_spread
2026-01-23,1,SELECTED,B,Pascal Siakam,IND,0022500641,PRA,OVER,31.0,33.0,OVER,True,33.89,2.89,2.89,0.843078,0.730247,,2.73,,33.99,0.0344,1.0,74.0,15.75,226.5,,False,89.61,0.816183,0.52,0.0,0.0,0.816183,,live_quality_router_v9;top200_primary,blowout_spread_risk,blowout_spread_risk,strong_lineup_timing;stable_minutes
2026-01-23,2,SELECTED,B,Malik Monk,SAC,0022500638,PTS,OVER,11.5,16.0,OVER,True,15.43,3.93,3.93,0.873128,0.572507,,7.81,,21.07,-0.2338,1.0,66.0,11.5,234.5,,False,89.61,0.802442,0.408,0.0,0.0,0.802442,,live_quality_router_v9;top200_primary,thin_context_completeness;minutes_lift_against_side;blowout_spread_risk,thin_context_completeness;minutes_lift_against_side;blowout_spread_risk,strong_lineup_timing;high_total_supports_counting_over
2026-01-24,1,SELECTED,C,Tre Johnson,WAS,0022500645,PRA,OVER,16.5,32.0,OVER,True,20.06,3.56,3.56,0.789711,0.769766,,3.09,,28.54,0.1592,1.0,73.0,10.5,231.0,,False,89.06,0.802403,0.55,0.0,0.0,0.802403,,live_quality_router_v9,blowout_spread_risk,blowout_spread_risk,strong_lineup_timing;stable_minutes;minutes_lift_supports_over
2026-01-25,1,SELECTED,C,Devin Vassell,SAS,0022500654,PRA,OVER,15.5,15.0,UNDER,False,21.93,6.43,6.43,0.823687,0.791051,,2.88,,30.72,-0.0433,1.0,73.0,-12.5,237.5,,False,89.06,0.811499,0.538,0.0,0.0,0.811499,,live_quality_router_v9,blowout_spread_risk,blowout_spread_risk,strong_lineup_timing;stable_minutes;high_total_supports_counting_over
2026-01-26,1,SELECTED,C,Jaxson Hayes,LAL,0022500661,PTS,OVER,4.5,8.0,OVER,True,7.62,3.12,3.12,0.817435,0.716332,,3.83,,18.22,0.0649,1.0,72.0,-1.5,236.25,,False,89.06,0.799913,0.613,0.0,0.0,0.799913,,live_quality_router_v9,,,strong_lineup_timing;stable_minutes;competitive_spread;high_total_supports_counting_over
2026-01-26,2,SELECTED,C,Tyrese Maxey,PHI,0022500657,PTS,UNDER,31.5,6.0,UNDER,True,27.82,-3.68,3.68,0.791403,0.625395,,4.91,,37.92,-0.0045,1.0,70.0,3.0,227.5,,False,89.06,0.782496,0.56,0.0,0.006,0.776496,,live_quality_router_v9,,,strong_lineup_timing;competitive_spread
2026-01-27,1,SELECTED,B,Jalen Brunson,NYK,0022500665,PTS,OVER,27.5,28.0,OVER,True,24.24,-3.26,3.26,0.861549,0.679552,,9.12,,31.41,-0.116,1.0,64.0,-13.5,230.5,,False,89.61,0.815344,0.36,0.0,0.0,0.815344,,live_quality_router_v9;top200_primary,projection_side_split;thin_context_completeness;volatile_minutes;blowout_spread_risk,thin_context_completeness;volatile_minutes;blowout_spread_risk,strong_lineup_timing
2026-01-27,2,SELECTED,B,Bub Carrington,WAS,0022500664,PTS,OVER,10.5,11.0,OVER,True,11.98,1.48,1.48,0.830434,0.841488,,3.74,,35.0,0.2019,1.0,72.0,7.5,233.5,,False,89.61,0.791881,0.618,0.0,0.006,0.785881,,live_quality_router_v9;top200_meta_reliability,,,strong_lineup_timing;stable_minutes;minutes_lift_supports_over;high_total_supports_counting_over
2026-01-27,3,SELECTED,C,Spencer Jones,DEN,0022500668,PRA,OVER,9.5,16.0,OVER,True,12.92,3.42,3.42,0.841926,0.77236,,9.09,,29.56,0.656,1.0,64.0,5.5,218.5,,False,89.06,0.812165,0.44,0.0,0.0,0.812165,,live_quality_router_v9,thin_context_completeness;volatile_minutes,thin_context_completeness;volatile_minutes,strong_lineup_timing;minutes_lift_supports_over
2026-01-28,1,SELECTED,A,Kyle Filipowski,UTA,0022500678,PRA,UNDER,27.5,19.0,UNDER,True,17.45,-10.05,10.05,0.936598,0.786061,,5.76,,23.87,0.1102,1.0,69.0,8.5,240.5,,False,90.16,0.856404,0.455,0.0,0.0,0.856404,,live_quality_router_v9;top200_accuracy_first;top200_primary,thin_context_completeness;total_environment_against_side,thin_context_completeness;total_environment_against_side,strong_lineup_timing
2026-01-28,2,SELECTED,C,Julian Champagnie,SAS,0022500679,PTS,OVER,9.5,2.0,UNDER,False,13.41,3.91,3.91,0.781287,0.732959,,3.63,,31.97,0.2503,1.0,72.0,3.0,219.25,,False,89.06,0.795734,0.625,0.0,0.0,0.795734,,live_quality_router_v9,,,strong_lineup_timing;stable_minutes;minutes_lift_supports_over;competitive_spread
2026-01-28,3,SELECTED,C,Jamal Shead,TOR,0022500675,PTS,OVER,5.5,3.0,UNDER,False,8.45,2.95,2.95,0.779545,0.727794,,6.16,,29.44,0.441,1.0,68.0,-1.5,224.5,,False,89.06,0.793364,0.53,0.0,0.006,0.787364,,live_quality_router_v9,thin_context_completeness,thin_context_completeness,strong_lineup_timing;minutes_lift_supports_over;competitive_spread
2026-01-30,1,SELECTED,C,Cam Thomas,BKN,0022500694,PTS,UNDER,16.5,21.0,OVER,False,12.29,-4.21,4.21,0.782063,0.702583,,2.78,,22.37,-0.2005,1.0,74.0,3.0,228.0,,False,89.06,0.796621,0.625,0.0,0.0,0.796621,,live_quality_router_v9,,,strong_lineup_timing;stable_minutes;minutes_lift_supports_under;competitive_spread
2026-01-30,2,SELECTED,C,Derrick White,BOS,0022500689,PRA,UNDER,33.5,18.0,UNDER,True,26.73,-6.77,6.77,0.804969,0.704871,,4.63,,34.99,0.0228,1.0,71.0,-9.75,222.5,,False,89.06,0.796064,0.485,0.0,0.0,0.796064,,live_quality_router_v9,blowout_spread_risk,blowout_spread_risk,strong_lineup_timing
2026-01-31,1,SELECTED,C,Quentin Grimes,PHI,0022500699,PRA,UNDER,19.5,10.0,UNDER,True,14.31,-5.19,5.19,0.831044,0.778957,,5.88,,24.35,-0.1751,1.0,69.0,-8.75,232.5,,False,89.06,0.81613,0.505,0.0,0.0,0.81613,,live_quality_router_v9,thin_context_completeness,thin_context_completeness,strong_lineup_timing;minutes_lift_supports_under
2026-02-01,1,SELECTED,A,Malik Monk,SAC,0022500707,PRA,OVER,24.5,10.0,UNDER,False,21.93,-2.57,2.57,0.897224,0.376138,,5.16,,25.13,-0.0828,1.0,70.0,-2.5,230.5,,False,90.16,0.780461,0.56,0.0,0.0,0.780461,,live_quality_router_v9;top200_accuracy_first;top200_primary,projection_side_split,,strong_lineup_timing;competitive_spread
2026-02-01,2,SELECTED,B,Donovan Mitchell,CLE,0022500710,PTS,UNDER,30.5,14.0,UNDER,True,27.12,-3.38,3.38,0.880749,0.774134,,3.45,,34.2,0.0478,1.0,72.0,-1.5,230.5,,False,89.61,0.832042,0.595,0.0,0.0,0.832042,,live_quality_router_v9;top200_primary,,,strong_lineup_timing;stable_minutes;competitive_spread
2026-02-01,3,SELECTED,C,Kyshawn George,WAS,0022500707,PTS,UNDER,19.5,6.0,UNDER,True,15.93,-3.57,3.57,0.786783,0.668158,,4.39,,30.66,0.0934,1.0,71.0,2.5,230.5,,False,89.06,0.787651,0.56,0.0,0.031,0.756651,,live_quality_router_v9,,,strong_lineup_timing;competitive_spread
2026-02-02,1,SELECTED,B,Dominick Barlow,PHI,0022500715,PTS,OVER,5.5,26.0,OVER,True,7.6,2.1,2.1,0.846803,0.759774,,6.29,,20.12,-0.0176,1.0,68.0,2.5,220.5,,False,89.61,0.799921,0.5,0.0,0.0,0.799921,,live_quality_router_v9;top200_primary,thin_context_completeness,thin_context_completeness,strong_lineup_timing;competitive_spread
2026-02-02,2,SELECTED,C,Jarace Walker,IND,0022500713,PRA,OVER,14.5,17.0,OVER,True,17.96,3.46,3.46,0.812381,0.680409,,3.88,,25.0,0.3782,1.0,72.0,5.5,218.5,,False,89.06,0.793974,0.6,0.0,0.0,0.793974,,live_quality_router_v9,,,strong_lineup_timing;stable_minutes;minutes_lift_supports_over
2026-02-03,1,SELECTED,C,Amir Coffey,MIL,0022500722,PTS,UNDER,8.5,2.0,UNDER,True,4.26,-4.24,4.24,0.76971,0.676637,,5.63,,7.17,-0.4804,1.0,69.0,2.5,226.75,,False,89.06,0.790765,0.53,0.0,0.0,0.790765,,live_quality_router_v9,thin_context_completeness,thin_context_completeness,strong_lineup_timing;minutes_lift_supports_under;competitive_spread
2026-02-03,2,SELECTED,C,Jay Huff,IND,0022500717,PRA,UNDER,20.5,21.0,OVER,False,13.29,-7.21,7.21,0.759587,0.665441,,9.3,,16.87,0.023,1.0,64.0,-4.5,236.5,,False,89.06,0.782375,0.415,0.0,0.0,0.782375,,live_quality_router_v9,thin_context_completeness;volatile_minutes;total_environment_against_side,thin_context_completeness;volatile_minutes;total_environment_against_side,strong_lineup_timing;competitive_spread
2026-02-04,1,SELECTED,B,Aaron Wiggins,OKC,0022500730,PRA,OVER,28.5,30.0,OVER,True,18.16,-10.34,10.34,0.857638,0.344963,,5.03,,25.47,0.1026,1.0,70.0,-2.0,226.5,,False,89.61,0.767798,0.59,0.0,0.0,0.767798,,live_quality_router_v9;top200_primary,projection_side_split,,strong_lineup_timing;minutes_lift_supports_over;competitive_spread
2026-02-04,2,SELECTED,C,Kawhi Leonard,LAC,0022500732,PTS,UNDER,28.5,25.0,UNDER,True,24.36,-4.14,4.14,0.701771,0.725598,,2.04,,29.08,-0.1225,1.0,75.0,1.5,222.5,,False,89.06,0.785391,0.625,0.0,0.0,0.785391,,live_quality_router_v9,,,strong_lineup_timing;stable_minutes;minutes_lift_supports_under;competitive_spread
2026-02-05,1,SELECTED,C,Grant Williams,CHA,0022500737,PRA,UNDER,17.5,5.0,UNDER,True,11.11,-6.39,6.39,0.844155,0.707076,,3.49,,17.7,-0.3398,1.0,72.0,3.5,218.5,,False,89.06,0.808427,0.625,0.0,0.0,0.808427,,live_quality_router_v9,,,strong_lineup_timing;stable_minutes;minutes_lift_supports_under;competitive_spread
2026-02-07,1,SELECTED,B,Bub Carrington,WAS,0022500747,PTS,UNDER,14.5,11.0,UNDER,True,10.13,-4.37,4.37,0.87892,0.885154,,6.13,,29.77,0.0287,1.0,68.0,4.5,219.5,,False,90.16,0.859895,0.5,0.0,0.0,0.859895,,live_quality_router_v9;top200_meta_reliability;top200_primary,thin_context_completeness,thin_context_completeness,strong_lineup_timing;competitive_spread
2026-02-07,2,SELECTED,B,Ryan Kalkbrenner,CHA,0022500751,PRA,UNDER,17.5,11.0,UNDER,True,12.55,-4.95,4.95,0.867501,0.809919,,4.61,,18.9,-0.17,1.0,71.0,-2.25,230.5,,False,89.61,0.839667,0.59,0.0,0.0,0.839667,,live_quality_router_v9;top200_primary,,,strong_lineup_timing;minutes_lift_supports_under;competitive_spread
2026-02-07,3,SELECTED,B,Maxime Raynaud,SAC,0022500756,PTS,UNDER,12.5,14.0,OVER,False,9.21,-3.29,3.29,0.834044,0.83288,,7.0,,21.48,-0.0381,1.0,67.0,11.5,232.0,,False,89.61,0.831859,0.425,0.0,0.006,0.825859,,live_quality_router_v9;top200_meta_reliability,thin_context_completeness;blowout_spread_risk,thin_context_completeness;blowout_spread_risk,strong_lineup_timing
2026-02-08,1,SELECTED,C,Naz Reid,MIN,0022500760,PRA,OVER,19.5,20.0,OVER,True,22.83,3.33,3.33,0.755511,0.720233,,1.86,,27.44,0.0235,1.0,75.0,-7.5,226.5,,False,89.06,0.789313,0.57,0.0,0.0,0.789313,,live_quality_router_v9,,,strong_lineup_timing;stable_minutes
2026-02-09,1,SELECTED,A,Cam Spencer,MEM,0022500768,PTS,UNDER,11.5,2.0,UNDER,True,12.76,1.26,1.26,0.891218,0.641694,,3.06,,24.95,0.3022,1.0,73.0,6.5,225.0,,False,90.16,0.781624,0.535,0.0,0.0,0.781624,,live_quality_router_v9;top200_accuracy_first;top200_primary,projection_side_split;minutes_lift_against_side,minutes_lift_against_side,strong_lineup_timing;stable_minutes
2026-02-09,2,SELECTED,C,AJ Green,MIL,0022500764,PRA,OVER,14.5,22.0,OVER,True,16.77,2.27,2.27,0.792184,0.78334,,6.96,,31.31,0.2785,1.0,67.0,9.5,218.5,,False,89.06,0.785282,0.455,0.0,0.0,0.785282,,live_quality_router_v9,thin_context_completeness;blowout_spread_risk,thin_context_completeness;blowout_spread_risk,strong_lineup_timing;minutes_lift_supports_over
2026-02-09,3,SELECTED,C,Devin Carter,SAC,0022500766,PTS,OVER,13.5,12.0,UNDER,False,8.76,-4.74,4.74,0.7695,0.641751,,8.29,,14.33,0.2493,1.0,65.0,5.5,232.75,,False,89.06,0.780843,0.458,0.0,0.006,0.774843,,live_quality_router_v9,projection_side_split;thin_context_completeness;volatile_minutes,thin_context_completeness;volatile_minutes,strong_lineup_timing;minutes_lift_supports_over;high_total_supports_counting_over
2026-02-11,1,SELECTED,C,Desmond Bane,ORL,0022500777,PTS,OVER,17.5,31.0,OVER,True,20.51,3.01,3.01,0.82787,0.784004,,4.89,,33.89,0.0282,1.0,70.0,-10.0,220.5,,False,89.06,0.811265,0.485,0.0,0.0,0.811265,,live_quality_router_v9,blowout_spread_risk,blowout_spread_risk,strong_lineup_timing
2026-02-12,1,SELECTED,C,Kenrich Williams,OKC,0022500789,PRA,OVER,19.5,18.0,UNDER,False,14.1,-5.4,5.4,0.808362,0.644114,,8.8,,20.27,0.3559,1.0,64.0,-13.5,216.0,,False,89.06,0.788169,0.39,0.0,0.0,0.788169,,live_quality_router_v9,projection_side_split;thin_context_completeness;volatile_minutes;blowout_spread_risk,thin_context_completeness;volatile_minutes;blowout_spread_risk,strong_lineup_timing;minutes_lift_supports_over
2026-02-12,2,SELECTED,C,Ousmane Dieng,MIL,0022500789,PTS,OVER,9.5,19.0,OVER,True,5.55,-3.95,3.95,0.785249,0.638765,,7.84,,10.61,-0.0993,1.0,65.0,13.5,216.0,,False,89.06,0.78326,0.425,0.0,0.025,0.75826,,live_quality_router_v9,projection_side_split;thin_context_completeness;blowout_spread_risk,thin_context_completeness;blowout_spread_risk,strong_lineup_timing
2026-02-19,1,SELECTED,B,Brandon Ingram,TOR,0022500797,PTS,OVER,21.5,31.0,OVER,True,20.92,-0.58,0.58,0.840409,0.712186,,6.0,,31.78,-0.0433,1.0,68.0,-4.5,230.5,,False,89.61,0.751574,0.5,0.0,0.0,0.751574,,live_quality_router_v9;top200_primary,projection_side_split;thin_context_completeness,thin_context_completeness,strong_lineup_timing;competitive_spread
2026-02-19,2,SELECTED,C,Kawhi Leonard,LAC,0022500801,PRA,UNDER,39.5,30.0,UNDER,True,35.46,-4.04,4.04,0.786039,0.664839,,5.32,,28.73,-0.1219,1.0,69.0,3.5,225.5,,False,89.06,0.792053,0.53,0.0,0.0,0.792053,,live_quality_router_v9,thin_context_completeness,thin_context_completeness,strong_lineup_timing;minutes_lift_supports_under;competitive_spread
2026-02-19,3,SELECTED,C,Jose Alvarado,NYK,0022500796,PTS,OVER,6.5,6.0,UNDER,False,8.72,2.22,2.22,0.830399,0.758448,,4.19,,20.55,-0.0534,1.0,71.0,-2.75,222.5,,False,89.06,0.787342,0.56,0.0,0.006,0.781342,,live_quality_router_v9,,,strong_lineup_timing;competitive_spread
2026-02-20,1,SELECTED,C,Tyler Herro,MIA,0022500805,PTS,OVER,17.0,24.0,OVER,True,21.9,4.9,4.9,0.795361,0.771661,,3.12,,31.93,-0.0745,1.0,73.0,-2.75,242.5,,False,89.06,0.803686,0.613,0.0,0.0,0.803686,,live_quality_router_v9,,,strong_lineup_timing;stable_minutes;competitive_spread;high_total_supports_counting_over
2026-02-20,2,SELECTED,C,Brice Sensabaugh,UTA,0022500804,PTS,UNDER,20.5,9.0,UNDER,True,17.19,-3.31,3.31,0.799709,0.737779,,4.35,,26.04,0.2271,1.0,71.0,4.0,240.75,,False,89.06,0.799725,0.505,0.0,0.006,0.793725,,live_quality_router_v9,minutes_lift_against_side;total_environment_against_side,minutes_lift_against_side;total_environment_against_side,strong_lineup_timing;competitive_spread
2026-02-21,1,SELECTED,C,Jahmai Mashack,MEM,0022500813,PRA,UNDER,14.5,4.0,UNDER,True,11.03,-3.47,3.47,0.759092,0.763416,,11.05,,16.22,0.2159,1.0,64.0,8.75,237.5,,False,89.06,0.796003,0.355,0.0,0.0,0.796003,,live_quality_router_v9,thin_context_completeness;volatile_minutes;minutes_lift_against_side;total_environment_against_side,thin_context_completeness;volatile_minutes;minutes_lift_against_side;total_environment_against_side,strong_lineup_timing
2026-02-21,2,SELECTED,C,Jeremiah Fears,NOP,0022500812,PTS,UNDER,14.5,7.0,UNDER,True,12.13,-2.37,2.37,0.800451,0.750233,,6.95,,21.77,-0.1358,1.0,67.0,3.75,229.0,,False,89.06,0.789802,0.53,0.0,0.0,0.789802,,live_quality_router_v9,thin_context_completeness,thin_context_completeness,strong_lineup_timing;minutes_lift_supports_under;competitive_spread
2026-02-22,1,SELECTED,A,Kyshawn George,WAS,0022500822,PRA,UNDER,19.5,16.0,UNDER,True,16.73,-2.77,2.77,0.909089,0.73031,,6.85,,23.44,-0.1483,1.0,67.0,10.5,229.0,,False,90.16,0.842514,0.455,0.0,0.0,0.842514,,live_quality_router_v9;top200_accuracy_first;top200_primary,thin_context_completeness;blowout_spread_risk,thin_context_completeness;blowout_spread_risk,strong_lineup_timing;minutes_lift_supports_under
2026-02-22,2,SELECTED,C,LeBron James,LAL,0022500823,PTS,OVER,18.5,20.0,OVER,True,21.62,3.12,3.12,0.826238,0.761605,,6.46,,30.7,-0.1191,1.0,68.0,1.0,228.5,,False,89.06,0.807836,0.5,0.0,0.0,0.807836,,live_quality_router_v9,thin_context_completeness,thin_context_completeness,strong_lineup_timing;competitive_spread
2026-02-22,3,SELECTED,C,Sam Merrill,CLE,0022500817,PTS,OVER,8.5,20.0,OVER,True,11.46,2.96,2.96,0.803929,0.776994,,4.96,,22.32,0.0762,1.0,70.0,-1.25,224.25,,False,89.06,0.804908,0.56,0.0,0.006,0.798908,,live_quality_router_v9,,,strong_lineup_timing;competitive_spread
2026-02-24,1,SELECTED,B,Chet Holmgren,OKC,0022500834,PTS,UNDER,17.5,7.0,UNDER,True,15.17,-2.33,2.33,0.847331,0.848074,,6.61,,26.66,-0.0698,1.0,67.0,-1.5,218.5,,False,90.16,0.831151,0.5,0.0,0.0,0.831151,,live_quality_router_v9;top200_meta_reliability;top200_primary,thin_context_completeness,thin_context_completeness,strong_lineup_timing;competitive_spread
2026-02-24,2,SELECTED,B,Jarace Walker,IND,0022500831,PTS,UNDER,17.5,8.0,UNDER,True,14.8,-2.7,2.7,0.8309,0.851821,,3.96,,28.74,0.4799,1.0,72.0,6.5,234.75,,False,89.61,0.825945,0.535,0.0,0.006,0.819945,,live_quality_router_v9;top200_meta_reliability,minutes_lift_against_side,minutes_lift_against_side,strong_lineup_timing;stable_minutes
2026-02-24,3,SELECTED,B,Ryan Rollins,MIL,0022500837,PRA,OVER,27.5,30.0,OVER,True,30.44,2.94,2.94,0.860624,0.389354,,3.46,,34.53,0.6365,1.0,72.0,5.5,227.75,,False,89.61,0.77295,0.6,0.0,0.0,0.77295,,live_quality_router_v9;top200_primary,,,strong_lineup_timing;stable_minutes;minutes_lift_supports_over
2026-02-24,4,SELECTED,C,DeAndre Jordan,NOP,0022500838,REB,UNDER,8.5,8.0,UNDER,True,4.9,-3.6,3.6,0.740634,0.76598,,8.42,0.0,11.4,-0.1163,1.0,79.0,1.75,225.5,,False,89.06,0.798039,0.495,0.0,0.0,0.798039,,live_quality_router_v9,volatile_minutes;bench_role_context,volatile_minutes;bench_role_context,strong_lineup_timing;minutes_lift_supports_under;competitive_spread
2026-02-26,1,SELECTED,B,Bennedict Mathurin,LAC,0022500857,PTS,UNDER,24.5,14.0,UNDER,True,16.85,-7.65,7.65,0.860456,0.858226,,3.61,,29.7,0.0495,1.0,72.0,4.0,225.5,,False,90.16,0.852802,0.595,0.0,0.0,0.852802,,live_quality_router_v9;top200_meta_reliability;top200_primary,,,strong_lineup_timing;stable_minutes;competitive_spread
2026-02-26,2,SELECTED,C,Devin Carter,SAC,0022500854,PRA,OVER,20.5,27.0,OVER,True,17.3,-3.2,3.2,0.838313,0.685563,,9.05,,20.02,0.6356,1.0,64.0,7.0,233.5,,False,89.06,0.799363,0.458,0.0,0.0,0.799363,,live_quality_router_v9,projection_side_split;thin_context_completeness;volatile_minutes,thin_context_completeness;volatile_minutes,strong_lineup_timing;minutes_lift_supports_over;high_total_supports_counting_over
2026-02-26,3,SELECTED,C,Desmond Bane,ORL,0022500852,PTS,OVER,18.5,30.0,OVER,True,22.28,3.78,3.78,0.810602,0.753646,,4.99,1.0,33.56,0.0151,1.0,72.0,1.5,215.75,,False,89.06,0.803907,0.585,0.0,0.006,0.797907,,live_quality_router_v9,,,strong_lineup_timing;competitive_spread;stable_starter_role
