date,rule,selectedLegsOnDay,comboIndex,legA_rank,legA_player,legA_team,legA_market,legA_side,legA_line,legA_correct,legB_rank,legB_player,legB_team,legB_market,legB_side,legB_line,legB_correct,legC_rank,legC_player,legC_team,legC_market,legC_side,legC_line,legC_correct,combo_hit
2025-10-30,daily_top6_under_else_top3_triplets_v1,3,1,1,Shai Gilgeous-Alexander,OKC,PTS,UNDER,33.5,True,3,Kel'el Ware,MIA,REB,UNDER,7.75,True,5,Khris Middleton,WAS,REB,UNDER,3.5,True,True
2025-10-31,daily_top6_under_else_top3_triplets_v1,4,1,1,VJ Edgecombe,PHI,PTS,UNDER,17.5,True,2,Scottie Barnes,TOR,PTS,UNDER,17.5,True,3,Toumani Camara,POR,PRA,UNDER,22.5,True,True
2025-10-31,daily_top6_under_else_top3_triplets_v1,4,2,1,VJ Edgecombe,PHI,PTS,UNDER,17.5,True,2,Scottie Barnes,TOR,PTS,UNDER,17.5,True,4,Karl-Anthony Towns,NYK,REB,UNDER,11.5,True,True
2025-10-31,daily_top6_under_else_top3_triplets_v1,4,3,1,VJ Edgecombe,PHI,PTS,UNDER,17.5,True,3,Toumani Camara,POR,PRA,UNDER,22.5,True,4,Karl-Anthony Towns,NYK,REB,UNDER,11.5,True,True
2025-10-31,daily_top6_under_else_top3_triplets_v1,4,4,2,Scottie Barnes,TOR,PTS,UNDER,17.5,True,3,Toumani Camara,POR,PRA,UNDER,22.5,True,4,Karl-Anthony Towns,NYK,REB,UNDER,11.5,True,True
2025-11-01,daily_top6_under_else_top3_triplets_v1,4,1,1,CJ McCollum,WAS,PTS,UNDER,15.5,True,2,Payton Pritchard,BOS,PRA,UNDER,31.5,True,3,Nique Clifford,SAC,AST,UNDER,0.5,True,True
2025-11-01,daily_top6_under_else_top3_triplets_v1,4,2,1,CJ McCollum,WAS,PTS,UNDER,15.5,True,2,Payton Pritchard,BOS,PRA,UNDER,31.5,True,4,Cooper Flagg,DAL,PTS,UNDER,16.5,True,True
2025-11-01,daily_top6_under_else_top3_triplets_v1,4,3,1,CJ McCollum,WAS,PTS,UNDER,15.5,True,3,Nique Clifford,SAC,AST,UNDER,0.5,True,4,Cooper Flagg,DAL,PTS,UNDER,16.5,True,True
2025-11-01,daily_top6_under_else_top3_triplets_v1,4,4,2,Payton Pritchard,BOS,PRA,UNDER,31.5,True,3,Nique Clifford,SAC,AST,UNDER,0.5,True,4,Cooper Flagg,DAL,PTS,UNDER,16.5,True,True
2025-11-02,daily_top6_under_else_top3_triplets_v1,4,1,1,Saddiq Bey,NOP,PTS,UNDER,7.5,True,2,Nickeil Alexander-Walker,ATL,PRA,UNDER,28.5,True,3,Victor Wembanyama,SAS,PTS,UNDER,28.0,True,True
2025-11-02,daily_top6_under_else_top3_triplets_v1,4,2,1,Saddiq Bey,NOP,PTS,UNDER,7.5,True,2,Nickeil Alexander-Walker,ATL,PRA,UNDER,28.5,True,5,Tre Jones,CHI,REB,UNDER,2.5,True,True
2025-11-02,daily_top6_under_else_top3_triplets_v1,4,3,1,Saddiq Bey,NOP,PTS,UNDER,7.5,True,3,Victor Wembanyama,SAS,PTS,UNDER,28.0,True,5,Tre Jones,CHI,REB,UNDER,2.5,True,True
2025-11-02,daily_top6_under_else_top3_triplets_v1,4,4,2,Nickeil Alexander-Walker,ATL,PRA,UNDER,28.5,True,3,Victor Wembanyama,SAS,PTS,UNDER,28.0,True,5,Tre Jones,CHI,REB,UNDER,2.5,True,True
2025-11-03,daily_top6_under_else_top3_triplets_v1,3,1,1,Payton Pritchard,BOS,PRA,UNDER,27.5,True,2,Shaedon Sharpe,POR,PTS,OVER,19.5,True,3,Cade Cunningham,DET,PTS,OVER,27.0,True,True
2025-11-04,daily_top6_under_else_top3_triplets_v1,3,1,1,VJ Edgecombe,PHI,PTS,UNDER,15.5,True,3,Isaiah Hartenstein,OKC,REB,UNDER,8.5,True,5,Nikola Vučević,CHI,REB,UNDER,10.5,True,True
2025-11-05,daily_top6_under_else_top3_triplets_v1,3,1,2,Mikal Bridges,NYK,PRA,UNDER,28.5,True,3,Luka Dončić,LAL,PTS,UNDER,35.5,True,4,VJ Edgecombe,PHI,REB,UNDER,4.5,True,True
2025-11-07,daily_top6_under_else_top3_triplets_v1,3,1,1,Anthony Edwards,MIN,PTS,OVER,26.5,True,2,Josh Giddey,CHI,PRA,OVER,31.5,True,3,Scottie Barnes,TOR,PTS,UNDER,18.5,True,True
2025-11-08,daily_top6_under_else_top3_triplets_v1,3,1,1,Scottie Barnes,TOR,PTS,UNDER,18.5,True,2,Evan Mobley,CLE,PRA,UNDER,37.5,True,3,Harrison Barnes,SAS,PTS,OVER,10.5,True,True
2025-11-09,daily_top6_under_else_top3_triplets_v1,4,1,1,Russell Westbrook,SAC,PTS,UNDER,13.5,True,2,Ryan Rollins,MIL,PRA,UNDER,30.5,True,5,Mikal Bridges,NYK,REB,UNDER,3.5,True,True
2025-11-09,daily_top6_under_else_top3_triplets_v1,4,2,1,Russell Westbrook,SAC,PTS,UNDER,13.5,True,2,Ryan Rollins,MIL,PRA,UNDER,30.5,True,6,Isaiah Hartenstein,OKC,AST,UNDER,2.5,True,True
2025-11-09,daily_top6_under_else_top3_triplets_v1,4,3,1,Russell Westbrook,SAC,PTS,UNDER,13.5,True,5,Mikal Bridges,NYK,REB,UNDER,3.5,True,6,Isaiah Hartenstein,OKC,AST,UNDER,2.5,True,True
2025-11-09,daily_top6_under_else_top3_triplets_v1,4,4,2,Ryan Rollins,MIL,PRA,UNDER,30.5,True,5,Mikal Bridges,NYK,REB,UNDER,3.5,True,6,Isaiah Hartenstein,OKC,AST,UNDER,2.5,True,True
2025-11-10,daily_top6_under_else_top3_triplets_v1,5,1,2,Devin Booker,PHX,RA,UNDER,9.5,True,3,Isaiah Collier,UTA,PTS,UNDER,6.5,True,4,Nikola Vučević,CHI,REB,UNDER,10.5,True,True
2025-11-10,daily_top6_under_else_top3_triplets_v1,5,2,2,Devin Booker,PHX,RA,UNDER,9.5,True,3,Isaiah Collier,UTA,PTS,UNDER,6.5,True,5,Onyeka Okongwu,ATL,REB,UNDER,7.5,True,True
2025-11-10,daily_top6_under_else_top3_triplets_v1,5,3,2,Devin Booker,PHX,RA,UNDER,9.5,True,3,Isaiah Collier,UTA,PTS,UNDER,6.5,True,6,De'Aaron Fox,SAS,AST,UNDER,5.5,True,True
2025-11-10,daily_top6_under_else_top3_triplets_v1,5,4,2,Devin Booker,PHX,RA,UNDER,9.5,True,4,Nikola Vučević,CHI,REB,UNDER,10.5,True,5,Onyeka Okongwu,ATL,REB,UNDER,7.5,True,True
2025-11-10,daily_top6_under_else_top3_triplets_v1,5,5,2,Devin Booker,PHX,RA,UNDER,9.5,True,4,Nikola Vučević,CHI,REB,UNDER,10.5,True,6,De'Aaron Fox,SAS,AST,UNDER,5.5,True,True
2025-11-10,daily_top6_under_else_top3_triplets_v1,5,6,2,Devin Booker,PHX,RA,UNDER,9.5,True,5,Onyeka Okongwu,ATL,REB,UNDER,7.5,True,6,De'Aaron Fox,SAS,AST,UNDER,5.5,True,True
2025-11-10,daily_top6_under_else_top3_triplets_v1,5,7,3,Isaiah Collier,UTA,PTS,UNDER,6.5,True,4,Nikola Vučević,CHI,REB,UNDER,10.5,True,5,Onyeka Okongwu,ATL,REB,UNDER,7.5,True,True
2025-11-10,daily_top6_under_else_top3_triplets_v1,5,8,3,Isaiah Collier,UTA,PTS,UNDER,6.5,True,4,Nikola Vučević,CHI,REB,UNDER,10.5,True,6,De'Aaron Fox,SAS,AST,UNDER,5.5,True,True
2025-11-10,daily_top6_under_else_top3_triplets_v1,5,9,3,Isaiah Collier,UTA,PTS,UNDER,6.5,True,5,Onyeka Okongwu,ATL,REB,UNDER,7.5,True,6,De'Aaron Fox,SAS,AST,UNDER,5.5,True,True
2025-11-10,daily_top6_under_else_top3_triplets_v1,5,10,4,Nikola Vučević,CHI,REB,UNDER,10.5,True,5,Onyeka Okongwu,ATL,REB,UNDER,7.5,True,6,De'Aaron Fox,SAS,AST,UNDER,5.5,True,True
2025-11-11,daily_top6_under_else_top3_triplets_v1,3,1,1,Pascal Siakam,IND,PTS,OVER,25.5,True,2,RJ Barrett,TOR,PRA,OVER,27.5,False,3,Russell Westbrook,SAC,PTS,OVER,11.5,True,False
2025-11-12,daily_top6_under_else_top3_triplets_v1,3,1,1,Luka Dončić,LAL,PTS,UNDER,31.5,True,5,Nikola Vučević,CHI,REB,UNDER,10.5,True,6,James Harden,LAC,THREES,UNDER,2.5,True,True
2025-11-13,daily_top6_under_else_top3_triplets_v1,3,1,1,Donovan Mitchell,CLE,PTS,UNDER,26.5,False,2,Isaiah Collier,UTA,PRA,UNDER,32.5,True,5,Nick Richards,PHX,REB,UNDER,8.5,True,False
2025-11-14,daily_top6_under_else_top3_triplets_v1,3,1,1,Jake LaRavia,LAL,PTS,UNDER,7.5,True,3,LaMelo Ball,CHA,PTS,UNDER,20.5,True,4,Stephon Castle,SAS,AST,UNDER,7.5,True,True
2025-11-15,daily_top6_under_else_top3_triplets_v1,5,1,1,Miles Bridges,CHA,PTS,UNDER,19.5,True,2,Nikola Jokić,DEN,PTS,UNDER,27.5,True,4,Cedric Coward,MEM,AST,UNDER,2.5,True,True
2025-11-15,daily_top6_under_else_top3_triplets_v1,5,2,1,Miles Bridges,CHA,PTS,UNDER,19.5,True,2,Nikola Jokić,DEN,PTS,UNDER,27.5,True,5,Scottie Barnes,TOR,THREES,UNDER,0.5,True,True
2025-11-15,daily_top6_under_else_top3_triplets_v1,5,3,1,Miles Bridges,CHA,PTS,UNDER,19.5,True,2,Nikola Jokić,DEN,PTS,UNDER,27.5,True,6,Myles Turner,MIL,THREES,UNDER,1.5,True,True
2025-11-15,daily_top6_under_else_top3_triplets_v1,5,4,1,Miles Bridges,CHA,PTS,UNDER,19.5,True,4,Cedric Coward,MEM,AST,UNDER,2.5,True,5,Scottie Barnes,TOR,THREES,UNDER,0.5,True,True
2025-11-15,daily_top6_under_else_top3_triplets_v1,5,5,1,Miles Bridges,CHA,PTS,UNDER,19.5,True,4,Cedric Coward,MEM,AST,UNDER,2.5,True,6,Myles Turner,MIL,THREES,UNDER,1.5,True,True
2025-11-15,daily_top6_under_else_top3_triplets_v1,5,6,1,Miles Bridges,CHA,PTS,UNDER,19.5,True,5,Scottie Barnes,TOR,THREES,UNDER,0.5,True,6,Myles Turner,MIL,THREES,UNDER,1.5,True,True
2025-11-15,daily_top6_under_else_top3_triplets_v1,5,7,2,Nikola Jokić,DEN,PTS,UNDER,27.5,True,4,Cedric Coward,MEM,AST,UNDER,2.5,True,5,Scottie Barnes,TOR,THREES,UNDER,0.5,True,True
2025-11-15,daily_top6_under_else_top3_triplets_v1,5,8,2,Nikola Jokić,DEN,PTS,UNDER,27.5,True,4,Cedric Coward,MEM,AST,UNDER,2.5,True,6,Myles Turner,MIL,THREES,UNDER,1.5,True,True
2025-11-15,daily_top6_under_else_top3_triplets_v1,5,9,2,Nikola Jokić,DEN,PTS,UNDER,27.5,True,5,Scottie Barnes,TOR,THREES,UNDER,0.5,True,6,Myles Turner,MIL,THREES,UNDER,1.5,True,True
2025-11-15,daily_top6_under_else_top3_triplets_v1,5,10,4,Cedric Coward,MEM,AST,UNDER,2.5,True,5,Scottie Barnes,TOR,THREES,UNDER,0.5,True,6,Myles Turner,MIL,THREES,UNDER,1.5,True,True
2025-11-16,daily_top6_under_else_top3_triplets_v1,3,1,3,Vít Krejčí,ATL,PTS,UNDER,8.5,True,5,Alperen Sengun,HOU,REB,UNDER,9.5,False,6,Bilal Coulibaly,WAS,THREES,UNDER,0.5,True,False
2025-11-17,daily_top6_under_else_top3_triplets_v1,3,1,1,Karl-Anthony Towns,NYK,PTS,OVER,27.5,False,2,Nikola Jokić,DEN,PRA,OVER,49.5,True,3,Moussa Diabaté,CHA,PTS,OVER,7.5,True,False
2025-11-18,daily_top6_under_else_top3_triplets_v1,3,1,1,Cade Cunningham,DET,PTS,OVER,24.5,True,2,Isaiah Collier,UTA,PTS,OVER,8.5,True,3,Harrison Barnes,SAS,PRA,OVER,13.5,True,True
2025-11-19,daily_top6_under_else_top3_triplets_v1,3,1,1,Nikola Jokić,DEN,PTS,UNDER,28.5,True,2,Evan Mobley,CLE,PRA,OVER,23.5,True,3,Josh Giddey,CHI,REB,UNDER,8.5,True,True
2025-11-20,daily_top6_under_else_top3_triplets_v1,3,1,3,Vít Krejčí,ATL,PTS,UNDER,7.5,True,4,James Harden,LAC,REB,UNDER,5.5,True,6,Bobby Portis,MIL,REB,UNDER,8.5,True,True
2025-11-21,daily_top6_under_else_top3_triplets_v1,3,1,3,Bam Adebayo,MIA,PTS,UNDER,21.5,True,4,Tristan Vukcevic,WAS,REB,UNDER,6.5,True,5,Alperen Sengun,HOU,REB,UNDER,9.5,True,True
2025-11-22,daily_top6_under_else_top3_triplets_v1,3,1,1,P.J. Washington,DAL,PTS,OVER,16.5,False,2,Cade Cunningham,DET,PRA,OVER,26.5,True,3,Miles Bridges,CHA,PTS,OVER,18.5,True,False
2025-11-23,daily_top6_under_else_top3_triplets_v1,3,1,4,Marcus Smart,LAL,AST,UNDER,1.5,True,5,Scottie Barnes,TOR,PTS,UNDER,18.5,True,6,James Harden,LAC,REB,UNDER,4.5,True,True
2025-11-24,daily_top6_under_else_top3_triplets_v1,3,1,1,Duncan Robinson,DET,PTS,UNDER,10.5,True,4,Jalen Smith,CHI,REB,UNDER,8.5,True,5,Alperen Sengun,HOU,REB,UNDER,9.5,True,True
2025-11-25,daily_top6_under_else_top3_triplets_v1,3,1,1,Nickeil Alexander-Walker,ATL,PTS,UNDER,18.5,True,2,Kawhi Leonard,LAC,PTS,UNDER,20.5,True,3,Anthony Black,ORL,PRA,OVER,15.5,True,True
2025-11-26,daily_top6_under_else_top3_triplets_v1,4,1,1,Miles Bridges,CHA,PTS,UNDER,18.5,True,2,Shaedon Sharpe,POR,PTS,UNDER,19.5,True,4,Karl-Anthony Towns,NYK,REB,UNDER,11.5,True,True
2025-11-26,daily_top6_under_else_top3_triplets_v1,4,2,1,Miles Bridges,CHA,PTS,UNDER,18.5,True,2,Shaedon Sharpe,POR,PTS,UNDER,19.5,True,6,Alperen Sengun,HOU,REB,UNDER,11.5,True,True
2025-11-26,daily_top6_under_else_top3_triplets_v1,4,3,1,Miles Bridges,CHA,PTS,UNDER,18.5,True,4,Karl-Anthony Towns,NYK,REB,UNDER,11.5,True,6,Alperen Sengun,HOU,REB,UNDER,11.5,True,True
2025-11-26,daily_top6_under_else_top3_triplets_v1,4,4,2,Shaedon Sharpe,POR,PTS,UNDER,19.5,True,4,Karl-Anthony Towns,NYK,REB,UNDER,11.5,True,6,Alperen Sengun,HOU,REB,UNDER,11.5,True,True
2025-11-28,daily_top6_under_else_top3_triplets_v1,3,1,1,Kon Knueppel,CHA,PTS,UNDER,16.5,True,2,CJ McCollum,WAS,PTS,UNDER,18.5,True,4,Jaylon Tyson,CLE,REB,UNDER,3.5,True,True
2025-11-29,daily_top6_under_else_top3_triplets_v1,5,1,1,Ryan Rollins,MIL,PTS,UNDER,16.0,True,2,Collin Gillespie,PHX,PTS,UNDER,13.5,True,3,Cade Cunningham,DET,PRA,UNDER,42.5,True,True
2025-11-29,daily_top6_under_else_top3_triplets_v1,5,2,1,Ryan Rollins,MIL,PTS,UNDER,16.0,True,2,Collin Gillespie,PHX,PTS,UNDER,13.5,True,4,Kel'el Ware,MIA,REB,UNDER,10.5,True,True
2025-11-29,daily_top6_under_else_top3_triplets_v1,5,3,1,Ryan Rollins,MIL,PTS,UNDER,16.0,True,2,Collin Gillespie,PHX,PTS,UNDER,13.5,True,5,Derrick White,BOS,REB,UNDER,3.5,True,True
2025-11-29,daily_top6_under_else_top3_triplets_v1,5,4,1,Ryan Rollins,MIL,PTS,UNDER,16.0,True,3,Cade Cunningham,DET,PRA,UNDER,42.5,True,4,Kel'el Ware,MIA,REB,UNDER,10.5,True,True
2025-11-29,daily_top6_under_else_top3_triplets_v1,5,5,1,Ryan Rollins,MIL,PTS,UNDER,16.0,True,3,Cade Cunningham,DET,PRA,UNDER,42.5,True,5,Derrick White,BOS,REB,UNDER,3.5,True,True
2025-11-29,daily_top6_under_else_top3_triplets_v1,5,6,1,Ryan Rollins,MIL,PTS,UNDER,16.0,True,4,Kel'el Ware,MIA,REB,UNDER,10.5,True,5,Derrick White,BOS,REB,UNDER,3.5,True,True
2025-11-29,daily_top6_under_else_top3_triplets_v1,5,7,2,Collin Gillespie,PHX,PTS,UNDER,13.5,True,3,Cade Cunningham,DET,PRA,UNDER,42.5,True,4,Kel'el Ware,MIA,REB,UNDER,10.5,True,True
2025-11-29,daily_top6_under_else_top3_triplets_v1,5,8,2,Collin Gillespie,PHX,PTS,UNDER,13.5,True,3,Cade Cunningham,DET,PRA,UNDER,42.5,True,5,Derrick White,BOS,REB,UNDER,3.5,True,True
2025-11-29,daily_top6_under_else_top3_triplets_v1,5,9,2,Collin Gillespie,PHX,PTS,UNDER,13.5,True,4,Kel'el Ware,MIA,REB,UNDER,10.5,True,5,Derrick White,BOS,REB,UNDER,3.5,True,True
2025-11-29,daily_top6_under_else_top3_triplets_v1,5,10,3,Cade Cunningham,DET,PRA,UNDER,42.5,True,4,Kel'el Ware,MIA,REB,UNDER,10.5,True,5,Derrick White,BOS,REB,UNDER,3.5,True,True
2025-11-30,daily_top6_under_else_top3_triplets_v1,5,1,1,Reed Sheppard,HOU,PTS,UNDER,14.5,True,2,VJ Edgecombe,PHI,REB,UNDER,4.5,True,3,Donovan Mitchell,CLE,PRA,UNDER,35.5,True,True
2025-11-30,daily_top6_under_else_top3_triplets_v1,5,2,1,Reed Sheppard,HOU,PTS,UNDER,14.5,True,2,VJ Edgecombe,PHI,REB,UNDER,4.5,True,5,Baylor Scheierman,BOS,REB,UNDER,4.0,True,True
2025-11-30,daily_top6_under_else_top3_triplets_v1,5,3,1,Reed Sheppard,HOU,PTS,UNDER,14.5,True,2,VJ Edgecombe,PHI,REB,UNDER,4.5,True,6,DeMar DeRozan,SAC,AST,UNDER,4.5,True,True
2025-11-30,daily_top6_under_else_top3_triplets_v1,5,4,1,Reed Sheppard,HOU,PTS,UNDER,14.5,True,3,Donovan Mitchell,CLE,PRA,UNDER,35.5,True,5,Baylor Scheierman,BOS,REB,UNDER,4.0,True,True
2025-11-30,daily_top6_under_else_top3_triplets_v1,5,5,1,Reed Sheppard,HOU,PTS,UNDER,14.5,True,3,Donovan Mitchell,CLE,PRA,UNDER,35.5,True,6,DeMar DeRozan,SAC,AST,UNDER,4.5,True,True
2025-11-30,daily_top6_under_else_top3_triplets_v1,5,6,1,Reed Sheppard,HOU,PTS,UNDER,14.5,True,5,Baylor Scheierman,BOS,REB,UNDER,4.0,True,6,DeMar DeRozan,SAC,AST,UNDER,4.5,True,True
2025-11-30,daily_top6_under_else_top3_triplets_v1,5,7,2,VJ Edgecombe,PHI,REB,UNDER,4.5,True,3,Donovan Mitchell,CLE,PRA,UNDER,35.5,True,5,Baylor Scheierman,BOS,REB,UNDER,4.0,True,True
2025-11-30,daily_top6_under_else_top3_triplets_v1,5,8,2,VJ Edgecombe,PHI,REB,UNDER,4.5,True,3,Donovan Mitchell,CLE,PRA,UNDER,35.5,True,6,DeMar DeRozan,SAC,AST,UNDER,4.5,True,True
2025-11-30,daily_top6_under_else_top3_triplets_v1,5,9,2,VJ Edgecombe,PHI,REB,UNDER,4.5,True,5,Baylor Scheierman,BOS,REB,UNDER,4.0,True,6,DeMar DeRozan,SAC,AST,UNDER,4.5,True,True
2025-11-30,daily_top6_under_else_top3_triplets_v1,5,10,3,Donovan Mitchell,CLE,PRA,UNDER,35.5,True,5,Baylor Scheierman,BOS,REB,UNDER,4.0,True,6,DeMar DeRozan,SAC,AST,UNDER,4.5,True,True
2025-12-01,daily_top6_under_else_top3_triplets_v1,3,1,1,Cameron Johnson,DEN,PTS,UNDER,14.5,True,2,Andrew Nembhard,IND,PTS,OVER,16.5,True,3,Nickeil Alexander-Walker,ATL,PRA,OVER,23.5,True,True
2025-12-02,daily_top6_under_else_top3_triplets_v1,3,1,1,Brandon Ingram,TOR,PRA,UNDER,31.5,True,3,Payton Pritchard,BOS,PTS,UNDER,16.5,True,4,Saddiq Bey,NOP,REB,UNDER,6.5,True,True
2025-12-03,daily_top6_under_else_top3_triplets_v1,5,1,1,Kawhi Leonard,LAC,PTS,UNDER,23.5,True,2,Devin Vassell,SAS,PTS,UNDER,15.5,True,3,Bennedict Mathurin,IND,PRA,UNDER,28.25,True,True
2025-12-03,daily_top6_under_else_top3_triplets_v1,5,2,1,Kawhi Leonard,LAC,PTS,UNDER,23.5,True,2,Devin Vassell,SAS,PTS,UNDER,15.5,True,5,Evan Mobley,CLE,REB,UNDER,10.5,True,True
2025-12-03,daily_top6_under_else_top3_triplets_v1,5,3,1,Kawhi Leonard,LAC,PTS,UNDER,23.5,True,2,Devin Vassell,SAS,PTS,UNDER,15.5,True,6,AJ Green,MIL,AST,UNDER,1.5,True,True
2025-12-03,daily_top6_under_else_top3_triplets_v1,5,4,1,Kawhi Leonard,LAC,PTS,UNDER,23.5,True,3,Bennedict Mathurin,IND,PRA,UNDER,28.25,True,5,Evan Mobley,CLE,REB,UNDER,10.5,True,True
2025-12-03,daily_top6_under_else_top3_triplets_v1,5,5,1,Kawhi Leonard,LAC,PTS,UNDER,23.5,True,3,Bennedict Mathurin,IND,PRA,UNDER,28.25,True,6,AJ Green,MIL,AST,UNDER,1.5,True,True
2025-12-03,daily_top6_under_else_top3_triplets_v1,5,6,1,Kawhi Leonard,LAC,PTS,UNDER,23.5,True,5,Evan Mobley,CLE,REB,UNDER,10.5,True,6,AJ Green,MIL,AST,UNDER,1.5,True,True
2025-12-03,daily_top6_under_else_top3_triplets_v1,5,7,2,Devin Vassell,SAS,PTS,UNDER,15.5,True,3,Bennedict Mathurin,IND,PRA,UNDER,28.25,True,5,Evan Mobley,CLE,REB,UNDER,10.5,True,True
2025-12-03,daily_top6_under_else_top3_triplets_v1,5,8,2,Devin Vassell,SAS,PTS,UNDER,15.5,True,3,Bennedict Mathurin,IND,PRA,UNDER,28.25,True,6,AJ Green,MIL,AST,UNDER,1.5,True,True
2025-12-03,daily_top6_under_else_top3_triplets_v1,5,9,2,Devin Vassell,SAS,PTS,UNDER,15.5,True,5,Evan Mobley,CLE,REB,UNDER,10.5,True,6,AJ Green,MIL,AST,UNDER,1.5,True,True
2025-12-03,daily_top6_under_else_top3_triplets_v1,5,10,3,Bennedict Mathurin,IND,PRA,UNDER,28.25,True,5,Evan Mobley,CLE,REB,UNDER,10.5,True,6,AJ Green,MIL,AST,UNDER,1.5,True,True
2025-12-04,daily_top6_under_else_top3_triplets_v1,3,1,1,Anthony Edwards,MIN,PTS,UNDER,29.5,True,4,Brandin Podziemski,GSW,PRA,UNDER,25.5,True,5,Kyle Filipowski,UTA,REB,UNDER,8.5,True,True
2025-12-05,daily_top6_under_else_top3_triplets_v1,5,1,2,Collin Gillespie,PHX,PTS,UNDER,14.5,True,3,Desmond Bane,ORL,PTS,UNDER,20.5,True,4,Onyeka Okongwu,ATL,REB,UNDER,6.75,True,True
2025-12-05,daily_top6_under_else_top3_triplets_v1,5,2,2,Collin Gillespie,PHX,PTS,UNDER,14.5,True,3,Desmond Bane,ORL,PTS,UNDER,20.5,True,5,Neemias Queta,BOS,REB,UNDER,8.5,True,True
2025-12-05,daily_top6_under_else_top3_triplets_v1,5,3,2,Collin Gillespie,PHX,PTS,UNDER,14.5,True,3,Desmond Bane,ORL,PTS,UNDER,20.5,True,6,Duncan Robinson,DET,AST,UNDER,1.5,True,True
2025-12-05,daily_top6_under_else_top3_triplets_v1,5,4,2,Collin Gillespie,PHX,PTS,UNDER,14.5,True,4,Onyeka Okongwu,ATL,REB,UNDER,6.75,True,5,Neemias Queta,BOS,REB,UNDER,8.5,True,True
2025-12-05,daily_top6_under_else_top3_triplets_v1,5,5,2,Collin Gillespie,PHX,PTS,UNDER,14.5,True,4,Onyeka Okongwu,ATL,REB,UNDER,6.75,True,6,Duncan Robinson,DET,AST,UNDER,1.5,True,True
2025-12-05,daily_top6_under_else_top3_triplets_v1,5,6,2,Collin Gillespie,PHX,PTS,UNDER,14.5,True,5,Neemias Queta,BOS,REB,UNDER,8.5,True,6,Duncan Robinson,DET,AST,UNDER,1.5,True,True
2025-12-05,daily_top6_under_else_top3_triplets_v1,5,7,3,Desmond Bane,ORL,PTS,UNDER,20.5,True,4,Onyeka Okongwu,ATL,REB,UNDER,6.75,True,5,Neemias Queta,BOS,REB,UNDER,8.5,True,True
2025-12-05,daily_top6_under_else_top3_triplets_v1,5,8,3,Desmond Bane,ORL,PTS,UNDER,20.5,True,4,Onyeka Okongwu,ATL,REB,UNDER,6.75,True,6,Duncan Robinson,DET,AST,UNDER,1.5,True,True
2025-12-05,daily_top6_under_else_top3_triplets_v1,5,9,3,Desmond Bane,ORL,PTS,UNDER,20.5,True,5,Neemias Queta,BOS,REB,UNDER,8.5,True,6,Duncan Robinson,DET,AST,UNDER,1.5,True,True
2025-12-05,daily_top6_under_else_top3_triplets_v1,5,10,4,Onyeka Okongwu,ATL,REB,UNDER,6.75,True,5,Neemias Queta,BOS,REB,UNDER,8.5,True,6,Duncan Robinson,DET,AST,UNDER,1.5,True,True
2025-12-06,daily_top6_under_else_top3_triplets_v1,5,1,2,Duncan Robinson,DET,PTS,UNDER,10.5,True,3,Kawhi Leonard,LAC,PTS,UNDER,23.5,True,4,Will Riley,WAS,THREES,UNDER,1.5,True,True
2025-12-06,daily_top6_under_else_top3_triplets_v1,5,2,2,Duncan Robinson,DET,PTS,UNDER,10.5,True,3,Kawhi Leonard,LAC,PTS,UNDER,23.5,True,5,Gui Santos,GSW,REB,UNDER,3.5,True,True
2025-12-06,daily_top6_under_else_top3_triplets_v1,5,3,2,Duncan Robinson,DET,PTS,UNDER,10.5,True,3,Kawhi Leonard,LAC,PTS,UNDER,23.5,True,6,P.J. Washington,DAL,AST,UNDER,1.5,True,True
2025-12-06,daily_top6_under_else_top3_triplets_v1,5,4,2,Duncan Robinson,DET,PTS,UNDER,10.5,True,4,Will Riley,WAS,THREES,UNDER,1.5,True,5,Gui Santos,GSW,REB,UNDER,3.5,True,True
2025-12-06,daily_top6_under_else_top3_triplets_v1,5,5,2,Duncan Robinson,DET,PTS,UNDER,10.5,True,4,Will Riley,WAS,THREES,UNDER,1.5,True,6,P.J. Washington,DAL,AST,UNDER,1.5,True,True
2025-12-06,daily_top6_under_else_top3_triplets_v1,5,6,2,Duncan Robinson,DET,PTS,UNDER,10.5,True,5,Gui Santos,GSW,REB,UNDER,3.5,True,6,P.J. Washington,DAL,AST,UNDER,1.5,True,True
2025-12-06,daily_top6_under_else_top3_triplets_v1,5,7,3,Kawhi Leonard,LAC,PTS,UNDER,23.5,True,4,Will Riley,WAS,THREES,UNDER,1.5,True,5,Gui Santos,GSW,REB,UNDER,3.5,True,True
2025-12-06,daily_top6_under_else_top3_triplets_v1,5,8,3,Kawhi Leonard,LAC,PTS,UNDER,23.5,True,4,Will Riley,WAS,THREES,UNDER,1.5,True,6,P.J. Washington,DAL,AST,UNDER,1.5,True,True
2025-12-06,daily_top6_under_else_top3_triplets_v1,5,9,3,Kawhi Leonard,LAC,PTS,UNDER,23.5,True,5,Gui Santos,GSW,REB,UNDER,3.5,True,6,P.J. Washington,DAL,AST,UNDER,1.5,True,True
2025-12-06,daily_top6_under_else_top3_triplets_v1,5,10,4,Will Riley,WAS,THREES,UNDER,1.5,True,5,Gui Santos,GSW,REB,UNDER,3.5,True,6,P.J. Washington,DAL,AST,UNDER,1.5,True,True
2025-12-07,daily_top6_under_else_top3_triplets_v1,3,1,3,Brandon Miller,CHA,PTS,UNDER,21.5,True,4,Ajay Mitchell,OKC,AST,UNDER,4.5,True,5,Coby White,CHI,REB,UNDER,2.5,True,True
2025-12-08,daily_top6_under_else_top3_triplets_v1,3,1,1,De'Aaron Fox,SAS,PTS,UNDER,23.5,True,2,Grayson Allen,PHX,PTS,UNDER,18.5,True,3,Jay Huff,IND,PRA,UNDER,20.5,True,True
2025-12-09,daily_top6_under_else_top3_triplets_v1,3,1,1,Scottie Barnes,TOR,PRA,UNDER,31.5,True,2,Karl-Anthony Towns,NYK,PTS,UNDER,21.5,True,3,Desmond Bane,ORL,PTS,OVER,21.75,True,True
2025-12-10,daily_top6_under_else_top3_triplets_v1,3,1,1,Devin Vassell,SAS,PTS,UNDER,13.5,True,2,Collin Gillespie,PHX,PTS,UNDER,14.5,True,3,Deandre Ayton,LAL,PRA,UNDER,22.5,True,True
2025-12-11,daily_top6_under_else_top3_triplets_v1,4,1,1,Shaedon Sharpe,POR,PTS,UNDER,24.5,True,2,Nique Clifford,SAC,PRA,UNDER,14.5,True,3,Ryan Rollins,MIL,PTS,UNDER,18.5,True,True
2025-12-11,daily_top6_under_else_top3_triplets_v1,4,2,1,Shaedon Sharpe,POR,PTS,UNDER,24.5,True,2,Nique Clifford,SAC,PRA,UNDER,14.5,True,4,Kevin Durant,HOU,AST,UNDER,3.5,True,True
2025-12-11,daily_top6_under_else_top3_triplets_v1,4,3,1,Shaedon Sharpe,POR,PTS,UNDER,24.5,True,3,Ryan Rollins,MIL,PTS,UNDER,18.5,True,4,Kevin Durant,HOU,AST,UNDER,3.5,True,True
2025-12-11,daily_top6_under_else_top3_triplets_v1,4,4,2,Nique Clifford,SAC,PRA,UNDER,14.5,True,3,Ryan Rollins,MIL,PTS,UNDER,18.5,True,4,Kevin Durant,HOU,AST,UNDER,3.5,True,True
2025-12-12,daily_top6_under_else_top3_triplets_v1,3,1,1,Josh Giddey,CHI,RA,OVER,12.5,True,2,De'Anthony Melton,GSW,PTS,OVER,7.5,True,3,VJ Edgecombe,PHI,PTS,OVER,14.5,True,True
2025-12-13,daily_top6_under_else_top3_triplets_v1,3,1,1,Julian Champagnie,SAS,PTS,UNDER,7.5,True,3,Josh Hart,NYK,PTS,UNDER,12.5,True,4,Isaiah Hartenstein,OKC,AST,UNDER,2.5,True,True
2025-12-14,daily_top6_under_else_top3_triplets_v1,4,1,1,Isaac Okoro,CHI,PTS,UNDER,6.5,True,2,Ryan Rollins,MIL,PRA,UNDER,28.5,True,3,Grayson Allen,PHX,PTS,UNDER,15.5,True,True
2025-12-14,daily_top6_under_else_top3_triplets_v1,4,2,1,Isaac Okoro,CHI,PTS,UNDER,6.5,True,2,Ryan Rollins,MIL,PRA,UNDER,28.5,True,6,VJ Edgecombe,PHI,AST,UNDER,4.5,True,True
2025-12-14,daily_top6_under_else_top3_triplets_v1,4,3,1,Isaac Okoro,CHI,PTS,UNDER,6.5,True,3,Grayson Allen,PHX,PTS,UNDER,15.5,True,6,VJ Edgecombe,PHI,AST,UNDER,4.5,True,True
2025-12-14,daily_top6_under_else_top3_triplets_v1,4,4,2,Ryan Rollins,MIL,PRA,UNDER,28.5,True,3,Grayson Allen,PHX,PTS,UNDER,15.5,True,6,VJ Edgecombe,PHI,AST,UNDER,4.5,True,True
2025-12-15,daily_top6_under_else_top3_triplets_v1,3,1,1,P.J. Washington,DAL,PTS,UNDER,18.5,False,2,Bam Adebayo,MIA,PRA,UNDER,34.5,True,6,Ace Bailey,UTA,REB,UNDER,4.5,True,False
2025-12-17,daily_top6_under_else_top3_triplets_v1,3,1,1,Jaylon Tyson,CLE,RA,UNDER,6.5,True,2,Rudy Gobert,MIN,REB,OVER,11.5,True,3,Zach Collins,CHI,PTS,OVER,5.5,True,True
2025-12-18,daily_top6_under_else_top3_triplets_v1,4,1,1,Victor Wembanyama,SAS,PTS,UNDER,20.5,True,2,Ryan Rollins,MIL,PRA,UNDER,27.5,True,3,Zion Williamson,NOP,PTS,UNDER,18.5,True,True
2025-12-18,daily_top6_under_else_top3_triplets_v1,4,2,1,Victor Wembanyama,SAS,PTS,UNDER,20.5,True,2,Ryan Rollins,MIL,PRA,UNDER,27.5,True,6,Devin Booker,PHX,REB,UNDER,3.5,True,True
2025-12-18,daily_top6_under_else_top3_triplets_v1,4,3,1,Victor Wembanyama,SAS,PTS,UNDER,20.5,True,3,Zion Williamson,NOP,PTS,UNDER,18.5,True,6,Devin Booker,PHX,REB,UNDER,3.5,True,True
2025-12-18,daily_top6_under_else_top3_triplets_v1,4,4,2,Ryan Rollins,MIL,PRA,UNDER,27.5,True,3,Zion Williamson,NOP,PTS,UNDER,18.5,True,6,Devin Booker,PHX,REB,UNDER,3.5,True,True
2025-12-19,daily_top6_under_else_top3_triplets_v1,3,1,1,De'Aaron Fox,SAS,PTS,UNDER,19.5,True,2,Quentin Grimes,PHI,PRA,UNDER,16.5,True,3,Anthony Edwards,MIN,PTS,OVER,25.5,True,True
2025-12-20,daily_top6_under_else_top3_triplets_v1,3,1,1,Desmond Bane,ORL,PTS,OVER,23.5,True,2,Cade Cunningham,DET,RA,OVER,11.5,True,3,Toumani Camara,POR,PTS,OVER,14.5,True,True
2025-12-21,daily_top6_under_else_top3_triplets_v1,5,1,1,CJ McCollum,WAS,PTS,UNDER,20.5,True,2,Anthony Edwards,MIN,PTS,UNDER,27.5,True,4,Ayo Dosunmu,CHI,REB,UNDER,1.5,True,True
2025-12-21,daily_top6_under_else_top3_triplets_v1,5,2,1,CJ McCollum,WAS,PTS,UNDER,20.5,True,2,Anthony Edwards,MIN,PTS,UNDER,27.5,True,5,Mitchell Robinson,NYK,REB,UNDER,7.5,True,True
2025-12-21,daily_top6_under_else_top3_triplets_v1,5,3,1,CJ McCollum,WAS,PTS,UNDER,20.5,True,2,Anthony Edwards,MIN,PTS,UNDER,27.5,True,6,Brandon Ingram,TOR,AST,UNDER,3.5,True,True
2025-12-21,daily_top6_under_else_top3_triplets_v1,5,4,1,CJ McCollum,WAS,PTS,UNDER,20.5,True,4,Ayo Dosunmu,CHI,REB,UNDER,1.5,True,5,Mitchell Robinson,NYK,REB,UNDER,7.5,True,True
2025-12-21,daily_top6_under_else_top3_triplets_v1,5,5,1,CJ McCollum,WAS,PTS,UNDER,20.5,True,4,Ayo Dosunmu,CHI,REB,UNDER,1.5,True,6,Brandon Ingram,TOR,AST,UNDER,3.5,True,True
2025-12-21,daily_top6_under_else_top3_triplets_v1,5,6,1,CJ McCollum,WAS,PTS,UNDER,20.5,True,5,Mitchell Robinson,NYK,REB,UNDER,7.5,True,6,Brandon Ingram,TOR,AST,UNDER,3.5,True,True
2025-12-21,daily_top6_under_else_top3_triplets_v1,5,7,2,Anthony Edwards,MIN,PTS,UNDER,27.5,True,4,Ayo Dosunmu,CHI,REB,UNDER,1.5,True,5,Mitchell Robinson,NYK,REB,UNDER,7.5,True,True
2025-12-21,daily_top6_under_else_top3_triplets_v1,5,8,2,Anthony Edwards,MIN,PTS,UNDER,27.5,True,4,Ayo Dosunmu,CHI,REB,UNDER,1.5,True,6,Brandon Ingram,TOR,AST,UNDER,3.5,True,True
2025-12-21,daily_top6_under_else_top3_triplets_v1,5,9,2,Anthony Edwards,MIN,PTS,UNDER,27.5,True,5,Mitchell Robinson,NYK,REB,UNDER,7.5,True,6,Brandon Ingram,TOR,AST,UNDER,3.5,True,True
2025-12-21,daily_top6_under_else_top3_triplets_v1,5,10,4,Ayo Dosunmu,CHI,REB,UNDER,1.5,True,5,Mitchell Robinson,NYK,REB,UNDER,7.5,True,6,Brandon Ingram,TOR,AST,UNDER,3.5,True,True
2025-12-22,daily_top6_under_else_top3_triplets_v1,3,1,1,Cooper Flagg,DAL,PTS,UNDER,20.5,True,3,Shaedon Sharpe,POR,PTS,UNDER,26.0,True,4,Neemias Queta,BOS,REB,UNDER,8.5,True,True
2025-12-23,daily_top6_under_else_top3_triplets_v1,3,1,1,Ayo Dosunmu,CHI,PTS,UNDER,9.5,True,5,Victor Wembanyama,SAS,REB,UNDER,8.5,True,6,Bub Carrington,WAS,AST,UNDER,3.5,True,True
2025-12-25,daily_top6_under_else_top3_triplets_v1,3,1,1,Nikola Jokić,DEN,PRA,OVER,54.0,True,2,Devin Vassell,SAS,PTS,UNDER,13.5,True,3,Cooper Flagg,DAL,PTS,OVER,20.5,True,True
2025-12-26,daily_top6_under_else_top3_triplets_v1,5,1,1,Kon Knueppel,CHA,PTS,UNDER,17.5,True,2,VJ Edgecombe,PHI,PTS,UNDER,14.5,True,4,Cam Spencer,MEM,AST,UNDER,5.5,True,True
2025-12-26,daily_top6_under_else_top3_triplets_v1,5,2,1,Kon Knueppel,CHA,PTS,UNDER,17.5,True,2,VJ Edgecombe,PHI,PTS,UNDER,14.5,True,5,Neemias Queta,BOS,REB,UNDER,8.5,True,True
2025-12-26,daily_top6_under_else_top3_triplets_v1,5,3,1,Kon Knueppel,CHA,PTS,UNDER,17.5,True,2,VJ Edgecombe,PHI,PTS,UNDER,14.5,True,6,Will Riley,WAS,THREES,UNDER,1.5,True,True
2025-12-26,daily_top6_under_else_top3_triplets_v1,5,4,1,Kon Knueppel,CHA,PTS,UNDER,17.5,True,4,Cam Spencer,MEM,AST,UNDER,5.5,True,5,Neemias Queta,BOS,REB,UNDER,8.5,True,True
2025-12-26,daily_top6_under_else_top3_triplets_v1,5,5,1,Kon Knueppel,CHA,PTS,UNDER,17.5,True,4,Cam Spencer,MEM,AST,UNDER,5.5,True,6,Will Riley,WAS,THREES,UNDER,1.5,True,True
2025-12-26,daily_top6_under_else_top3_triplets_v1,5,6,1,Kon Knueppel,CHA,PTS,UNDER,17.5,True,5,Neemias Queta,BOS,REB,UNDER,8.5,True,6,Will Riley,WAS,THREES,UNDER,1.5,True,True
2025-12-26,daily_top6_under_else_top3_triplets_v1,5,7,2,VJ Edgecombe,PHI,PTS,UNDER,14.5,True,4,Cam Spencer,MEM,AST,UNDER,5.5,True,5,Neemias Queta,BOS,REB,UNDER,8.5,True,True
2025-12-26,daily_top6_under_else_top3_triplets_v1,5,8,2,VJ Edgecombe,PHI,PTS,UNDER,14.5,True,4,Cam Spencer,MEM,AST,UNDER,5.5,True,6,Will Riley,WAS,THREES,UNDER,1.5,True,True
2025-12-26,daily_top6_under_else_top3_triplets_v1,5,9,2,VJ Edgecombe,PHI,PTS,UNDER,14.5,True,5,Neemias Queta,BOS,REB,UNDER,8.5,True,6,Will Riley,WAS,THREES,UNDER,1.5,True,True
2025-12-26,daily_top6_under_else_top3_triplets_v1,5,10,4,Cam Spencer,MEM,AST,UNDER,5.5,True,5,Neemias Queta,BOS,REB,UNDER,8.5,True,6,Will Riley,WAS,THREES,UNDER,1.5,True,True
2025-12-27,daily_top6_under_else_top3_triplets_v1,3,1,1,Russell Westbrook,SAC,RA,OVER,8.5,True,2,Nickeil Alexander-Walker,ATL,PTS,OVER,16.5,True,3,Bobby Portis,MIL,REB,OVER,6.5,True,True
2025-12-28,daily_top6_under_else_top3_triplets_v1,3,1,2,RJ Barrett,TOR,PTS,UNDER,13.5,True,3,Luka Dončić,LAL,PTS,UNDER,34.5,True,4,VJ Edgecombe,PHI,REB,UNDER,4.5,True,True
2025-12-29,daily_top6_under_else_top3_triplets_v1,3,1,1,Bobby Portis,MIL,REB,UNDER,6.25,True,2,Devin Booker,PHX,PTS,OVER,27.5,False,3,Deni Avdija,POR,PRA,OVER,37.5,True,False
2025-12-30,daily_top6_under_else_top3_triplets_v1,5,1,1,Luka Dončić,LAL,PTS,UNDER,34.5,True,2,Quentin Grimes,PHI,RA,UNDER,9.5,True,4,DeMar DeRozan,SAC,AST,UNDER,3.5,True,True
2025-12-30,daily_top6_under_else_top3_triplets_v1,5,2,1,Luka Dončić,LAL,PTS,UNDER,34.5,True,2,Quentin Grimes,PHI,RA,UNDER,9.5,True,5,Cam Spencer,MEM,AST,UNDER,5.5,True,True
2025-12-30,daily_top6_under_else_top3_triplets_v1,5,3,1,Luka Dončić,LAL,PTS,UNDER,34.5,True,2,Quentin Grimes,PHI,RA,UNDER,9.5,True,6,James Harden,LAC,REB,UNDER,5.5,True,True
2025-12-30,daily_top6_under_else_top3_triplets_v1,5,4,1,Luka Dončić,LAL,PTS,UNDER,34.5,True,4,DeMar DeRozan,SAC,AST,UNDER,3.5,True,5,Cam Spencer,MEM,AST,UNDER,5.5,True,True
2025-12-30,daily_top6_under_else_top3_triplets_v1,5,5,1,Luka Dončić,LAL,PTS,UNDER,34.5,True,4,DeMar DeRozan,SAC,AST,UNDER,3.5,True,6,James Harden,LAC,REB,UNDER,5.5,True,True
2025-12-30,daily_top6_under_else_top3_triplets_v1,5,6,1,Luka Dončić,LAL,PTS,UNDER,34.5,True,5,Cam Spencer,MEM,AST,UNDER,5.5,True,6,James Harden,LAC,REB,UNDER,5.5,True,True
2025-12-30,daily_top6_under_else_top3_triplets_v1,5,7,2,Quentin Grimes,PHI,RA,UNDER,9.5,True,4,DeMar DeRozan,SAC,AST,UNDER,3.5,True,5,Cam Spencer,MEM,AST,UNDER,5.5,True,True
2025-12-30,daily_top6_under_else_top3_triplets_v1,5,8,2,Quentin Grimes,PHI,RA,UNDER,9.5,True,4,DeMar DeRozan,SAC,AST,UNDER,3.5,True,6,James Harden,LAC,REB,UNDER,5.5,True,True
2025-12-30,daily_top6_under_else_top3_triplets_v1,5,9,2,Quentin Grimes,PHI,RA,UNDER,9.5,True,5,Cam Spencer,MEM,AST,UNDER,5.5,True,6,James Harden,LAC,REB,UNDER,5.5,True,True
2025-12-30,daily_top6_under_else_top3_triplets_v1,5,10,4,DeMar DeRozan,SAC,AST,UNDER,3.5,True,5,Cam Spencer,MEM,AST,UNDER,5.5,True,6,James Harden,LAC,REB,UNDER,5.5,True,True
2025-12-31,daily_top6_under_else_top3_triplets_v1,3,1,1,Kyle Kuzma,MIL,PTS,UNDER,10.5,True,3,Jamal Murray,DEN,PTS,UNDER,27.5,True,4,Moussa Diabaté,CHA,REB,UNDER,12.5,True,True
2026-01-01,daily_top6_under_else_top3_triplets_v1,3,1,1,Kawhi Leonard,LAC,PRA,OVER,34.5,True,2,Cooper Flagg,DAL,PTS,UNDER,19.5,True,3,Neemias Queta,BOS,REB,UNDER,8.5,True,True
2026-01-02,daily_top6_under_else_top3_triplets_v1,3,1,1,Luka Dončić,LAL,PTS,UNDER,35.5,True,2,Anthony Black,ORL,PRA,OVER,15.5,True,3,De'Aaron Fox,SAS,PTS,UNDER,24.5,True,True
2026-01-03,daily_top6_under_else_top3_triplets_v1,4,1,1,Kawhi Leonard,LAC,PTS,UNDER,28.5,True,2,Quentin Grimes,PHI,PRA,UNDER,16.5,False,3,Kyle Filipowski,UTA,REB,UNDER,7.5,True,False
2026-01-03,daily_top6_under_else_top3_triplets_v1,4,2,1,Kawhi Leonard,LAC,PTS,UNDER,28.5,True,2,Quentin Grimes,PHI,PRA,UNDER,16.5,False,5,Kevin Durant,HOU,AST,UNDER,4.5,False,False
2026-01-03,daily_top6_under_else_top3_triplets_v1,4,3,1,Kawhi Leonard,LAC,PTS,UNDER,28.5,True,3,Kyle Filipowski,UTA,REB,UNDER,7.5,True,5,Kevin Durant,HOU,AST,UNDER,4.5,False,False
2026-01-03,daily_top6_under_else_top3_triplets_v1,4,4,2,Quentin Grimes,PHI,PRA,UNDER,16.5,False,3,Kyle Filipowski,UTA,REB,UNDER,7.5,True,5,Kevin Durant,HOU,AST,UNDER,4.5,False,False
2026-01-04,daily_top6_under_else_top3_triplets_v1,3,1,1,Luka Dončić,LAL,PRA,OVER,51.5,True,2,Bobby Portis,MIL,REB,UNDER,5.5,False,3,Collin Gillespie,PHX,PTS,UNDER,14.5,True,False
2026-01-05,daily_top6_under_else_top3_triplets_v1,3,1,1,Deni Avdija,POR,PRA,OVER,35.5,True,2,Brandon Miller,CHA,PTS,OVER,17.5,True,3,Collin Gillespie,PHX,PTS,UNDER,12.5,True,True
2026-01-06,daily_top6_under_else_top3_triplets_v1,3,1,1,Jake LaRavia,LAL,PRA,UNDER,11.0,True,3,Desmond Bane,ORL,PTS,UNDER,22.5,True,4,Brandon Williams,DAL,REB,UNDER,2.5,True,True
2026-01-07,daily_top6_under_else_top3_triplets_v1,3,1,1,Luka Dončić,LAL,PTS,OVER,36.5,True,2,Nikola Vučević,CHI,PRA,OVER,21.5,True,3,Kyle Kuzma,MIL,PTS,UNDER,8.5,False,False
2026-01-08,daily_top6_under_else_top3_triplets_v1,3,1,1,Cooper Flagg,DAL,PTS,OVER,21.5,True,2,Sam Merrill,CLE,PTS,OVER,8.5,True,3,Kyle Filipowski,UTA,PRA,UNDER,27.5,True,True
2026-01-09,daily_top6_under_else_top3_triplets_v1,3,1,1,Jalen Johnson,ATL,PTS,OVER,25.5,True,2,Kawhi Leonard,LAC,PRA,OVER,31.5,True,3,Ryan Rollins,MIL,PTS,UNDER,14.5,True,True
2026-01-10,daily_top6_under_else_top3_triplets_v1,3,1,1,Cooper Flagg,DAL,PTS,UNDER,23.5,True,2,Bam Adebayo,MIA,PRA,UNDER,37.0,True,3,Brice Sensabaugh,UTA,PTS,OVER,16.5,True,True
2026-01-11,daily_top6_under_else_top3_triplets_v1,3,1,1,CJ McCollum,ATL,PTS,UNDER,14.5,True,2,Deni Avdija,POR,PRA,OVER,32.5,True,3,Desmond Bane,ORL,PTS,OVER,21.5,True,True
2026-01-12,daily_top6_under_else_top3_triplets_v1,3,1,2,Brice Sensabaugh,UTA,PTS,UNDER,8.5,True,3,Jake LaRavia,LAL,PRA,UNDER,10.5,True,4,Baylor Scheierman,BOS,REB,UNDER,3.5,True,True
2026-01-13,daily_top6_under_else_top3_triplets_v1,3,1,1,Alperen Sengun,HOU,PTS,OVER,22.0,True,2,Jrue Holiday,POR,RA,OVER,7.5,True,3,Saddiq Bey,NOP,PTS,OVER,12.5,True,True
2026-01-14,daily_top6_under_else_top3_triplets_v1,3,1,2,Quentin Grimes,PHI,PRA,UNDER,28.5,True,4,Kyle Filipowski,UTA,REB,UNDER,9.5,True,5,Brook Lopez,LAC,REB,UNDER,5.5,True,True
2026-01-15,daily_top6_under_else_top3_triplets_v1,3,1,1,Grayson Allen,PHX,PTS,OVER,16.5,True,2,Amen Thompson,HOU,PRA,OVER,20.5,True,3,Shaedon Sharpe,POR,PTS,UNDER,24.5,True,True
2026-01-16,daily_top6_under_else_top3_triplets_v1,3,1,1,Alex Sarr,WAS,PTS,OVER,18.5,True,2,Donte DiVincenzo,MIN,PRA,OVER,14.5,True,3,Brandon Ingram,TOR,PTS,UNDER,23.5,True,True
2026-01-17,daily_top6_under_else_top3_triplets_v1,3,1,1,Cade Cunningham,DET,RA,OVER,11.5,False,2,Ace Bailey,UTA,PTS,OVER,13.5,True,3,Jalen Johnson,ATL,PTS,OVER,21.5,False,False
2026-01-18,daily_top6_under_else_top3_triplets_v1,4,1,1,Kevin Durant,HOU,PTS,UNDER,25.5,True,2,Cam Spencer,MEM,AST,UNDER,4.5,True,5,Jamal Shead,TOR,AST,UNDER,5.5,True,True
2026-01-18,daily_top6_under_else_top3_triplets_v1,4,2,1,Kevin Durant,HOU,PTS,UNDER,25.5,True,2,Cam Spencer,MEM,AST,UNDER,4.5,True,6,Kon Knueppel,CHA,REB,UNDER,4.5,True,True
2026-01-18,daily_top6_under_else_top3_triplets_v1,4,3,1,Kevin Durant,HOU,PTS,UNDER,25.5,True,5,Jamal Shead,TOR,AST,UNDER,5.5,True,6,Kon Knueppel,CHA,REB,UNDER,4.5,True,True
2026-01-18,daily_top6_under_else_top3_triplets_v1,4,4,2,Cam Spencer,MEM,AST,UNDER,4.5,True,5,Jamal Shead,TOR,AST,UNDER,5.5,True,6,Kon Knueppel,CHA,REB,UNDER,4.5,True,True
2026-01-19,daily_top6_under_else_top3_triplets_v1,3,1,1,Evan Mobley,CLE,PRA,OVER,22.5,True,2,Jalen Johnson,ATL,PTS,OVER,21.5,True,3,Cooper Flagg,DAL,PTS,UNDER,20.5,True,True
2026-01-20,daily_top6_under_else_top3_triplets_v1,4,1,1,Kevin Durant,HOU,PRA,UNDER,33.5,True,3,Scottie Barnes,TOR,REB,UNDER,9.5,True,5,Bam Adebayo,MIA,REB,UNDER,11.5,True,True
2026-01-20,daily_top6_under_else_top3_triplets_v1,4,2,1,Kevin Durant,HOU,PRA,UNDER,33.5,True,3,Scottie Barnes,TOR,REB,UNDER,9.5,True,6,Kris Dunn,LAC,THREES,UNDER,0.5,True,True
2026-01-20,daily_top6_under_else_top3_triplets_v1,4,3,1,Kevin Durant,HOU,PRA,UNDER,33.5,True,5,Bam Adebayo,MIA,REB,UNDER,11.5,True,6,Kris Dunn,LAC,THREES,UNDER,0.5,True,True
2026-01-20,daily_top6_under_else_top3_triplets_v1,4,4,3,Scottie Barnes,TOR,REB,UNDER,9.5,True,5,Bam Adebayo,MIA,REB,UNDER,11.5,True,6,Kris Dunn,LAC,THREES,UNDER,0.5,True,True
2026-01-21,daily_top6_under_else_top3_triplets_v1,3,1,1,Jalen Johnson,ATL,PTS,OVER,22.5,True,2,Derik Queen,NOP,RA,OVER,7.5,True,3,Cam Spencer,MEM,AST,UNDER,3.75,False,False
2026-01-22,daily_top6_under_else_top3_triplets_v1,5,1,1,Anthony Black,ORL,PRA,UNDER,15.5,True,2,Brice Sensabaugh,UTA,PTS,UNDER,15.5,True,3,Kawhi Leonard,LAC,PTS,UNDER,24.5,True,True
2026-01-22,daily_top6_under_else_top3_triplets_v1,5,2,1,Anthony Black,ORL,PRA,UNDER,15.5,True,2,Brice Sensabaugh,UTA,PTS,UNDER,15.5,True,4,Amen Thompson,HOU,REB,UNDER,7.5,True,True
2026-01-22,daily_top6_under_else_top3_triplets_v1,5,3,1,Anthony Black,ORL,PRA,UNDER,15.5,True,2,Brice Sensabaugh,UTA,PTS,UNDER,15.5,True,5,Gui Santos,GSW,REB,UNDER,4.5,True,True
2026-01-22,daily_top6_under_else_top3_triplets_v1,5,4,1,Anthony Black,ORL,PRA,UNDER,15.5,True,3,Kawhi Leonard,LAC,PTS,UNDER,24.5,True,4,Amen Thompson,HOU,REB,UNDER,7.5,True,True
2026-01-22,daily_top6_under_else_top3_triplets_v1,5,5,1,Anthony Black,ORL,PRA,UNDER,15.5,True,3,Kawhi Leonard,LAC,PTS,UNDER,24.5,True,5,Gui Santos,GSW,REB,UNDER,4.5,True,True
2026-01-22,daily_top6_under_else_top3_triplets_v1,5,6,1,Anthony Black,ORL,PRA,UNDER,15.5,True,4,Amen Thompson,HOU,REB,UNDER,7.5,True,5,Gui Santos,GSW,REB,UNDER,4.5,True,True
2026-01-22,daily_top6_under_else_top3_triplets_v1,5,7,2,Brice Sensabaugh,UTA,PTS,UNDER,15.5,True,3,Kawhi Leonard,LAC,PTS,UNDER,24.5,True,4,Amen Thompson,HOU,REB,UNDER,7.5,True,True
2026-01-22,daily_top6_under_else_top3_triplets_v1,5,8,2,Brice Sensabaugh,UTA,PTS,UNDER,15.5,True,3,Kawhi Leonard,LAC,PTS,UNDER,24.5,True,5,Gui Santos,GSW,REB,UNDER,4.5,True,True
2026-01-22,daily_top6_under_else_top3_triplets_v1,5,9,2,Brice Sensabaugh,UTA,PTS,UNDER,15.5,True,4,Amen Thompson,HOU,REB,UNDER,7.5,True,5,Gui Santos,GSW,REB,UNDER,4.5,True,True
2026-01-22,daily_top6_under_else_top3_triplets_v1,5,10,3,Kawhi Leonard,LAC,PTS,UNDER,24.5,True,4,Amen Thompson,HOU,REB,UNDER,7.5,True,5,Gui Santos,GSW,REB,UNDER,4.5,True,True
2026-01-23,daily_top6_under_else_top3_triplets_v1,3,1,2,Scottie Barnes,TOR,PTS,UNDER,19.5,True,3,Russell Westbrook,SAC,PRA,UNDER,27.5,True,6,Derik Queen,NOP,REB,UNDER,6.5,False,False
2026-01-24,daily_top6_under_else_top3_triplets_v1,3,1,2,Jake LaRavia,LAL,PRA,UNDER,21.0,True,3,Jalen Suggs,ORL,PTS,UNDER,12.5,True,4,Neemias Queta,BOS,REB,UNDER,6.0,True,True
2026-01-25,daily_top6_under_else_top3_triplets_v1,3,1,1,Scottie Barnes,TOR,PTS,UNDER,16.5,True,2,Russell Westbrook,SAC,PRA,UNDER,24.5,True,4,Collin Gillespie,PHX,AST,UNDER,6.5,True,True
2026-01-26,daily_top6_under_else_top3_triplets_v1,3,1,1,Tyrese Maxey,PHI,PTS,UNDER,31.5,True,2,Jake LaRavia,LAL,PRA,OVER,11.5,True,3,Kevin Durant,HOU,PTS,OVER,24.5,True,True
2026-01-27,daily_top6_under_else_top3_triplets_v1,4,1,2,Deni Avdija,POR,PRA,UNDER,40.5,True,3,Grayson Allen,PHX,PTS,UNDER,20.5,True,4,Shai Gilgeous-Alexander,OKC,AST,UNDER,7.5,True,True
2026-01-27,daily_top6_under_else_top3_triplets_v1,4,2,2,Deni Avdija,POR,PRA,UNDER,40.5,True,3,Grayson Allen,PHX,PTS,UNDER,20.5,True,5,Jalen Brunson,NYK,AST,UNDER,6.5,True,True
2026-01-27,daily_top6_under_else_top3_triplets_v1,4,3,2,Deni Avdija,POR,PRA,UNDER,40.5,True,4,Shai Gilgeous-Alexander,OKC,AST,UNDER,7.5,True,5,Jalen Brunson,NYK,AST,UNDER,6.5,True,True
2026-01-27,daily_top6_under_else_top3_triplets_v1,4,4,3,Grayson Allen,PHX,PTS,UNDER,20.5,True,4,Shai Gilgeous-Alexander,OKC,AST,UNDER,7.5,True,5,Jalen Brunson,NYK,AST,UNDER,6.5,True,True
2026-01-28,daily_top6_under_else_top3_triplets_v1,4,1,1,Julian Champagnie,SAS,PTS,UNDER,9.5,True,2,RJ Barrett,TOR,PTS,UNDER,14.5,True,4,Kyle Filipowski,UTA,REB,UNDER,4.5,True,True
2026-01-28,daily_top6_under_else_top3_triplets_v1,4,2,1,Julian Champagnie,SAS,PTS,UNDER,9.5,True,2,RJ Barrett,TOR,PTS,UNDER,14.5,True,6,Kon Knueppel,CHA,THREES,UNDER,3.5,True,True
2026-01-28,daily_top6_under_else_top3_triplets_v1,4,3,1,Julian Champagnie,SAS,PTS,UNDER,9.5,True,4,Kyle Filipowski,UTA,REB,UNDER,4.5,True,6,Kon Knueppel,CHA,THREES,UNDER,3.5,True,True
2026-01-28,daily_top6_under_else_top3_triplets_v1,4,4,2,RJ Barrett,TOR,PTS,UNDER,14.5,True,4,Kyle Filipowski,UTA,REB,UNDER,4.5,True,6,Kon Knueppel,CHA,THREES,UNDER,3.5,True,True
2026-01-29,daily_top6_under_else_top3_triplets_v1,3,1,1,Grayson Allen,PHX,PTS,OVER,18.5,True,2,Ryan Rollins,MIL,AST,OVER,7.5,True,3,Luguentz Dort,OKC,PRA,UNDER,13.5,True,True
2026-01-30,daily_top6_under_else_top3_triplets_v1,3,1,1,Payton Pritchard,BOS,PTS,OVER,21.5,True,2,Nikola Jokić,DEN,AST,UNDER,7.5,True,3,Grayson Allen,PHX,PRA,UNDER,25.5,True,True
2026-01-31,daily_top6_under_else_top3_triplets_v1,4,1,3,Jeremiah Fears,NOP,PRA,UNDER,22.5,True,4,Cam Spencer,MEM,AST,UNDER,5.5,True,5,P.J. Washington,DAL,REB,UNDER,5.5,True,True
2026-01-31,daily_top6_under_else_top3_triplets_v1,4,2,3,Jeremiah Fears,NOP,PRA,UNDER,22.5,True,4,Cam Spencer,MEM,AST,UNDER,5.5,True,6,Kon Knueppel,CHA,REB,UNDER,4.5,False,False
2026-01-31,daily_top6_under_else_top3_triplets_v1,4,3,3,Jeremiah Fears,NOP,PRA,UNDER,22.5,True,5,P.J. Washington,DAL,REB,UNDER,5.5,True,6,Kon Knueppel,CHA,REB,UNDER,4.5,False,False
2026-01-31,daily_top6_under_else_top3_triplets_v1,4,4,4,Cam Spencer,MEM,AST,UNDER,5.5,True,5,P.J. Washington,DAL,REB,UNDER,5.5,True,6,Kon Knueppel,CHA,REB,UNDER,4.5,False,False
2026-02-01,daily_top6_under_else_top3_triplets_v1,4,1,2,Jamal Murray,DEN,PTS,UNDER,22.5,True,3,Jake LaRavia,LAL,PRA,UNDER,9.5,True,4,Collin Murray-Boyles,TOR,AST,UNDER,2.5,True,True
2026-02-01,daily_top6_under_else_top3_triplets_v1,4,2,2,Jamal Murray,DEN,PTS,UNDER,22.5,True,3,Jake LaRavia,LAL,PRA,UNDER,9.5,True,6,Bub Carrington,WAS,REB,UNDER,3.5,True,True
2026-02-01,daily_top6_under_else_top3_triplets_v1,4,3,2,Jamal Murray,DEN,PTS,UNDER,22.5,True,4,Collin Murray-Boyles,TOR,AST,UNDER,2.5,True,6,Bub Carrington,WAS,REB,UNDER,3.5,True,True
2026-02-01,daily_top6_under_else_top3_triplets_v1,4,4,3,Jake LaRavia,LAL,PRA,UNDER,9.5,True,4,Collin Murray-Boyles,TOR,AST,UNDER,2.5,True,6,Bub Carrington,WAS,REB,UNDER,3.5,True,True
2026-02-02,daily_top6_under_else_top3_triplets_v1,3,1,1,Saddiq Bey,NOP,PTS,UNDER,17.5,True,2,Alperen Sengun,HOU,PTS,OVER,23.5,True,3,Kawhi Leonard,LAC,PRA,OVER,36.5,True,True
2026-02-03,daily_top6_under_else_top3_triplets_v1,3,1,1,Nikola Jokić,DEN,PTS,UNDER,24.5,True,3,Paolo Banchero,ORL,PRA,UNDER,33.5,True,5,Myles Turner,MIL,REB,UNDER,8.5,True,True
2026-02-04,daily_top6_under_else_top3_triplets_v1,3,1,1,Derrick White,BOS,PTS,OVER,18.5,True,2,Russell Westbrook,SAC,PRA,UNDER,21.5,True,3,Kawhi Leonard,LAC,PTS,OVER,28.5,False,False
2026-02-05,daily_top6_under_else_top3_triplets_v1,3,1,1,Grayson Allen,PHX,PTS,OVER,19.5,True,2,Isaiah Collier,UTA,PRA,OVER,32.5,True,3,Matas Buzelis,CHI,PTS,OVER,18.5,False,False
2026-02-06,daily_top6_under_else_top3_triplets_v1,3,1,2,Bobby Portis,MIL,RA,UNDER,7.5,True,4,Isaiah Stewart,DET,REB,UNDER,6.5,True,6,Jalen Brunson,NYK,AST,UNDER,5.5,True,True
2026-02-07,daily_top6_under_else_top3_triplets_v1,5,1,1,Devin Booker,PHX,PTS,UNDER,21.5,True,2,Jamal Murray,DEN,PTS,UNDER,24.5,False,3,Isaiah Collier,UTA,REB,UNDER,2.5,True,False
2026-02-07,daily_top6_under_else_top3_triplets_v1,5,2,1,Devin Booker,PHX,PTS,UNDER,21.5,True,2,Jamal Murray,DEN,PTS,UNDER,24.5,False,4,Bub Carrington,WAS,PRA,UNDER,22.5,True,False
2026-02-07,daily_top6_under_else_top3_triplets_v1,5,3,1,Devin Booker,PHX,PTS,UNDER,21.5,True,2,Jamal Murray,DEN,PTS,UNDER,24.5,False,5,Onyeka Okongwu,ATL,REB,UNDER,6.5,True,False
2026-02-07,daily_top6_under_else_top3_triplets_v1,5,4,1,Devin Booker,PHX,PTS,UNDER,21.5,True,3,Isaiah Collier,UTA,REB,UNDER,2.5,True,4,Bub Carrington,WAS,PRA,UNDER,22.5,True,True
2026-02-07,daily_top6_under_else_top3_triplets_v1,5,5,1,Devin Booker,PHX,PTS,UNDER,21.5,True,3,Isaiah Collier,UTA,REB,UNDER,2.5,True,5,Onyeka Okongwu,ATL,REB,UNDER,6.5,True,True
2026-02-07,daily_top6_under_else_top3_triplets_v1,5,6,1,Devin Booker,PHX,PTS,UNDER,21.5,True,4,Bub Carrington,WAS,PRA,UNDER,22.5,True,5,Onyeka Okongwu,ATL,REB,UNDER,6.5,True,True
2026-02-07,daily_top6_under_else_top3_triplets_v1,5,7,2,Jamal Murray,DEN,PTS,UNDER,24.5,False,3,Isaiah Collier,UTA,REB,UNDER,2.5,True,4,Bub Carrington,WAS,PRA,UNDER,22.5,True,False
2026-02-07,daily_top6_under_else_top3_triplets_v1,5,8,2,Jamal Murray,DEN,PTS,UNDER,24.5,False,3,Isaiah Collier,UTA,REB,UNDER,2.5,True,5,Onyeka Okongwu,ATL,REB,UNDER,6.5,True,False
2026-02-07,daily_top6_under_else_top3_triplets_v1,5,9,2,Jamal Murray,DEN,PTS,UNDER,24.5,False,4,Bub Carrington,WAS,PRA,UNDER,22.5,True,5,Onyeka Okongwu,ATL,REB,UNDER,6.5,True,False
2026-02-07,daily_top6_under_else_top3_triplets_v1,5,10,3,Isaiah Collier,UTA,REB,UNDER,2.5,True,4,Bub Carrington,WAS,PRA,UNDER,22.5,True,5,Onyeka Okongwu,ATL,REB,UNDER,6.5,True,True
2026-02-08,daily_top6_under_else_top3_triplets_v1,4,1,1,Bam Adebayo,MIA,PRA,UNDER,37.25,True,3,Neemias Queta,BOS,REB,UNDER,7.0,True,4,Kyshawn George,WAS,PTS,UNDER,14.5,True,True
2026-02-08,daily_top6_under_else_top3_triplets_v1,4,2,1,Bam Adebayo,MIA,PRA,UNDER,37.25,True,3,Neemias Queta,BOS,REB,UNDER,7.0,True,5,Ayo Dosunmu,MIN,AST,UNDER,2.5,True,True
2026-02-08,daily_top6_under_else_top3_triplets_v1,4,3,1,Bam Adebayo,MIA,PRA,UNDER,37.25,True,4,Kyshawn George,WAS,PTS,UNDER,14.5,True,5,Ayo Dosunmu,MIN,AST,UNDER,2.5,True,True
2026-02-08,daily_top6_under_else_top3_triplets_v1,4,4,3,Neemias Queta,BOS,REB,UNDER,7.0,True,4,Kyshawn George,WAS,PTS,UNDER,14.5,True,5,Ayo Dosunmu,MIN,AST,UNDER,2.5,True,True
2026-02-09,daily_top6_under_else_top3_triplets_v1,3,1,1,Jamal Murray,DEN,PTS,UNDER,24.5,True,2,Ryan Rollins,MIL,PRA,UNDER,34.5,True,3,Tyrese Maxey,PHI,PTS,UNDER,31.5,True,True
2026-02-10,daily_top6_under_else_top3_triplets_v1,3,1,2,Jake LaRavia,LAL,PRA,UNDER,21.5,True,3,Kawhi Leonard,LAC,PTS,UNDER,28.5,True,5,Alperen Sengun,HOU,AST,UNDER,6.5,True,True
2026-02-11,daily_top6_under_else_top3_triplets_v1,4,1,1,Deni Avdija,POR,PRA,UNDER,36.5,True,2,CJ McCollum,ATL,PTS,UNDER,16.5,False,4,Jay Huff,IND,REB,UNDER,5.5,True,False
2026-02-11,daily_top6_under_else_top3_triplets_v1,4,2,1,Deni Avdija,POR,PRA,UNDER,36.5,True,2,CJ McCollum,ATL,PTS,UNDER,16.5,False,5,Jalen Brunson,NYK,AST,UNDER,5.5,True,False
2026-02-11,daily_top6_under_else_top3_triplets_v1,4,3,1,Deni Avdija,POR,PRA,UNDER,36.5,True,4,Jay Huff,IND,REB,UNDER,5.5,True,5,Jalen Brunson,NYK,AST,UNDER,5.5,True,True
2026-02-11,daily_top6_under_else_top3_triplets_v1,4,4,2,CJ McCollum,ATL,PTS,UNDER,16.5,False,4,Jay Huff,IND,REB,UNDER,5.5,True,5,Jalen Brunson,NYK,AST,UNDER,5.5,True,False
2026-02-12,daily_top6_under_else_top3_triplets_v1,3,1,1,Chet Holmgren,OKC,PTS,UNDER,18.5,True,2,Cody Williams,UTA,PRA,UNDER,16.5,True,3,Brandon Williams,DAL,PTS,OVER,16.5,True,True
2026-02-19,daily_top6_under_else_top3_triplets_v1,4,1,1,Evan Mobley,CLE,PTS,UNDER,14.5,True,3,OG Anunoby,NYK,PRA,UNDER,21.5,True,4,Nikola Vučević,BOS,REB,UNDER,7.5,True,True
2026-02-19,daily_top6_under_else_top3_triplets_v1,4,2,1,Evan Mobley,CLE,PTS,UNDER,14.5,True,3,OG Anunoby,NYK,PRA,UNDER,21.5,True,6,Stephon Castle,SAS,AST,UNDER,6.5,True,True
2026-02-19,daily_top6_under_else_top3_triplets_v1,4,3,1,Evan Mobley,CLE,PTS,UNDER,14.5,True,4,Nikola Vučević,BOS,REB,UNDER,7.5,True,6,Stephon Castle,SAS,AST,UNDER,6.5,True,True
2026-02-19,daily_top6_under_else_top3_triplets_v1,4,4,3,OG Anunoby,NYK,PRA,UNDER,21.5,True,4,Nikola Vučević,BOS,REB,UNDER,7.5,True,6,Stephon Castle,SAS,AST,UNDER,6.5,True,True
2026-02-20,daily_top6_under_else_top3_triplets_v1,5,1,1,Deni Avdija,POR,PTS,UNDER,24.5,True,2,Jarace Walker,IND,PRA,UNDER,31.5,True,4,Kyle Filipowski,UTA,REB,UNDER,9.5,True,True
2026-02-20,daily_top6_under_else_top3_triplets_v1,5,2,1,Deni Avdija,POR,PTS,UNDER,24.5,True,2,Jarace Walker,IND,PRA,UNDER,31.5,True,5,Nolan Traore,BKN,AST,UNDER,4.5,True,True
2026-02-20,daily_top6_under_else_top3_triplets_v1,5,3,1,Deni Avdija,POR,PTS,UNDER,24.5,True,2,Jarace Walker,IND,PRA,UNDER,31.5,True,6,Pelle Larsson,MIA,AST,UNDER,2.5,True,True
2026-02-20,daily_top6_under_else_top3_triplets_v1,5,4,1,Deni Avdija,POR,PTS,UNDER,24.5,True,4,Kyle Filipowski,UTA,REB,UNDER,9.5,True,5,Nolan Traore,BKN,AST,UNDER,4.5,True,True
2026-02-20,daily_top6_under_else_top3_triplets_v1,5,5,1,Deni Avdija,POR,PTS,UNDER,24.5,True,4,Kyle Filipowski,UTA,REB,UNDER,9.5,True,6,Pelle Larsson,MIA,AST,UNDER,2.5,True,True
2026-02-20,daily_top6_under_else_top3_triplets_v1,5,6,1,Deni Avdija,POR,PTS,UNDER,24.5,True,5,Nolan Traore,BKN,AST,UNDER,4.5,True,6,Pelle Larsson,MIA,AST,UNDER,2.5,True,True
2026-02-20,daily_top6_under_else_top3_triplets_v1,5,7,2,Jarace Walker,IND,PRA,UNDER,31.5,True,4,Kyle Filipowski,UTA,REB,UNDER,9.5,True,5,Nolan Traore,BKN,AST,UNDER,4.5,True,True
2026-02-20,daily_top6_under_else_top3_triplets_v1,5,8,2,Jarace Walker,IND,PRA,UNDER,31.5,True,4,Kyle Filipowski,UTA,REB,UNDER,9.5,True,6,Pelle Larsson,MIA,AST,UNDER,2.5,True,True
2026-02-20,daily_top6_under_else_top3_triplets_v1,5,9,2,Jarace Walker,IND,PRA,UNDER,31.5,True,5,Nolan Traore,BKN,AST,UNDER,4.5,True,6,Pelle Larsson,MIA,AST,UNDER,2.5,True,True
2026-02-20,daily_top6_under_else_top3_triplets_v1,5,10,4,Kyle Filipowski,UTA,REB,UNDER,9.5,True,5,Nolan Traore,BKN,AST,UNDER,4.5,True,6,Pelle Larsson,MIA,AST,UNDER,2.5,True,True
2026-02-21,daily_top6_under_else_top3_triplets_v1,3,1,1,Tyrese Maxey,PHI,PTS,UNDER,30.5,True,2,Paolo Banchero,ORL,PRA,OVER,37.5,True,3,Isaac Okoro,CHI,PTS,OVER,8.5,True,True
2026-02-22,daily_top6_under_else_top3_triplets_v1,3,1,1,Tyrese Maxey,PHI,PTS,OVER,30.5,True,2,Evan Mobley,CLE,PRA,UNDER,22.5,True,3,Jaylen Brown,BOS,PTS,OVER,29.5,True,True
2026-02-23,daily_top6_under_else_top3_triplets_v1,3,1,1,Amen Thompson,HOU,PRA,UNDER,31.5,True,3,Malik Monk,SAC,PTS,UNDER,13.25,True,5,Isaiah Collier,UTA,REB,UNDER,2.5,True,True
2026-02-24,daily_top6_under_else_top3_triplets_v1,4,1,1,Derrick White,BOS,PTS,UNDER,20.5,False,2,Luka Dončić,LAL,PRA,UNDER,50.5,True,4,Isaiah Hartenstein,OKC,REB,UNDER,9.5,True,False
2026-02-24,daily_top6_under_else_top3_triplets_v1,4,2,1,Derrick White,BOS,PTS,UNDER,20.5,False,2,Luka Dončić,LAL,PRA,UNDER,50.5,True,6,Donovan Mitchell,CLE,THREES,UNDER,3.5,True,False
2026-02-24,daily_top6_under_else_top3_triplets_v1,4,3,1,Derrick White,BOS,PTS,UNDER,20.5,False,4,Isaiah Hartenstein,OKC,REB,UNDER,9.5,True,6,Donovan Mitchell,CLE,THREES,UNDER,3.5,True,False
2026-02-24,daily_top6_under_else_top3_triplets_v1,4,4,2,Luka Dončić,LAL,PRA,UNDER,50.5,True,4,Isaiah Hartenstein,OKC,REB,UNDER,9.5,True,6,Donovan Mitchell,CLE,THREES,UNDER,3.5,True,True
2026-02-25,daily_top6_under_else_top3_triplets_v1,3,1,2,Tari Eason,HOU,PRA,UNDER,24.5,True,3,Jaylen Brown,BOS,PTS,UNDER,28.5,True,5,Jaylin Williams,OKC,AST,UNDER,4.5,True,True
2026-02-26,daily_top6_under_else_top3_triplets_v1,4,1,2,Paolo Banchero,ORL,PTS,UNDER,20.5,True,3,Toumani Camara,POR,PRA,UNDER,23.5,True,4,Nolan Traore,BKN,AST,UNDER,4.5,True,True
2026-02-26,daily_top6_under_else_top3_triplets_v1,4,2,2,Paolo Banchero,ORL,PTS,UNDER,20.5,True,3,Toumani Camara,POR,PRA,UNDER,23.5,True,5,Onyeka Okongwu,ATL,REB,UNDER,8.5,False,False
2026-02-26,daily_top6_under_else_top3_triplets_v1,4,3,2,Paolo Banchero,ORL,PTS,UNDER,20.5,True,4,Nolan Traore,BKN,AST,UNDER,4.5,True,5,Onyeka Okongwu,ATL,REB,UNDER,8.5,False,False
2026-02-26,daily_top6_under_else_top3_triplets_v1,4,4,3,Toumani Camara,POR,PRA,UNDER,23.5,True,4,Nolan Traore,BKN,AST,UNDER,4.5,True,5,Onyeka Okongwu,ATL,REB,UNDER,8.5,False,False
2026-02-27,daily_top6_under_else_top3_triplets_v1,3,1,1,Cason Wallace,OKC,PTS,UNDER,10.25,True,3,Daniel Gafford,DAL,REB,UNDER,8.5,True,6,Bruce Brown,DEN,AST,UNDER,1.5,True,True
2026-02-28,daily_top6_under_else_top3_triplets_v1,3,1,1,Luka Dončić,LAL,PTS,OVER,31.5,False,2,Cody Williams,UTA,PRA,UNDER,27.5,True,3,Brandon Miller,CHA,PTS,OVER,22.5,True,False
2026-03-01,daily_top6_under_else_top3_triplets_v1,3,1,2,Payton Pritchard,BOS,PRA,UNDER,20.5,True,3,Cason Wallace,OKC,PTS,UNDER,9.5,True,5,Bruce Brown,DEN,AST,UNDER,1.5,True,True
2026-03-02,daily_top6_under_else_top3_triplets_v1,3,1,1,Payton Pritchard,BOS,PTS,OVER,21.5,True,2,Brandin Podziemski,GSW,PTS,OVER,15.5,True,3,Kyle Filipowski,UTA,PRA,OVER,26.5,True,True
2026-03-03,daily_top6_under_else_top3_triplets_v1,3,1,1,Jeremiah Fears,NOP,PTS,UNDER,11.0,True,4,Cedric Coward,MEM,AST,UNDER,1.5,True,5,P.J. Washington,DAL,REB,UNDER,5.5,True,True
2026-03-04,daily_top6_under_else_top3_triplets_v1,4,1,1,Tyrese Maxey,PHI,PTS,UNDER,33.5,True,2,Jalen Johnson,ATL,RA,UNDER,17.5,True,3,Cason Wallace,OKC,PTS,UNDER,8.5,True,True
2026-03-04,daily_top6_under_else_top3_triplets_v1,4,2,1,Tyrese Maxey,PHI,PTS,UNDER,33.5,True,2,Jalen Johnson,ATL,RA,UNDER,17.5,True,5,Nikola Vučević,BOS,REB,UNDER,6.5,True,True
2026-03-04,daily_top6_under_else_top3_triplets_v1,4,3,1,Tyrese Maxey,PHI,PTS,UNDER,33.5,True,3,Cason Wallace,OKC,PTS,UNDER,8.5,True,5,Nikola Vučević,BOS,REB,UNDER,6.5,True,True
2026-03-04,daily_top6_under_else_top3_triplets_v1,4,4,2,Jalen Johnson,ATL,RA,UNDER,17.5,True,3,Cason Wallace,OKC,PTS,UNDER,8.5,True,5,Nikola Vučević,BOS,REB,UNDER,6.5,True,True
2026-03-05,daily_top6_under_else_top3_triplets_v1,3,1,1,Devin Booker,PHX,PTS,OVER,23.5,True,2,Luka Dončić,LAL,PRA,UNDER,48.5,True,3,Brandin Podziemski,GSW,PTS,OVER,15.5,True,True
2026-03-06,daily_top6_under_else_top3_triplets_v1,4,1,1,Cooper Flagg,DAL,PTS,UNDER,17.5,True,3,Oso Ighodaro,PHX,PRA,UNDER,21.5,True,4,Christian Braun,DEN,REB,UNDER,4.5,True,True
2026-03-06,daily_top6_under_else_top3_triplets_v1,4,2,1,Cooper Flagg,DAL,PTS,UNDER,17.5,True,3,Oso Ighodaro,PHX,PRA,UNDER,21.5,True,6,Victor Wembanyama,SAS,AST,UNDER,2.5,True,True
2026-03-06,daily_top6_under_else_top3_triplets_v1,4,3,1,Cooper Flagg,DAL,PTS,UNDER,17.5,True,4,Christian Braun,DEN,REB,UNDER,4.5,True,6,Victor Wembanyama,SAS,AST,UNDER,2.5,True,True
2026-03-06,daily_top6_under_else_top3_triplets_v1,4,4,3,Oso Ighodaro,PHX,PRA,UNDER,21.5,True,4,Christian Braun,DEN,REB,UNDER,4.5,True,6,Victor Wembanyama,SAS,AST,UNDER,2.5,True,True
2026-03-07,daily_top6_under_else_top3_triplets_v1,4,1,2,Ryan Rollins,MIL,PRA,UNDER,32.5,True,3,Isaiah Stewart,DET,REB,UNDER,5.5,True,5,Cedric Coward,MEM,AST,UNDER,1.5,True,True
2026-03-07,daily_top6_under_else_top3_triplets_v1,4,2,2,Ryan Rollins,MIL,PRA,UNDER,32.5,True,3,Isaiah Stewart,DET,REB,UNDER,5.5,True,6,Jaylin Williams,OKC,AST,UNDER,4.5,True,True
2026-03-07,daily_top6_under_else_top3_triplets_v1,4,3,2,Ryan Rollins,MIL,PRA,UNDER,32.5,True,5,Cedric Coward,MEM,AST,UNDER,1.5,True,6,Jaylin Williams,OKC,AST,UNDER,4.5,True,True
2026-03-07,daily_top6_under_else_top3_triplets_v1,4,4,3,Isaiah Stewart,DET,REB,UNDER,5.5,True,5,Cedric Coward,MEM,AST,UNDER,1.5,True,6,Jaylin Williams,OKC,AST,UNDER,4.5,True,True
2026-03-08,daily_top6_under_else_top3_triplets_v1,6,1,1,Cooper Flagg,DAL,PTS,UNDER,18.0,True,2,Luka Dončić,LAL,PRA,UNDER,49.5,True,3,Ryan Rollins,MIL,PTS,UNDER,21.5,True,True
2026-03-08,daily_top6_under_else_top3_triplets_v1,6,2,1,Cooper Flagg,DAL,PTS,UNDER,18.0,True,2,Luka Dončić,LAL,PRA,UNDER,49.5,True,4,Jalen Duren,DET,REB,UNDER,10.5,True,True
2026-03-08,daily_top6_under_else_top3_triplets_v1,6,3,1,Cooper Flagg,DAL,PTS,UNDER,18.0,True,2,Luka Dončić,LAL,PRA,UNDER,49.5,True,5,Alex Sarr,WAS,AST,UNDER,1.5,True,True
2026-03-08,daily_top6_under_else_top3_triplets_v1,6,4,1,Cooper Flagg,DAL,PTS,UNDER,18.0,True,2,Luka Dončić,LAL,PRA,UNDER,49.5,True,6,Jarace Walker,IND,REB,UNDER,5.5,True,True
2026-03-08,daily_top6_under_else_top3_triplets_v1,6,5,1,Cooper Flagg,DAL,PTS,UNDER,18.0,True,3,Ryan Rollins,MIL,PTS,UNDER,21.5,True,4,Jalen Duren,DET,REB,UNDER,10.5,True,True
2026-03-08,daily_top6_under_else_top3_triplets_v1,6,6,1,Cooper Flagg,DAL,PTS,UNDER,18.0,True,3,Ryan Rollins,MIL,PTS,UNDER,21.5,True,5,Alex Sarr,WAS,AST,UNDER,1.5,True,True
2026-03-08,daily_top6_under_else_top3_triplets_v1,6,7,1,Cooper Flagg,DAL,PTS,UNDER,18.0,True,3,Ryan Rollins,MIL,PTS,UNDER,21.5,True,6,Jarace Walker,IND,REB,UNDER,5.5,True,True
2026-03-08,daily_top6_under_else_top3_triplets_v1,6,8,1,Cooper Flagg,DAL,PTS,UNDER,18.0,True,4,Jalen Duren,DET,REB,UNDER,10.5,True,5,Alex Sarr,WAS,AST,UNDER,1.5,True,True
2026-03-08,daily_top6_under_else_top3_triplets_v1,6,9,1,Cooper Flagg,DAL,PTS,UNDER,18.0,True,4,Jalen Duren,DET,REB,UNDER,10.5,True,6,Jarace Walker,IND,REB,UNDER,5.5,True,True
2026-03-08,daily_top6_under_else_top3_triplets_v1,6,10,1,Cooper Flagg,DAL,PTS,UNDER,18.0,True,5,Alex Sarr,WAS,AST,UNDER,1.5,True,6,Jarace Walker,IND,REB,UNDER,5.5,True,True
2026-03-08,daily_top6_under_else_top3_triplets_v1,6,11,2,Luka Dončić,LAL,PRA,UNDER,49.5,True,3,Ryan Rollins,MIL,PTS,UNDER,21.5,True,4,Jalen Duren,DET,REB,UNDER,10.5,True,True
2026-03-08,daily_top6_under_else_top3_triplets_v1,6,12,2,Luka Dončić,LAL,PRA,UNDER,49.5,True,3,Ryan Rollins,MIL,PTS,UNDER,21.5,True,5,Alex Sarr,WAS,AST,UNDER,1.5,True,True
2026-03-08,daily_top6_under_else_top3_triplets_v1,6,13,2,Luka Dončić,LAL,PRA,UNDER,49.5,True,3,Ryan Rollins,MIL,PTS,UNDER,21.5,True,6,Jarace Walker,IND,REB,UNDER,5.5,True,True
2026-03-08,daily_top6_under_else_top3_triplets_v1,6,14,2,Luka Dončić,LAL,PRA,UNDER,49.5,True,4,Jalen Duren,DET,REB,UNDER,10.5,True,5,Alex Sarr,WAS,AST,UNDER,1.5,True,True
2026-03-08,daily_top6_under_else_top3_triplets_v1,6,15,2,Luka Dončić,LAL,PRA,UNDER,49.5,True,4,Jalen Duren,DET,REB,UNDER,10.5,True,6,Jarace Walker,IND,REB,UNDER,5.5,True,True
2026-03-08,daily_top6_under_else_top3_triplets_v1,6,16,2,Luka Dončić,LAL,PRA,UNDER,49.5,True,5,Alex Sarr,WAS,AST,UNDER,1.5,True,6,Jarace Walker,IND,REB,UNDER,5.5,True,True
2026-03-08,daily_top6_under_else_top3_triplets_v1,6,17,3,Ryan Rollins,MIL,PTS,UNDER,21.5,True,4,Jalen Duren,DET,REB,UNDER,10.5,True,5,Alex Sarr,WAS,AST,UNDER,1.5,True,True
2026-03-08,daily_top6_under_else_top3_triplets_v1,6,18,3,Ryan Rollins,MIL,PTS,UNDER,21.5,True,4,Jalen Duren,DET,REB,UNDER,10.5,True,6,Jarace Walker,IND,REB,UNDER,5.5,True,True
2026-03-08,daily_top6_under_else_top3_triplets_v1,6,19,3,Ryan Rollins,MIL,PTS,UNDER,21.5,True,5,Alex Sarr,WAS,AST,UNDER,1.5,True,6,Jarace Walker,IND,REB,UNDER,5.5,True,True
2026-03-08,daily_top6_under_else_top3_triplets_v1,6,20,4,Jalen Duren,DET,REB,UNDER,10.5,True,5,Alex Sarr,WAS,AST,UNDER,1.5,True,6,Jarace Walker,IND,REB,UNDER,5.5,True,True
2026-03-09,daily_top6_under_else_top3_triplets_v1,4,1,1,Jamal Murray,DEN,PTS,UNDER,21.5,True,2,Brandin Podziemski,GSW,PRA,UNDER,30.5,True,4,Isaiah Joe,OKC,REB,UNDER,4.5,True,True
2026-03-09,daily_top6_under_else_top3_triplets_v1,4,2,1,Jamal Murray,DEN,PTS,UNDER,21.5,True,2,Brandin Podziemski,GSW,PRA,UNDER,30.5,True,6,Evan Mobley,CLE,REB,UNDER,9.5,True,True
2026-03-09,daily_top6_under_else_top3_triplets_v1,4,3,1,Jamal Murray,DEN,PTS,UNDER,21.5,True,4,Isaiah Joe,OKC,REB,UNDER,4.5,True,6,Evan Mobley,CLE,REB,UNDER,9.5,True,True
2026-03-09,daily_top6_under_else_top3_triplets_v1,4,4,2,Brandin Podziemski,GSW,PRA,UNDER,30.5,True,4,Isaiah Joe,OKC,REB,UNDER,4.5,True,6,Evan Mobley,CLE,REB,UNDER,9.5,True,True
2026-03-10,daily_top6_under_else_top3_triplets_v1,5,1,1,Reed Sheppard,HOU,PTS,UNDER,14.5,True,3,Jalen Johnson,ATL,RA,UNDER,18.5,True,4,Khris Middleton,DAL,REB,UNDER,2.5,True,True
2026-03-10,daily_top6_under_else_top3_triplets_v1,5,2,1,Reed Sheppard,HOU,PTS,UNDER,14.5,True,3,Jalen Johnson,ATL,RA,UNDER,18.5,True,5,Bam Adebayo,MIA,REB,UNDER,11.5,True,True
2026-03-10,daily_top6_under_else_top3_triplets_v1,5,3,1,Reed Sheppard,HOU,PTS,UNDER,14.5,True,3,Jalen Johnson,ATL,RA,UNDER,18.5,True,6,Precious Achiuwa,SAC,AST,UNDER,1.5,True,True
2026-03-10,daily_top6_under_else_top3_triplets_v1,5,4,1,Reed Sheppard,HOU,PTS,UNDER,14.5,True,4,Khris Middleton,DAL,REB,UNDER,2.5,True,5,Bam Adebayo,MIA,REB,UNDER,11.5,True,True
2026-03-10,daily_top6_under_else_top3_triplets_v1,5,5,1,Reed Sheppard,HOU,PTS,UNDER,14.5,True,4,Khris Middleton,DAL,REB,UNDER,2.5,True,6,Precious Achiuwa,SAC,AST,UNDER,1.5,True,True
2026-03-10,daily_top6_under_else_top3_triplets_v1,5,6,1,Reed Sheppard,HOU,PTS,UNDER,14.5,True,5,Bam Adebayo,MIA,REB,UNDER,11.5,True,6,Precious Achiuwa,SAC,AST,UNDER,1.5,True,True
2026-03-10,daily_top6_under_else_top3_triplets_v1,5,7,3,Jalen Johnson,ATL,RA,UNDER,18.5,True,4,Khris Middleton,DAL,REB,UNDER,2.5,True,5,Bam Adebayo,MIA,REB,UNDER,11.5,True,True
2026-03-10,daily_top6_under_else_top3_triplets_v1,5,8,3,Jalen Johnson,ATL,RA,UNDER,18.5,True,4,Khris Middleton,DAL,REB,UNDER,2.5,True,6,Precious Achiuwa,SAC,AST,UNDER,1.5,True,True
2026-03-10,daily_top6_under_else_top3_triplets_v1,5,9,3,Jalen Johnson,ATL,RA,UNDER,18.5,True,5,Bam Adebayo,MIA,REB,UNDER,11.5,True,6,Precious Achiuwa,SAC,AST,UNDER,1.5,True,True
2026-03-10,daily_top6_under_else_top3_triplets_v1,5,10,4,Khris Middleton,DAL,REB,UNDER,2.5,True,5,Bam Adebayo,MIA,REB,UNDER,11.5,True,6,Precious Achiuwa,SAC,AST,UNDER,1.5,True,True
2026-03-11,daily_top6_under_else_top3_triplets_v1,3,1,1,Isaiah Collier,UTA,PTS,UNDER,11.5,True,3,Reed Sheppard,HOU,PTS,UNDER,14.5,True,5,Anthony Edwards,MIN,REB,UNDER,5.5,True,True
2026-03-12,daily_top6_under_else_top3_triplets_v1,3,1,1,Josh Giddey,CHI,PTS,OVER,19.5,True,2,Jaylen Brown,BOS,PTS,OVER,27.5,True,3,Ryan Rollins,MIL,PRA,OVER,20.5,True,True
2026-03-13,daily_top6_under_else_top3_triplets_v1,3,1,1,Brice Sensabaugh,UTA,PTS,OVER,19.5,True,2,Andrew Nembhard,IND,PTS,UNDER,11.5,True,3,Khris Middleton,DAL,PRA,UNDER,15.5,True,True
2026-03-14,daily_top6_under_else_top3_triplets_v1,3,1,1,Bam Adebayo,MIA,PTS,UNDER,21.5,True,2,Luka Dončić,LAL,PTS,UNDER,31.5,True,6,De'Aaron Fox,SAS,AST,UNDER,6.5,True,True
2026-03-15,daily_top6_under_else_top3_triplets_v1,3,1,1,Nique Clifford,SAC,PRA,UNDER,27.5,True,2,VJ Edgecombe,PHI,PTS,UNDER,19.5,True,3,Isaiah Joe,OKC,PTS,OVER,6.5,True,True
2026-03-16,daily_top6_under_else_top3_triplets_v1,4,1,1,Deni Avdija,POR,PTS,UNDER,22.5,True,2,Desmond Bane,ORL,PRA,UNDER,28.5,True,5,Victor Wembanyama,SAS,AST,UNDER,2.5,True,True
2026-03-16,daily_top6_under_else_top3_triplets_v1,4,2,1,Deni Avdija,POR,PTS,UNDER,22.5,True,2,Desmond Bane,ORL,PRA,UNDER,28.5,True,6,Jalen Smith,CHI,REB,UNDER,8.5,True,True
2026-03-16,daily_top6_under_else_top3_triplets_v1,4,3,1,Deni Avdija,POR,PTS,UNDER,22.5,True,5,Victor Wembanyama,SAS,AST,UNDER,2.5,True,6,Jalen Smith,CHI,REB,UNDER,8.5,True,True
2026-03-16,daily_top6_under_else_top3_triplets_v1,4,4,2,Desmond Bane,ORL,PRA,UNDER,28.5,True,5,Victor Wembanyama,SAS,AST,UNDER,2.5,True,6,Jalen Smith,CHI,REB,UNDER,8.5,True,True
2026-03-17,daily_top6_under_else_top3_triplets_v1,3,1,1,Nikola Jokić,DEN,PTS,UNDER,27.0,True,4,Ryan Rollins,MIL,AST,UNDER,4.5,True,5,Precious Achiuwa,SAC,REB,UNDER,8.0,True,True
2026-03-18,daily_top6_under_else_top3_triplets_v1,4,1,1,Brandin Podziemski,GSW,PTS,UNDER,12.5,True,2,Nikola Jokić,DEN,PRA,UNDER,48.5,False,4,Rudy Gobert,MIN,REB,UNDER,12.75,True,False
2026-03-18,daily_top6_under_else_top3_triplets_v1,4,2,1,Brandin Podziemski,GSW,PTS,UNDER,12.5,True,2,Nikola Jokić,DEN,PRA,UNDER,48.5,False,5,Josh Giddey,CHI,REB,UNDER,8.5,True,False
2026-03-18,daily_top6_under_else_top3_triplets_v1,4,3,1,Brandin Podziemski,GSW,PTS,UNDER,12.5,True,4,Rudy Gobert,MIN,REB,UNDER,12.75,True,5,Josh Giddey,CHI,REB,UNDER,8.5,True,True
2026-03-18,daily_top6_under_else_top3_triplets_v1,4,4,2,Nikola Jokić,DEN,PRA,UNDER,48.5,False,4,Rudy Gobert,MIN,REB,UNDER,12.75,True,5,Josh Giddey,CHI,REB,UNDER,8.5,True,False
2026-03-19,daily_top6_under_else_top3_triplets_v1,3,1,1,Evan Mobley,CLE,PTS,OVER,23.5,True,2,VJ Edgecombe,PHI,PTS,OVER,20.5,True,3,Ryan Rollins,MIL,PRA,UNDER,32.5,True,True
2026-03-20,daily_top6_under_else_top3_triplets_v1,3,1,1,Cameron Johnson,DEN,PTS,UNDER,11.5,True,3,Baylor Scheierman,BOS,REB,UNDER,4.5,True,5,Amen Thompson,HOU,REB,UNDER,7.5,True,True
2026-03-21,daily_top6_under_else_top3_triplets_v1,3,1,1,Luka Dončić,LAL,PTS,UNDER,32.5,False,4,Oso Ighodaro,PHX,REB,UNDER,7.5,True,6,Nickeil Alexander-Walker,ATL,AST,UNDER,4.5,True,False
2026-03-22,daily_top6_under_else_top3_triplets_v1,4,1,1,Nique Clifford,SAC,PRA,UNDER,23.5,True,3,Jalen Brunson,NYK,AST,UNDER,6.5,True,4,Sandro Mamukelashvili,TOR,PTS,UNDER,7.5,True,True
2026-03-22,daily_top6_under_else_top3_triplets_v1,4,2,1,Nique Clifford,SAC,PRA,UNDER,23.5,True,3,Jalen Brunson,NYK,AST,UNDER,6.5,True,5,Baylor Scheierman,BOS,REB,UNDER,4.5,True,True
2026-03-22,daily_top6_under_else_top3_triplets_v1,4,3,1,Nique Clifford,SAC,PRA,UNDER,23.5,True,4,Sandro Mamukelashvili,TOR,PTS,UNDER,7.5,True,5,Baylor Scheierman,BOS,REB,UNDER,4.5,True,True
2026-03-22,daily_top6_under_else_top3_triplets_v1,4,4,3,Jalen Brunson,NYK,AST,UNDER,6.5,True,4,Sandro Mamukelashvili,TOR,PTS,UNDER,7.5,True,5,Baylor Scheierman,BOS,REB,UNDER,4.5,True,True
2026-03-23,daily_top6_under_else_top3_triplets_v1,3,1,2,Bam Adebayo,MIA,PTS,UNDER,21.5,True,4,Scottie Barnes,TOR,REB,UNDER,8.5,True,6,Amen Thompson,HOU,REB,UNDER,7.5,True,True
2026-03-24,daily_top6_under_else_top3_triplets_v1,3,1,1,Maxime Raynaud,SAC,PTS,UNDER,16.5,True,2,Jeremiah Fears,NOP,PRA,OVER,12.5,True,3,Cameron Johnson,DEN,PTS,OVER,11.5,True,True
2026-03-25,daily_top6_under_else_top3_triplets_v1,3,1,1,Ryan Rollins,MIL,PTS,OVER,21.5,True,2,Will Riley,WAS,PRA,OVER,24.5,True,3,Bam Adebayo,MIA,PTS,UNDER,21.5,True,True
2026-03-26,daily_top6_under_else_top3_triplets_v1,3,1,1,Maxime Raynaud,SAC,PTS,UNDER,15.5,True,2,Karl-Anthony Towns,NYK,REB,UNDER,10.5,True,3,Jeremiah Fears,NOP,PRA,OVER,14.5,True,True
2026-03-27,daily_top6_under_else_top3_triplets_v1,4,1,2,Bam Adebayo,MIA,PTS,UNDER,20.5,True,3,Josh Giddey,CHI,PRA,UNDER,33.5,True,4,Amen Thompson,HOU,REB,UNDER,7.5,False,False
2026-03-27,daily_top6_under_else_top3_triplets_v1,4,2,2,Bam Adebayo,MIA,PTS,UNDER,20.5,True,3,Josh Giddey,CHI,PRA,UNDER,33.5,True,6,Cooper Flagg,DAL,AST,UNDER,5.75,True,True
2026-03-27,daily_top6_under_else_top3_triplets_v1,4,3,2,Bam Adebayo,MIA,PTS,UNDER,20.5,True,4,Amen Thompson,HOU,REB,UNDER,7.5,False,6,Cooper Flagg,DAL,AST,UNDER,5.75,True,False
2026-03-27,daily_top6_under_else_top3_triplets_v1,4,4,3,Josh Giddey,CHI,PRA,UNDER,33.5,True,4,Amen Thompson,HOU,REB,UNDER,7.5,False,6,Cooper Flagg,DAL,AST,UNDER,5.75,True,False
2026-03-28,daily_top6_under_else_top3_triplets_v1,3,1,1,Cody Williams,UTA,PRA,UNDER,20.5,True,3,Ryan Rollins,MIL,PTS,UNDER,22.25,True,6,DeMar DeRozan,SAC,AST,UNDER,4.5,True,True
2026-03-29,daily_top6_under_else_top3_triplets_v1,3,1,1,Payton Pritchard,BOS,PTS,OVER,19.5,True,2,Jamal Murray,DEN,PTS,UNDER,24.5,True,3,Nique Clifford,SAC,PRA,OVER,23.5,True,True
2026-03-30,daily_top6_under_else_top3_triplets_v1,3,1,1,Anthony Edwards,MIN,PTS,UNDER,26.5,True,2,Victor Wembanyama,SAS,PRA,OVER,42.5,True,3,Devin Booker,PHX,PTS,OVER,27.5,True,True
2026-03-31,daily_top6_under_else_top3_triplets_v1,3,1,1,Ryan Rollins,MIL,PTS,OVER,21.5,True,2,Deni Avdija,POR,PRA,OVER,39.5,True,3,Donovan Mitchell,CLE,PTS,UNDER,25.5,True,True
2026-04-01,daily_top6_under_else_top3_triplets_v1,3,1,1,Nikola Jokić,DEN,PTS,UNDER,24.5,True,3,Payton Pritchard,BOS,PTS,UNDER,15.5,True,4,Collin Sexton,CHI,REB,UNDER,3.5,True,True
2026-04-02,daily_top6_under_else_top3_triplets_v1,4,1,1,Luka Dončić,LAL,PTS,UNDER,31.5,True,3,Deni Avdija,POR,PRA,UNDER,41.5,True,5,Collin Gillespie,PHX,AST,UNDER,3.5,True,True
2026-04-02,daily_top6_under_else_top3_triplets_v1,4,2,1,Luka Dončić,LAL,PTS,UNDER,31.5,True,3,Deni Avdija,POR,PRA,UNDER,41.5,True,6,Isaiah Hartenstein,OKC,REB,UNDER,8.5,True,True
2026-04-02,daily_top6_under_else_top3_triplets_v1,4,3,1,Luka Dončić,LAL,PTS,UNDER,31.5,True,5,Collin Gillespie,PHX,AST,UNDER,3.5,True,6,Isaiah Hartenstein,OKC,REB,UNDER,8.5,True,True
2026-04-02,daily_top6_under_else_top3_triplets_v1,4,4,3,Deni Avdija,POR,PRA,UNDER,41.5,True,5,Collin Gillespie,PHX,AST,UNDER,3.5,True,6,Isaiah Hartenstein,OKC,REB,UNDER,8.5,True,True
2026-04-03,daily_top6_under_else_top3_triplets_v1,3,1,2,Quentin Grimes,PHI,PRA,UNDER,15.5,True,4,Mitchell Robinson,NYK,REB,UNDER,11.5,True,6,Ryan Kalkbrenner,CHA,REB,UNDER,8.5,True,True
2026-04-04,daily_top6_under_else_top3_triplets_v1,3,1,1,Jamal Murray,DEN,PTS,UNDER,24.5,True,2,Will Riley,WAS,PRA,OVER,27.0,True,3,Andrew Wiggins,MIA,PTS,OVER,18.5,True,True
2026-04-05,daily_top6_under_else_top3_triplets_v1,4,1,1,Jaylen Brown,BOS,PRA,UNDER,37.5,True,3,Ryan Rollins,MIL,PTS,UNDER,22.5,False,4,Isaiah Hartenstein,OKC,REB,UNDER,8.25,True,False
2026-04-05,daily_top6_under_else_top3_triplets_v1,4,2,1,Jaylen Brown,BOS,PRA,UNDER,37.5,True,3,Ryan Rollins,MIL,PTS,UNDER,22.5,False,5,Gui Santos,GSW,AST,UNDER,2.5,True,False
2026-04-05,daily_top6_under_else_top3_triplets_v1,4,3,1,Jaylen Brown,BOS,PRA,UNDER,37.5,True,4,Isaiah Hartenstein,OKC,REB,UNDER,8.25,True,5,Gui Santos,GSW,AST,UNDER,2.5,True,True
2026-04-05,daily_top6_under_else_top3_triplets_v1,4,4,3,Ryan Rollins,MIL,PTS,UNDER,22.5,False,4,Isaiah Hartenstein,OKC,REB,UNDER,8.25,True,5,Gui Santos,GSW,AST,UNDER,2.5,True,False
2026-04-06,daily_top6_under_else_top3_triplets_v1,3,1,2,Nickeil Alexander-Walker,ATL,PRA,UNDER,25.5,False,5,Jalen Duren,DET,REB,UNDER,10.5,True,6,Dominick Barlow,PHI,AST,UNDER,0.5,True,False
2026-04-07,daily_top6_under_else_top3_triplets_v1,3,1,1,Pelle Larsson,MIA,PTS,UNDER,10.5,True,3,Jarace Walker,IND,PRA,UNDER,26.5,True,4,Precious Achiuwa,SAC,REB,UNDER,6.5,True,True
2026-04-08,daily_top6_under_else_top3_triplets_v1,5,1,1,Nikola Jokić,DEN,PTS,UNDER,24.5,True,2,Cade Cunningham,DET,PTS,UNDER,15.5,True,3,Toumani Camara,POR,PRA,UNDER,17.5,False,False
2026-04-08,daily_top6_under_else_top3_triplets_v1,5,2,1,Nikola Jokić,DEN,PTS,UNDER,24.5,True,2,Cade Cunningham,DET,PTS,UNDER,15.5,True,5,Jalen Duren,DET,REB,UNDER,9.5,True,True
2026-04-08,daily_top6_under_else_top3_triplets_v1,5,3,1,Nikola Jokić,DEN,PTS,UNDER,24.5,True,2,Cade Cunningham,DET,PTS,UNDER,15.5,True,6,Kyle Anderson,MIN,AST,UNDER,5.5,True,True
2026-04-08,daily_top6_under_else_top3_triplets_v1,5,4,1,Nikola Jokić,DEN,PTS,UNDER,24.5,True,3,Toumani Camara,POR,PRA,UNDER,17.5,False,5,Jalen Duren,DET,REB,UNDER,9.5,True,False
2026-04-08,daily_top6_under_else_top3_triplets_v1,5,5,1,Nikola Jokić,DEN,PTS,UNDER,24.5,True,3,Toumani Camara,POR,PRA,UNDER,17.5,False,6,Kyle Anderson,MIN,AST,UNDER,5.5,True,False
2026-04-08,daily_top6_under_else_top3_triplets_v1,5,6,1,Nikola Jokić,DEN,PTS,UNDER,24.5,True,5,Jalen Duren,DET,REB,UNDER,9.5,True,6,Kyle Anderson,MIN,AST,UNDER,5.5,True,True
2026-04-08,daily_top6_under_else_top3_triplets_v1,5,7,2,Cade Cunningham,DET,PTS,UNDER,15.5,True,3,Toumani Camara,POR,PRA,UNDER,17.5,False,5,Jalen Duren,DET,REB,UNDER,9.5,True,False
2026-04-08,daily_top6_under_else_top3_triplets_v1,5,8,2,Cade Cunningham,DET,PTS,UNDER,15.5,True,3,Toumani Camara,POR,PRA,UNDER,17.5,False,6,Kyle Anderson,MIN,AST,UNDER,5.5,True,False
2026-04-08,daily_top6_under_else_top3_triplets_v1,5,9,2,Cade Cunningham,DET,PTS,UNDER,15.5,True,5,Jalen Duren,DET,REB,UNDER,9.5,True,6,Kyle Anderson,MIN,AST,UNDER,5.5,True,True
2026-04-08,daily_top6_under_else_top3_triplets_v1,5,10,3,Toumani Camara,POR,PRA,UNDER,17.5,False,5,Jalen Duren,DET,REB,UNDER,9.5,True,6,Kyle Anderson,MIN,AST,UNDER,5.5,True,False
2026-04-09,daily_top6_under_else_top3_triplets_v1,3,1,1,Jake LaRavia,LAL,PTS,OVER,11.5,True,2,Pelle Larsson,MIA,PRA,UNDER,17.5,True,3,Collin Sexton,CHI,PTS,OVER,22.5,True,True
2026-04-10,daily_top6_under_else_top3_triplets_v1,3,1,4,Jalen Duren,DET,REB,UNDER,9.5,True,5,Scottie Barnes,TOR,REB,UNDER,7.5,True,6,Collin Gillespie,PHX,AST,UNDER,5.5,True,True
2026-04-12,daily_top6_under_else_top3_triplets_v1,3,1,2,Brandin Podziemski,GSW,PTS,UNDER,10.75,True,4,Scottie Barnes,TOR,REB,UNDER,7.5,False,6,Nikola Jokić,DEN,AST,UNDER,7.5,True,False
2026-04-14,daily_top6_under_else_top3_triplets_v1,3,1,1,Pelle Larsson,MIA,PTS,UNDER,9.5,True,2,Shaedon Sharpe,POR,PTS,OVER,9.5,True,3,Moussa Diabaté,CHA,REB,OVER,10.5,True,True
2026-04-15,daily_top6_under_else_top3_triplets_v1,3,1,1,Tyrese Maxey,PHI,PTS,OVER,29.5,True,2,Kawhi Leonard,LAC,PTS,UNDER,29.5,True,3,Gui Santos,GSW,PRA,OVER,18.5,True,True
2026-04-17,daily_top6_under_else_top3_triplets_v1,3,1,1,Paolo Banchero,ORL,PTS,OVER,23.5,True,2,Oso Ighodaro,PHX,REB,UNDER,6.5,True,3,Sion James,CHA,PTS,OVER,2.5,True,True
2026-04-18,daily_top6_under_else_top3_triplets_v1,3,1,1,Reed Sheppard,HOU,PTS,OVER,15.5,True,2,Ayo Dosunmu,MIN,PRA,UNDER,17.5,True,3,Jalen Johnson,ATL,PTS,OVER,21.5,True,True
2026-04-19,daily_top6_under_else_top3_triplets_v1,3,1,1,Dylan Harper,SAS,PTS,UNDER,8.5,True,2,Payton Pritchard,BOS,PRA,UNDER,20.5,False,3,Tristan da Silva,ORL,PTS,OVER,4.5,True,False
2026-04-20,daily_top6_under_else_top3_triplets_v1,3,1,1,Cameron Johnson,DEN,PTS,OVER,12.5,True,2,Scottie Barnes,TOR,PRA,OVER,33.5,True,3,Jalen Johnson,ATL,PTS,OVER,21.5,False,False
2026-04-21,daily_top6_under_else_top3_triplets_v1,3,1,1,Deni Avdija,POR,PTS,UNDER,23.5,True,2,Marcus Smart,LAL,PRA,OVER,19.5,True,3,Dylan Harper,SAS,PTS,UNDER,8.5,False,False
2026-04-22,daily_top6_under_else_top3_triplets_v1,3,1,1,Cade Cunningham,DET,PRA,OVER,43.5,True,2,Devin Booker,PHX,PTS,UNDER,23.5,True,3,Shai Gilgeous-Alexander,OKC,REB,OVER,4.5,True,True
