playerName,allEightAt80,targetHitCount,PTS_samples,PTS_acc,PTS_holdout,PTS_hit80,REB_samples,REB_acc,REB_holdout,REB_hit80,AST_samples,AST_acc,AST_holdout,AST_hit80,THREES_samples,THREES_acc,THREES_holdout,THREES_hit80,PRA_samples,PRA_acc,PRA_holdout,PRA_hit80,PA_samples,PA_acc,PA_holdout,PA_hit80,PR_samples,PR_acc,PR_holdout,PR_hit80,RA_samples,RA_acc,RA_holdout,RA_hit80
Aaron Gordon,true,8,24,91.67,50,true,24,87.5,37.5,true,24,95.83,12.5,true,23,91.3,57.14,true,8,100,33.33,true,8,100,33.33,true,8,100,100,true,8,100,33.33,true
Aaron Holiday,false,4,9,100,33.33,true,9,88.89,33.33,true,9,100,33.33,true,3,100,,true,,,,,,,,,,,,,,,,
Aaron Nesmith,true,8,35,82.86,45.45,true,35,97.14,72.73,true,35,85.71,54.55,true,33,90.91,30,true,16,93.75,20,true,16,100,20,true,16,93.75,20,true,15,86.67,60,true
Aaron Wiggins,false,7,43,79.07,38.46,false,42,85.71,69.23,true,41,82.93,69.23,true,33,87.88,30,true,23,95.65,28.57,true,23,95.65,71.43,true,23,91.3,42.86,true,23,86.96,57.14,true
Ace Bailey,false,7,50,82,33.33,true,51,82.35,56.25,true,51,76.47,43.75,false,44,88.64,7.14,true,22,86.36,14.29,true,22,90.91,28.57,true,22,86.36,14.29,true,22,90.91,42.86,true
Adem Bona,false,7,23,91.3,57.14,true,24,87.5,37.5,true,10,100,66.67,true,,,,,11,90.91,50,true,10,90,100,true,14,100,40,true,11,100,50,true
Adou Thiero,false,3,1,100,,true,1,100,,true,1,100,,true,,,,,,,,,,,,,,,,,,,,
AJ Green,false,5,58,77.59,55.56,false,58,63.79,61.11,false,56,82.14,23.53,true,56,78.57,70.59,false,35,91.43,54.55,true,35,85.71,45.45,true,35,94.29,45.45,true,35,85.71,36.36,true
AJ Johnson,false,7,3,100,,true,3,100,,true,3,100,,true,,,,,1,100,,true,1,100,,true,1,100,,true,1,100,,true
Ajay Mitchell,true,8,42,83.33,38.46,true,42,88.1,53.85,true,42,85.71,30.77,true,34,88.24,72.73,true,16,93.75,60,true,16,93.75,60,true,16,100,80,true,16,100,60,true
Al Horford,false,7,38,89.47,41.67,true,37,91.89,50,true,38,73.68,58.33,false,16,93.75,80,true,16,100,40,true,16,93.75,60,true,16,87.5,40,true,16,87.5,40,true
Alex Caruso,true,8,29,89.66,44.44,true,26,92.31,62.5,true,26,92.31,75,true,6,100,,true,7,100,,true,7,100,,true,7,100,,true,7,100,,true
Alex Sarr,false,7,40,87.5,50,true,40,87.5,41.67,true,40,80,41.67,true,,,,,16,100,80,true,16,93.75,40,true,16,87.5,60,true,16,100,80,true
Alperen Sengun,false,5,54,81.48,52.94,true,53,75.47,43.75,false,54,79.63,47.06,false,53,71.7,50,false,36,80.56,18.18,true,36,86.11,63.64,true,36,88.89,63.64,true,36,80.56,18.18,true
Amari Williams,false,2,1,100,,true,1,100,,true,,,,,,,,,,,,,,,,,,,,,,,,
Amen Thompson,false,5,60,81.67,61.11,true,58,70.69,44.44,false,60,81.67,61.11,true,51,80.39,75,true,37,86.49,33.33,true,37,81.08,41.67,true,36,77.78,45.45,false,37,78.38,33.33,false
Amir Coffey,false,4,3,100,,true,3,100,,true,3,100,,true,2,100,,true,,,,,,,,,,,,,,,,
Andre Drummond,true,8,31,87.1,40,true,31,90.32,60,true,31,87.1,50,true,23,86.96,57.14,true,11,100,25,true,11,100,25,true,11,100,25,true,11,100,75,true
Andrew Nembhard,false,7,50,80,73.33,true,50,88,53.33,true,50,80,60,true,49,75.51,53.33,false,24,95.83,62.5,true,24,83.33,62.5,true,24,87.5,62.5,true,24,91.67,62.5,true
Andrew Wiggins,false,5,56,83.93,47.06,true,56,78.57,52.94,false,55,70.91,47.06,false,50,72,40,false,36,88.89,54.55,true,36,94.44,54.55,true,36,88.89,36.36,true,36,88.89,45.45,true
Anfernee Simons,false,5,51,78.43,43.75,false,51,76.47,50,false,51,64.71,62.5,false,43,83.72,46.15,true,23,86.96,42.86,true,23,86.96,28.57,true,23,86.96,71.43,true,23,100,28.57,true
Anthony Black,false,7,58,82.76,44.44,true,58,81.03,61.11,true,58,79.31,33.33,false,51,82.35,43.75,true,26,92.31,25,true,26,92.31,62.5,true,26,96.15,25,true,26,92.31,12.5,true
Anthony Davis,true,8,16,87.5,80,true,17,94.12,66.67,true,17,94.12,66.67,true,16,87.5,20,true,6,100,,true,6,100,,true,6,100,,true,6,100,,true
Anthony Edwards,false,5,52,59.62,62.5,false,52,78.85,68.75,false,52,82.69,56.25,true,47,78.72,40,false,31,80.65,50,true,31,87.1,70,true,31,90.32,60,true,31,90.32,50,true
Anthony Gill,false,6,9,88.89,33.33,true,9,100,66.67,true,8,100,66.67,true,2,100,,true,6,83.33,,true,4,75,,false,6,100,,true,4,75,,false
Ariel Hukporti,false,3,2,100,,true,2,100,,true,2,100,,true,,,,,,,,,,,,,,,,,,,,
Asa Newell,true,8,7,100,,true,6,100,,true,4,100,,true,2,100,,true,5,100,,true,5,100,,true,6,100,,true,5,100,,true
Ausar Thompson,false,5,54,77.78,35.29,false,54,79.63,52.94,false,53,77.36,43.75,false,15,86.67,80,true,29,82.76,77.78,true,29,89.66,33.33,true,29,82.76,44.44,true,29,93.1,55.56,true
Austin Reaves,true,8,36,86.11,81.82,true,36,91.67,72.73,true,36,88.89,63.64,true,32,84.38,30,true,15,100,40,true,15,100,40,true,15,93.33,40,true,15,100,60,true
Ayo Dosunmu,false,7,54,85.19,47.06,true,54,81.48,58.82,true,54,72.22,52.94,false,28,89.29,55.56,true,20,90,33.33,true,20,95,66.67,true,20,80,50,true,20,85,66.67,true
Bam Adebayo,false,5,55,85.45,41.18,true,55,72.73,29.41,false,55,78.18,41.18,false,46,80.43,50,true,38,76.32,41.67,false,38,84.21,50,true,37,89.19,50,true,38,86.84,66.67,true
Baylor Scheierman,true,8,21,90.48,71.43,true,20,95,50,true,20,95,83.33,true,13,84.62,25,true,15,100,40,true,15,93.33,40,true,15,100,20,true,14,92.86,60,true
Ben Saraf,false,6,6,100,,true,6,100,,true,6,100,,true,,,,,4,100,,true,4,100,,true,4,100,,true,4,75,,false
Ben Sheppard,true,8,41,82.93,38.46,true,41,82.93,30.77,true,39,84.62,58.33,true,24,91.67,37.5,true,13,100,50,true,13,92.31,50,true,13,92.31,50,true,13,84.62,25,true
Bennedict Mathurin,true,8,39,84.62,25,true,40,80,50,true,40,82.5,58.33,true,37,89.19,33.33,true,17,100,66.67,true,17,100,50,true,17,94.12,16.67,true,17,100,66.67,true
Bilal Coulibaly,true,8,42,83.33,61.54,true,41,92.68,76.92,true,42,80.95,61.54,true,36,88.89,36.36,true,24,91.67,25,true,24,91.67,37.5,true,23,91.3,85.71,true,24,95.83,50,true
Blake Hinson,false,2,2,100,,true,,,,,1,100,,true,,,,,,,,,,,,,,,,,,,,
Blake Wesley,false,7,6,100,,true,6,100,,true,6,100,,true,,,,,1,100,,true,1,100,,true,1,100,,true,1,100,,true
Bobby Portis,false,5,60,78.33,38.89,false,60,73.33,50,false,59,74.58,66.67,false,48,81.25,60,true,34,88.24,45.45,true,34,85.29,36.36,true,34,85.29,45.45,true,34,85.29,72.73,true
Bogdan Bogdanović,true,8,14,92.86,40,true,12,100,25,true,12,100,50,true,9,100,0,true,1,100,,true,1,100,,true,1,100,,true,1,100,,true
Bones Hyland,true,8,18,83.33,83.33,true,15,93.33,80,true,16,100,20,true,1,100,,true,15,93.33,60,true,15,100,60,true,15,93.33,60,true,15,80,40,true
Bradley Beal,false,4,5,100,,true,5,100,,true,5,100,,true,5,100,,true,,,,,,,,,,,,,,,,
Branden Carlson,false,6,2,100,,true,,,,,1,100,,true,,,,,2,100,,true,2,100,,true,2,100,,true,2,100,,true
Brandin Podziemski,false,6,62,80.65,47.37,true,61,73.77,73.68,false,62,82.26,47.37,true,48,79.17,40,false,35,94.29,54.55,true,36,91.67,45.45,true,36,88.89,36.36,true,36,83.33,54.55,true
Brandon Clarke,false,3,1,100,,true,1,100,,true,1,100,,true,,,,,,,,,,,,,,,,,,,,
Brandon Ingram,false,5,59,79.66,55.56,false,59,71.19,33.33,false,59,81.36,61.11,true,58,74.14,55.56,false,38,84.21,33.33,true,38,86.84,83.33,true,38,84.21,25,true,38,81.58,66.67,true
Brandon Miller,true,8,46,86.96,35.71,true,46,89.13,71.43,true,45,80,71.43,true,45,80,57.14,true,33,90.91,50,true,33,84.85,50,true,33,84.85,40,true,33,84.85,40,true
Brandon Williams,false,7,45,84.44,57.14,true,43,79.07,61.54,false,44,90.91,42.86,true,21,85.71,57.14,true,24,91.67,37.5,true,24,91.67,37.5,true,23,95.65,71.43,true,24,87.5,75,true
Brice Sensabaugh,false,6,47,76.6,46.67,false,47,82.98,26.67,true,46,80.43,57.14,true,29,79.31,55.56,false,26,84.62,50,true,26,88.46,50,true,26,88.46,62.5,true,25,92,37.5,true
Bronny James,false,7,2,100,,true,3,100,,true,3,100,,true,,,,,1,100,,true,1,100,,true,1,100,,true,1,100,,true
Brook Lopez,false,7,36,86.11,45.45,true,36,77.78,36.36,false,36,80.56,72.73,true,20,95,33.33,true,27,88.89,33.33,true,26,88.46,62.5,true,27,96.3,66.67,true,27,92.59,33.33,true
Bruce Brown,false,6,64,79.69,45,false,64,81.25,45,true,63,80.95,63.16,true,31,87.1,50,true,42,76.19,23.08,false,42,85.71,30.77,true,42,88.1,46.15,true,42,83.33,30.77,true
Bryce McGowens,true,8,14,92.86,40,true,10,100,33.33,true,11,81.82,50,true,2,100,,true,8,100,33.33,true,8,87.5,66.67,true,8,100,33.33,true,6,100,,true
Bub Carrington,false,7,62,83.87,52.63,true,62,87.1,52.63,true,62,75.81,31.58,false,7,85.71,,true,38,89.47,33.33,true,38,92.11,58.33,true,38,86.84,50,true,37,83.78,33.33,true
Buddy Hield,true,8,28,92.86,44.44,true,27,88.89,55.56,true,26,84.62,50,true,6,83.33,,true,5,100,,true,5,80,,true,7,100,,true,5,100,,true
Cade Cunningham,false,3,55,72.73,29.41,false,53,73.58,37.5,false,55,74.55,35.29,false,53,79.25,31.25,false,35,74.29,45.45,false,35,91.43,54.55,true,33,81.82,70,true,35,88.57,72.73,true
Caleb Love,false,7,21,95.24,57.14,true,6,100,,true,7,100,,true,,,,,12,100,50,true,12,91.67,25,true,12,91.67,75,true,11,100,50,true
Caleb Martin,true,8,15,86.67,60,true,15,100,60,true,15,86.67,20,true,10,100,66.67,true,8,100,66.67,true,7,100,,true,8,100,66.67,true,7,100,,true
Cam Christie,false,3,3,100,,true,3,100,,true,3,100,,true,,,,,,,,,,,,,,,,,,,,
Cam Spencer,false,6,54,83.33,17.65,true,55,80,35.29,true,54,85.19,35.29,true,30,86.67,22.22,true,39,79.49,50,false,39,82.05,66.67,true,39,76.92,33.33,false,39,87.18,25,true
Cam Thomas,false,7,32,78.13,60,false,31,93.55,50,true,32,87.5,30,true,22,90.91,57.14,true,17,100,50,true,17,88.24,50,true,16,87.5,60,true,17,94.12,50,true
Cam Whitmore,false,4,12,100,75,true,12,100,75,true,12,100,75,true,5,100,,true,,,,,,,,,,,,,,,,
Cameron Johnson,true,8,38,89.47,66.67,true,38,84.21,33.33,true,37,86.49,33.33,true,37,83.78,50,true,17,94.12,66.67,true,17,94.12,50,true,17,88.24,66.67,true,17,94.12,16.67,true
Cameron Payne,true,8,2,100,,true,1,100,,true,1,100,,true,1,100,,true,1,100,,true,1,100,,true,1,100,,true,1,100,,true
Caris LeVert,true,8,37,86.49,58.33,true,35,82.86,36.36,true,38,86.84,33.33,true,4,100,,true,16,93.75,40,true,16,93.75,40,true,16,100,60,true,16,93.75,40,true
Carter Bryant,false,3,2,100,,true,2,100,,true,2,100,,true,,,,,,,,,,,,,,,,,,,,
Cason Wallace,false,6,60,78.33,33.33,false,60,78.33,33.33,false,59,81.36,44.44,true,55,85.45,64.71,true,35,82.86,54.55,true,35,85.71,45.45,true,35,85.71,45.45,true,35,94.29,54.55,true
Cedric Coward,true,8,46,82.61,71.43,true,47,87.23,40,true,47,91.49,60,true,31,83.87,60,true,25,92,50,true,25,88,62.5,true,25,88,25,true,25,96,50,true
Chaz Lanier,false,3,2,100,,true,2,100,,true,2,100,,true,,,,,,,,,,,,,,,,,,,,
Chet Holmgren,false,5,55,76.36,58.82,false,54,83.33,58.82,true,55,78.18,52.94,false,53,88.68,43.75,true,33,84.85,30,true,33,84.85,60,true,33,87.88,30,true,32,71.88,40,false
Chris Boucher,false,3,1,100,,true,1,100,,true,1,100,,true,,,,,,,,,,,,,,,,,,,,
Chris Paul,false,3,2,100,,true,1,100,,true,2,100,,true,,,,,,,,,,,,,,,,,,,,
Christian Braun,false,7,29,75.86,55.56,false,29,93.1,66.67,true,29,93.1,55.56,true,28,89.29,44.44,true,12,83.33,75,true,12,83.33,75,true,12,91.67,75,true,12,91.67,25,true
Christian Koloko,false,6,2,100,,true,1,100,,true,,,,,,,,,3,100,,true,2,100,,true,2,100,,true,2,100,,true
CJ McCollum,false,6,58,74.14,50,false,58,82.76,55.56,true,57,80.7,61.11,true,55,72.73,52.94,false,28,89.29,33.33,true,28,85.71,33.33,true,27,88.89,55.56,true,28,89.29,66.67,true
Clint Capela,false,7,9,100,100,true,9,100,100,true,9,100,100,true,,,,,6,100,,true,6,100,,true,6,100,,true,6,100,,true
Coby White,false,7,34,85.29,54.55,true,34,82.35,54.55,true,34,76.47,63.64,false,32,87.5,70,true,11,100,75,true,11,100,25,true,11,100,75,true,11,90.91,50,true
Cody Williams,true,8,25,96,50,true,24,91.67,50,true,24,95.83,75,true,20,90,16.67,true,19,84.21,66.67,true,19,89.47,50,true,17,94.12,33.33,true,17,94.12,66.67,true
Cole Anthony,true,8,16,100,40,true,16,100,60,true,16,93.75,40,true,5,100,,true,3,100,,true,3,100,,true,3,100,,true,3,100,,true
Collin Gillespie,false,6,60,75,50,false,58,79.31,72.22,false,60,81.67,55.56,true,52,80.77,75,true,33,81.82,50,true,33,84.85,60,true,33,81.82,30,true,33,87.88,70,true
Collin Murray-Boyles,true,8,34,85.29,54.55,true,34,91.18,27.27,true,34,91.18,63.64,true,23,95.65,85.71,true,19,94.74,33.33,true,19,89.47,50,true,19,94.74,33.33,true,19,100,83.33,true
Collin Sexton,false,7,48,83.33,53.33,true,47,87.23,40,true,47,82.98,53.33,true,38,92.11,66.67,true,29,82.76,66.67,true,30,86.67,55.56,true,30,90,44.44,true,30,76.67,77.78,false
Cooper Flagg,false,7,50,90,80,true,50,90,73.33,true,50,84,66.67,true,46,76.09,50,false,20,100,100,true,20,95,83.33,true,20,100,100,true,20,100,83.33,true
Corey Kispert,true,8,30,86.67,55.56,true,30,86.67,33.33,true,29,86.21,55.56,true,8,100,33.33,true,16,93.75,20,true,15,100,40,true,15,100,20,true,16,93.75,60,true
Craig Porter Jr.,false,1,,,,,,,,,,,,,12,100,25,true,,,,,,,,,,,,,,,,
D'Angelo Russell,true,8,16,93.75,60,true,15,93.33,40,true,15,100,40,true,9,100,66.67,true,4,100,,true,4,100,,true,4,100,,true,4,100,,true
Daeqwon Plowden,false,7,5,100,,true,3,100,,true,1,100,,true,,,,,4,100,,true,2,100,,true,3,100,,true,3,100,,true
Dalen Terry,false,7,3,100,,true,3,100,,true,3,100,,true,,,,,2,100,,true,2,100,,true,2,100,,true,2,100,,true
Dalton Knecht,true,8,8,100,33.33,true,9,100,33.33,true,9,100,66.67,true,4,100,,true,3,100,,true,3,100,,true,5,100,,true,3,100,,true
Daniel Gafford,false,7,40,87.5,41.67,true,40,80,66.67,true,40,90,75,true,,,,,17,88.24,50,true,17,88.24,83.33,true,17,94.12,66.67,true,17,82.35,50,true
Daniss Jenkins,true,8,22,95.45,57.14,true,15,86.67,40,true,14,92.86,80,true,4,100,,true,12,100,50,true,11,100,75,true,11,100,50,true,12,100,25,true
Danny Wolf,true,8,37,91.89,33.33,true,37,83.78,41.67,true,36,91.67,27.27,true,23,82.61,57.14,true,26,92.31,62.5,true,26,84.62,37.5,true,26,88.46,37.5,true,26,96.15,37.5,true
Darius Garland,true,8,30,90,55.56,true,30,80,55.56,true,30,90,33.33,true,27,88.89,55.56,true,8,100,0,true,8,100,0,true,8,87.5,66.67,true,8,100,100,true
DaRon Holmes II,false,1,,,,,,,,,,,,,5,80,,true,,,,,,,,,,,,,,,,
Davion Mitchell,false,4,52,75,31.25,false,53,73.58,50,false,53,79.25,50,false,48,79.17,53.33,false,31,93.55,40,true,31,87.1,40,true,30,80,44.44,true,31,96.77,70,true
Day'Ron Sharpe,false,7,47,78.72,60,false,47,82.98,40,true,46,89.13,35.71,true,4,100,,true,29,82.76,55.56,true,29,89.66,55.56,true,29,86.21,66.67,true,29,93.1,66.67,true
De'Aaron Fox,false,7,56,75,41.18,false,55,80,64.71,true,56,83.93,41.18,true,51,80.39,56.25,true,35,82.86,27.27,true,35,80,45.45,true,35,97.14,45.45,true,35,91.43,63.64,true
De'Andre Hunter,false,7,44,75,78.57,false,44,90.91,42.86,true,44,81.82,50,true,36,86.11,36.36,true,10,90,66.67,true,9,88.89,33.33,true,10,90,33.33,true,10,100,33.33,true
De'Anthony Melton,true,8,33,81.82,50,true,32,87.5,50,true,30,83.33,66.67,true,25,96,25,true,16,93.75,40,true,17,100,83.33,true,17,100,50,true,17,94.12,50,true
Dean Wade,false,6,46,84.78,35.71,true,46,78.26,35.71,false,42,78.57,46.15,false,30,86.67,33.33,true,26,92.31,87.5,true,26,96.15,62.5,true,25,88,62.5,true,26,84.62,50,true
Deandre Ayton,false,5,51,84.31,56.25,true,51,78.43,50,false,49,81.63,46.67,true,,,,,34,85.29,36.36,true,34,88.24,63.64,true,34,88.24,54.55,true,34,79.41,45.45,false
DeAndre Jordan,false,7,2,100,,true,3,100,,true,3,100,,true,,,,,3,100,,true,3,100,,true,3,100,,true,2,100,,true
Dejounte Murray,true,8,6,100,,true,6,100,,true,6,100,,true,6,100,,true,4,100,,true,4,100,,true,4,100,,true,4,100,,true
DeMar DeRozan,false,4,62,69.35,57.89,false,63,74.6,31.58,false,63,74.6,47.37,false,53,73.58,56.25,false,45,84.44,42.86,true,45,86.67,42.86,true,45,80,28.57,true,45,86.67,64.29,true
Deni Avdija,false,6,46,93.48,42.86,true,47,78.72,40,false,47,76.6,53.33,false,47,85.11,53.33,true,17,88.24,50,true,17,100,50,true,17,100,50,true,17,100,50,true
Dennis Schröder,false,3,11,100,50,true,11,100,25,true,11,90.91,50,true,40,57.5,58.33,false,,,,,,,,,,,,,,,,
Derik Queen,false,6,59,77.97,61.11,false,60,75,50,false,60,80,38.89,true,31,90.32,70,true,40,85,33.33,true,40,80,41.67,true,40,87.5,33.33,true,40,85,33.33,true
Derrick Jones Jr.,false,1,,,,,,,,,,,,,27,88.89,66.67,true,,,,,,,,,,,,,,,,
Derrick White,false,7,61,83.61,52.63,true,60,80,44.44,true,61,81.97,42.11,true,60,75,38.89,false,37,81.08,41.67,true,37,81.08,41.67,true,37,86.49,58.33,true,35,88.57,72.73,true
Desmond Bane,false,6,62,83.87,57.89,true,62,79.03,63.16,false,61,77.05,42.11,false,56,80.36,41.18,true,29,82.76,44.44,true,29,89.66,44.44,true,29,100,66.67,true,29,86.21,22.22,true
Devin Booker,false,7,44,81.82,42.86,true,45,84.44,64.29,true,44,77.27,50,false,44,86.36,42.86,true,16,93.75,80,true,16,93.75,20,true,16,93.75,60,true,16,87.5,40,true
Devin Carter,true,8,6,83.33,,true,6,100,,true,6,100,,true,6,100,,true,3,100,,true,3,100,,true,3,100,,true,3,100,,true
Devin Vassell,false,5,51,76.47,62.5,false,51,74.51,43.75,false,51,82.35,25,true,45,82.22,57.14,true,30,76.67,55.56,false,30,93.33,66.67,true,30,86.67,44.44,true,27,92.59,44.44,true
Dillon Brooks,true,8,48,89.58,46.67,true,47,82.98,60,true,48,81.25,66.67,true,43,83.72,53.85,true,22,90.91,14.29,true,22,90.91,57.14,true,22,81.82,42.86,true,22,86.36,42.86,true
Domantas Sabonis,true,8,19,84.21,50,true,18,94.44,50,true,19,94.74,33.33,true,15,86.67,80,true,5,100,,true,5,100,,true,5,100,,true,5,100,,true
Dominick Barlow,false,7,33,93.94,60,true,32,84.38,80,true,21,90.48,28.57,true,8,100,100,true,29,79.31,44.44,false,25,92,50,true,25,96,37.5,true,22,95.45,85.71,true
Donovan Clingan,false,5,58,87.93,55.56,true,58,75.86,44.44,false,58,77.59,50,false,58,81.03,38.89,true,36,80.56,45.45,true,36,83.33,63.64,true,36,77.78,27.27,false,36,86.11,63.64,true
Donovan Mitchell,false,5,55,78.18,41.18,false,55,80,29.41,true,56,76.79,47.06,false,53,86.79,50,true,33,87.88,60,true,33,78.79,50,false,33,87.88,50,true,33,87.88,30,true
Donte DiVincenzo,false,2,63,79.37,42.11,false,62,77.42,52.63,false,63,77.78,63.16,false,60,78.33,61.11,false,39,76.92,50,false,39,82.05,41.67,true,39,79.49,41.67,false,39,84.62,50,true
Dorian Finney-Smith,false,7,19,94.74,66.67,true,19,89.47,66.67,true,18,88.89,50,true,,,,,13,100,0,true,12,100,25,true,14,100,20,true,13,100,0,true
Drake Powell,true,8,27,85.19,44.44,true,27,92.59,66.67,true,26,88.46,37.5,true,12,100,100,true,14,92.86,40,true,14,92.86,40,true,14,100,40,true,14,92.86,40,true
Draymond Green,false,5,49,79.59,33.33,false,48,75,46.67,false,49,77.55,66.67,false,45,80,64.29,true,28,92.86,22.22,true,28,85.71,44.44,true,28,92.86,44.44,true,28,85.71,77.78,true
Drew Eubanks,false,7,6,100,,true,6,100,,true,5,100,,true,,,,,2,100,,true,2,100,,true,2,100,,true,2,100,,true
Dru Smith,false,7,34,88.24,54.55,true,34,79.41,36.36,false,33,90.91,40,true,1,100,,true,16,81.25,20,true,16,93.75,100,true,16,93.75,60,true,16,100,100,true
Duncan Robinson,false,4,59,84.75,55.56,true,59,79.66,50,false,59,79.66,72.22,false,57,80.7,61.11,true,39,82.05,58.33,true,39,92.31,50,true,39,79.49,41.67,false,39,76.92,33.33,false
Duop Reath,false,3,2,100,,true,2,100,,true,1,100,,true,,,,,,,,,,,,,,,,,,,,
Dwight Powell,false,7,14,92.86,80,true,15,100,40,true,14,92.86,40,true,,,,,7,100,,true,7,100,,true,7,100,,true,7,100,,true
Dylan Cardwell,false,7,10,100,33.33,true,11,90.91,0,true,5,100,,true,,,,,4,100,,true,4,100,,true,4,100,,true,4,100,,true
Dylan Harper,false,6,50,80,60,true,48,77.08,33.33,false,50,82,66.67,true,21,85.71,42.86,true,34,97.06,63.64,true,32,84.38,60,true,34,82.35,54.55,true,34,70.59,45.45,false
Dyson Daniels,false,5,60,76.67,55.56,false,59,81.36,72.22,true,59,74.58,55.56,false,56,80.36,76.47,true,41,80.49,61.54,true,41,87.8,61.54,true,41,85.37,76.92,true,41,75.61,61.54,false
Egor Dëmin,false,5,49,79.59,46.67,false,49,77.55,40,false,49,73.47,33.33,false,39,94.87,66.67,true,23,91.3,42.86,true,23,91.3,85.71,true,23,86.96,42.86,true,23,95.65,85.71,true
Elijah Harkless,false,2,1,100,,true,1,100,,true,,,,,,,,,,,,,,,,,,,,,,,,
Ethan Thompson,false,2,4,100,,true,1,100,,true,,,,,,,,,,,,,,,,,,,,,,,,
Evan Mobley,false,6,49,75.51,33.33,false,48,89.58,66.67,true,49,83.67,33.33,true,42,83.33,46.15,true,28,85.71,33.33,true,28,78.57,55.56,false,26,80.77,25,true,28,92.86,66.67,true
Franz Wagner,true,8,26,84.62,37.5,true,26,92.31,37.5,true,26,92.31,75,true,21,95.24,42.86,true,2,100,,true,2,100,,true,2,100,,true,2,100,,true
Gabe Vincent,false,7,22,86.36,57.14,true,21,85.71,71.43,true,21,76.19,42.86,false,7,100,,true,5,100,,true,5,100,,true,5,100,,true,5,100,,true
Garrison Mathews,false,3,1,100,,true,2,100,,true,1,100,,true,,,,,,,,,,,,,,,,,,,,
Gary Harris,false,7,3,100,,true,1,100,,true,1,100,,true,,,,,2,100,,true,2,100,,true,2,100,,true,2,100,,true
Gary Payton II,false,1,,,,,,,,,,,,,1,100,,true,,,,,,,,,,,,,,,,
Gary Trent Jr.,false,1,,,,,,,,,,,,,21,90.48,28.57,true,,,,,,,,,,,,,,,,
GG Jackson,true,8,27,85.19,66.67,true,27,85.19,44.44,true,27,88.89,22.22,true,6,100,,true,22,95.45,100,true,22,81.82,71.43,true,22,95.45,57.14,true,22,95.45,42.86,true
Giannis Antetokounmpo,true,8,30,83.33,66.67,true,30,80,55.56,true,30,90,33.33,true,27,92.59,66.67,true,12,100,75,true,12,100,100,true,12,100,75,true,12,91.67,50,true
Goga Bitadze,false,6,26,76.92,25,false,25,88,50,true,26,88.46,62.5,true,,,,,6,100,,true,6,100,,true,6,100,,true,6,83.33,,true
Gradey Dick,true,8,22,81.82,14.29,true,22,95.45,57.14,true,21,85.71,28.57,true,3,100,,true,10,100,100,true,10,90,66.67,true,10,80,0,true,10,90,33.33,true
Grant Williams,true,8,18,83.33,0,true,18,83.33,66.67,true,16,93.75,60,true,5,80,,true,11,100,25,true,11,100,75,true,11,100,0,true,11,100,0,true
Grayson Allen,true,8,39,97.44,75,true,39,84.62,66.67,true,39,84.62,75,true,36,94.44,72.73,true,21,100,42.86,true,21,95.24,14.29,true,21,100,42.86,true,21,95.24,28.57,true
Guerschon Yabusele,true,8,12,100,25,true,12,100,50,true,11,100,0,true,11,100,75,true,9,100,66.67,true,9,100,66.67,true,9,100,33.33,true,9,100,33.33,true
Gui Santos,true,8,22,95.45,71.43,true,22,90.91,28.57,true,21,85.71,42.86,true,18,83.33,50,true,11,100,50,true,11,100,100,true,11,90.91,75,true,11,90.91,75,true
Harrison Barnes,false,4,60,85,72.22,true,60,78.33,38.89,false,59,67.8,50,false,48,79.17,33.33,false,34,88.24,45.45,true,34,88.24,36.36,true,34,79.41,72.73,false,34,82.35,54.55,true
Herbert Jones,false,5,40,82.5,41.67,true,40,75,41.67,false,39,76.92,41.67,false,39,82.05,58.33,true,24,87.5,50,true,24,79.17,12.5,false,24,87.5,75,true,24,95.83,37.5,true
Hugo González,true,8,11,100,75,true,10,90,66.67,true,10,100,33.33,true,2,100,,true,4,100,,true,4,100,,true,6,100,,true,4,100,,true
Hunter Tyson,true,8,2,100,,true,2,100,,true,1,100,,true,1,100,,true,1,100,,true,1,100,,true,1,100,,true,1,100,,true
Immanuel Quickley,false,5,59,81.36,66.67,true,59,83.05,27.78,true,58,79.31,55.56,false,59,76.27,61.11,false,39,84.62,58.33,true,39,76.92,33.33,false,39,89.74,41.67,true,37,89.19,50,true
Isaac Okoro,false,6,53,79.25,50,false,53,83.02,56.25,true,51,80.39,62.5,true,51,80.39,62.5,true,34,76.47,54.55,false,34,85.29,45.45,true,34,82.35,36.36,true,34,88.24,36.36,true
Isaiah Collier,false,7,50,76,46.67,false,49,83.67,80,true,50,86,40,true,33,87.88,20,true,24,83.33,25,true,24,87.5,37.5,true,24,91.67,37.5,true,24,87.5,62.5,true
Isaiah Hartenstein,false,7,35,85.71,45.45,true,35,85.71,81.82,true,34,82.35,45.45,true,,,,,12,83.33,25,true,12,100,50,true,12,91.67,75,true,12,91.67,50,true
Isaiah Jackson,false,7,24,100,37.5,true,24,91.67,50,true,23,95.65,42.86,true,,,,,7,100,,true,7,100,,true,9,100,66.67,true,7,100,,true
Isaiah Joe,false,7,44,81.82,64.29,true,44,84.09,42.86,true,43,76.74,38.46,false,19,100,33.33,true,29,86.21,66.67,true,29,93.1,55.56,true,29,96.55,44.44,true,29,89.66,66.67,true
Isaiah Stewart,false,5,48,77.08,53.33,false,48,77.08,46.67,false,47,80.85,40,true,37,75.68,41.67,false,29,86.21,55.56,true,29,93.1,55.56,true,29,93.1,66.67,true,28,92.86,66.67,true
Ivica Zubac,false,5,41,78.05,53.85,false,41,78.05,46.15,false,41,87.8,61.54,true,,,,,20,100,50,true,20,90,66.67,true,20,100,66.67,true,20,90,33.33,true
Ja Morant,true,8,18,100,50,true,18,94.44,33.33,true,18,100,66.67,true,15,86.67,20,true,4,100,,true,4,100,,true,4,100,,true,4,100,,true
Ja'Kobe Walter,true,8,31,87.1,40,true,31,90.32,40,true,28,82.14,44.44,true,11,90.91,50,true,15,100,40,true,14,100,80,true,15,100,40,true,15,100,40,true
Jabari Smith Jr.,false,1,,,,,,,,,,,,,45,82.22,57.14,true,,,,,,,,,,,,,,,,
Jabari Walker,true,8,3,100,,true,2,100,,true,3,100,,true,1,100,,true,2,100,,true,2,100,,true,2,100,,true,2,100,,true
Jaden Hardy,true,8,12,100,100,true,12,100,75,true,12,100,25,true,5,100,,true,7,100,,true,7,100,,true,7,100,,true,7,100,,true
Jaden Ivey,true,8,24,91.67,100,true,24,87.5,25,true,23,86.96,42.86,true,12,100,25,true,12,91.67,100,true,12,100,100,true,12,100,50,true,12,100,75,true
Jaden McDaniels,false,2,59,71.19,61.11,false,60,75,22.22,false,60,73.33,44.44,false,52,69.23,56.25,false,36,77.78,18.18,false,36,77.78,81.82,false,35,82.86,54.55,true,36,80.56,36.36,true
Jahmai Mashack,false,7,6,100,,true,3,100,,true,2,100,,true,,,,,8,100,100,true,1,100,,true,1,100,,true,3,100,,true
Jaime Jaquez Jr.,false,1,,,,,,,,,,,,,43,93.02,53.85,true,,,,,,,,,,,,,,,,
Jake LaRavia,true,8,55,81.82,64.71,true,55,81.82,41.18,true,55,80,41.18,true,44,81.82,50,true,29,93.1,55.56,true,29,89.66,44.44,true,29,86.21,44.44,true,29,89.66,33.33,true
Jakob Poeltl,false,6,27,92.59,55.56,true,27,88.89,55.56,true,27,96.3,55.56,true,,,,,14,100,80,true,14,100,80,true,14,100,80,true,14,71.43,40,false
Jalen Brunson,false,4,59,74.58,33.33,false,58,75.86,61.11,false,60,85,44.44,true,57,70.18,66.67,false,34,82.35,36.36,true,34,91.18,36.36,true,34,73.53,45.45,false,34,85.29,36.36,true
Jalen Duren,false,3,49,83.67,53.33,true,48,79.17,53.33,false,48,77.08,33.33,false,,,,,28,71.43,55.56,false,28,85.71,44.44,true,28,71.43,55.56,false,28,82.14,33.33,true
Jalen Green,true,8,14,100,40,true,14,92.86,60,true,14,100,60,true,14,100,60,true,7,100,,true,7,100,,true,7,100,,true,7,100,,true
Jalen Johnson,false,5,55,78.18,47.06,false,55,76.36,41.18,false,55,83.64,58.82,true,55,81.82,41.18,true,36,80.56,63.64,true,35,82.86,72.73,true,36,77.78,36.36,false,36,83.33,45.45,true
Jalen Pickett,true,8,18,94.44,33.33,true,18,100,33.33,true,17,88.24,50,true,15,93.33,80,true,11,100,100,true,11,100,25,true,11,100,0,true,10,100,33.33,true
Jalen Smith,false,7,38,89.47,33.33,true,38,81.58,33.33,true,38,89.47,33.33,true,22,90.91,57.14,true,17,100,66.67,true,17,100,16.67,true,17,88.24,66.67,true,17,76.47,33.33,false
Jalen Suggs,false,7,38,81.58,75,true,38,81.58,66.67,true,38,84.21,58.33,true,36,69.44,36.36,false,13,92.31,50,true,12,83.33,75,true,13,100,75,true,13,100,100,true
Jalen Williams,true,8,25,88,62.5,true,25,84,37.5,true,24,87.5,37.5,true,23,86.96,42.86,true,7,100,,true,7,100,,true,7,100,,true,7,100,,true
Jalen Wilson,false,4,5,100,,true,5,100,,true,5,100,,true,1,100,,true,,,,,,,,,,,,,,,,
Jamal Murray,false,6,58,74.14,66.67,false,59,81.36,50,true,59,83.05,72.22,true,59,74.58,44.44,false,38,89.47,58.33,true,38,86.84,50,true,38,84.21,58.33,true,38,81.58,66.67,true
Jamal Shead,false,6,57,78.95,55.56,false,57,77.19,55.56,false,57,85.96,33.33,true,29,86.21,44.44,true,36,88.89,63.64,true,36,86.11,54.55,true,34,85.29,36.36,true,36,88.89,54.55,true
James Harden,false,6,54,79.63,52.94,false,54,74.07,47.06,false,54,81.48,52.94,true,50,82,40,true,30,86.67,44.44,true,29,86.21,66.67,true,29,86.21,44.44,true,30,86.67,55.56,true
James Wiseman,false,3,1,100,,true,1,100,,true,1,100,,true,,,,,,,,,,,,,,,,,,,,
Jamir Watkins,false,6,3,100,,true,3,100,,true,,,,,,,,,4,100,,true,4,100,,true,4,100,,true,4,100,,true
Jamison Battle,false,4,1,100,,true,1,100,,true,1,100,,true,1,100,,true,,,,,,,,,,,,,,,,
Jarace Walker,false,7,58,74.14,27.78,false,60,81.67,66.67,true,57,80.7,50,true,37,86.49,41.67,true,33,87.88,80,true,32,87.5,80,true,33,84.85,80,true,33,84.85,30,true
Jared McCain,true,8,27,96.3,44.44,true,26,100,50,true,27,92.59,0,true,5,100,,true,7,100,,true,7,100,,true,7,100,,true,7,100,,true
Jaren Jackson Jr.,false,0,,,,,,,,,,,,,34,76.47,36.36,false,,,,,,,,,,,,,,,,
Jarred Vanderbilt,true,8,35,85.71,63.64,true,35,88.57,45.45,true,35,88.57,54.55,true,20,90,66.67,true,16,100,80,true,16,93.75,40,true,16,93.75,40,true,16,100,40,true
Jarrett Allen,false,7,50,82,26.67,true,50,90,46.67,true,49,87.76,60,true,,,,,28,85.71,66.67,true,28,92.86,55.56,true,27,92.59,55.56,true,28,89.29,66.67,true
Jase Richardson,true,8,8,100,100,true,8,100,66.67,true,8,100,66.67,true,3,100,,true,4,100,,true,4,100,,true,4,100,,true,4,100,,true
Javon Small,false,6,8,100,66.67,true,3,100,,true,5,100,,true,,,,,8,100,33.33,true,11,90.91,50,true,11,90.91,75,true,8,75,33.33,false
Javonte Green,true,8,26,96.15,75,true,27,92.59,44.44,true,22,90.91,71.43,true,7,100,,true,13,100,75,true,13,100,25,true,15,100,40,true,13,92.31,50,true
Jaxson Hayes,false,7,28,85.71,44.44,true,28,92.86,44.44,true,28,82.14,44.44,true,,,,,12,100,75,true,12,91.67,75,true,12,100,50,true,12,100,75,true
Jay Huff,false,6,50,78,73.33,false,50,80,53.33,true,49,79.59,46.67,false,41,95.12,61.54,true,26,92.31,50,true,25,92,62.5,true,26,92.31,75,true,26,88.46,75,true
Jaylen Brown,false,6,56,82.14,23.53,true,56,82.14,29.41,true,56,83.93,35.29,true,53,77.36,43.75,false,35,85.71,63.64,true,35,82.86,72.73,true,34,79.41,63.64,false,35,80,18.18,true
Jaylen Clark,true,8,14,100,0,true,14,100,60,true,14,100,40,true,2,100,,true,6,100,,true,5,100,,true,6,100,,true,6,100,,true
Jaylen Wells,false,4,61,90.16,47.37,true,61,75.41,68.42,false,61,70.49,31.58,false,58,75.86,33.33,false,42,80.95,38.46,true,42,92.86,69.23,true,42,80.95,46.15,true,42,73.81,30.77,false
Jaylin Williams,true,8,39,84.62,16.67,true,40,90,50,true,39,87.18,58.33,true,15,100,60,true,21,80.95,71.43,true,19,89.47,66.67,true,21,95.24,57.14,true,19,94.74,66.67,true
Jaylon Tyson,false,4,58,75.86,44.44,false,58,82.76,44.44,true,58,72.41,33.33,false,49,73.47,60,false,39,79.49,50,false,39,84.62,50,true,39,87.18,50,true,39,87.18,83.33,true
Jayson Tatum,true,8,2,100,,true,2,100,,true,2,100,,true,2,100,,true,2,100,,true,2,100,,true,2,100,,true,2,100,,true
Jerami Grant,false,7,47,74.47,40,false,47,82.98,53.33,true,47,85.11,60,true,44,81.82,35.71,true,26,92.31,50,true,26,88.46,37.5,true,26,84.62,12.5,true,26,88.46,50,true
Jeremiah Fears,false,3,63,79.37,68.42,false,62,72.58,36.84,false,63,76.19,31.58,false,58,79.31,44.44,false,41,90.24,69.23,true,42,88.1,38.46,true,42,88.1,76.92,true,41,73.17,38.46,false
Jeremiah Robinson-Earl,false,7,4,100,,true,5,100,,true,5,100,,true,,,,,2,100,,true,2,100,,true,2,100,,true,1,100,,true
Jeremy Sochan,false,4,10,100,33.33,true,9,100,33.33,true,9,88.89,100,true,2,100,,true,,,,,,,,,,,,,,,,
Jericho Sims,false,7,18,88.89,50,true,19,94.74,50,true,16,93.75,40,true,,,,,10,90,33.33,true,10,90,66.67,true,10,90,66.67,true,10,90,66.67,true
Jett Howard,true,8,6,100,,true,6,100,,true,6,100,,true,1,100,,true,5,80,,true,5,100,,true,5,100,,true,5,100,,true
Jevon Carter,true,8,10,100,66.67,true,9,100,33.33,true,9,100,100,true,4,100,,true,3,100,,true,2,100,,true,2,100,,true,2,100,,true
Jimmy Butler III,false,1,,,,,,,,,,,,,24,83.33,37.5,true,,,,,,,,,,,,,,,,
Joan Beringer,false,5,2,100,,true,2,100,,true,1,100,,true,,,,,1,100,,true,,,,,1,100,,true,,,,
Jock Landale,false,5,52,76.92,56.25,false,51,76.47,31.25,false,53,84.91,56.25,true,32,93.75,80,true,23,78.26,57.14,false,23,91.3,57.14,true,23,86.96,42.86,true,23,86.96,71.43,true
Joel Embiid,true,8,32,81.25,40,true,32,84.38,50,true,32,87.5,30,true,29,82.76,44.44,true,10,100,33.33,true,10,100,66.67,true,10,100,66.67,true,10,100,33.33,true
John Collins,false,6,53,81.13,68.75,true,53,75.47,31.25,false,50,86,46.67,true,51,80.39,50,true,33,87.88,50,true,33,93.94,50,true,33,93.94,40,true,33,78.79,40,false
John Konchar,true,8,16,87.5,20,true,15,93.33,40,true,16,87.5,40,true,7,100,,true,4,100,,true,4,100,,true,4,100,,true,4,100,,true
Johnny Furphy,true,8,17,94.12,0,true,17,94.12,66.67,true,17,94.12,83.33,true,15,93.33,0,true,12,91.67,50,true,11,90.91,50,true,12,100,100,true,12,100,50,true
Jonas Valančiūnas,false,7,17,94.12,83.33,true,17,94.12,50,true,17,88.24,50,true,,,,,11,100,50,true,11,100,75,true,11,90.91,25,true,11,90.91,0,true
Jonathan Isaac,false,7,3,100,,true,3,100,,true,1,100,,true,,,,,3,100,,true,1,100,,true,3,100,,true,1,100,,true
Jonathan Kuminga,true,8,18,88.89,33.33,true,18,88.89,33.33,true,18,100,83.33,true,16,100,100,true,6,100,,true,6,100,,true,6,100,,true,6,100,,true
Jordan Clarkson,true,8,36,88.89,72.73,true,36,83.33,45.45,true,36,88.89,36.36,true,10,100,66.67,true,11,100,75,true,10,100,100,true,11,100,75,true,11,100,50,true
Jordan Goodwin,true,8,44,84.09,50,true,44,86.36,50,true,43,90.7,76.92,true,23,86.96,28.57,true,21,95.24,57.14,true,21,95.24,71.43,true,21,90.48,71.43,true,21,85.71,28.57,true
Jordan Hawkins,true,8,12,91.67,25,true,10,90,66.67,true,10,100,66.67,true,1,100,,true,2,100,,true,2,100,,true,2,100,,true,2,100,,true
Jordan Miller,true,8,21,90.48,57.14,true,15,100,60,true,11,100,50,true,1,100,,true,16,100,40,true,14,92.86,60,true,14,100,60,true,10,100,100,true
Jordan Poole,true,8,26,84.62,37.5,true,26,92.31,25,true,26,92.31,50,true,23,86.96,42.86,true,9,100,33.33,true,9,100,33.33,true,9,100,66.67,true,9,100,66.67,true
Jordan Walsh,false,7,21,90.48,42.86,true,21,95.24,71.43,true,20,90,33.33,true,15,66.67,20,false,5,100,,true,5,100,,true,5,100,,true,4,100,,true
Jose Alvarado,false,7,43,90.7,69.23,true,44,88.64,57.14,true,44,81.82,57.14,true,13,100,50,true,12,100,100,true,12,100,75,true,12,100,100,true,12,75,25,false
Josh Giddey,false,7,41,82.93,30.77,true,41,80.49,61.54,true,41,75.61,38.46,false,39,82.05,50,true,17,94.12,66.67,true,17,94.12,50,true,17,88.24,50,true,17,94.12,66.67,true
Josh Green,false,6,9,100,0,true,8,100,33.33,true,6,100,,true,,,,,9,77.78,33.33,false,9,88.89,66.67,true,9,88.89,66.67,true,7,100,,true
Josh Hart,false,5,55,80,41.18,true,55,78.18,52.94,false,55,78.18,41.18,false,48,75,33.33,false,33,81.82,60,true,33,90.91,60,true,33,84.85,30,true,33,93.94,100,true
Josh Minott,true,8,15,100,60,true,15,93.33,20,true,15,86.67,40,true,3,100,,true,2,100,,true,2,100,,true,2,100,,true,2,100,,true
Josh Okogie,false,7,34,88.24,27.27,true,34,85.29,45.45,true,34,79.41,54.55,false,28,96.43,33.33,true,12,100,75,true,12,83.33,0,true,12,100,75,true,12,100,75,true
Jrue Holiday,false,7,35,77.14,72.73,false,35,82.86,63.64,true,35,80,36.36,true,35,82.86,63.64,true,22,86.36,42.86,true,22,90.91,28.57,true,22,90.91,28.57,true,22,90.91,71.43,true
Julian Champagnie,false,4,64,78.13,45,false,64,81.25,55,true,64,79.69,50,false,48,70.83,53.33,false,41,78.05,53.85,false,40,80,41.67,true,41,85.37,61.54,true,41,82.93,23.08,true
Julian Phillips,false,4,2,100,,true,2,100,,true,2,100,,true,2,100,,true,,,,,,,,,,,,,,,,
Julian Reese,false,6,2,100,,true,2,100,,true,1,100,,true,,,,,1,100,,true,1,100,,true,1,100,,true,,,,
Julian Strawther,true,8,18,100,33.33,true,18,94.44,33.33,true,18,88.89,33.33,true,12,91.67,50,true,10,100,0,true,10,90,33.33,true,10,90,33.33,true,10,100,66.67,true
Julius Randle,false,4,63,84.13,47.37,true,63,77.78,63.16,false,63,84.13,52.63,true,63,76.19,47.37,false,39,87.18,50,true,39,79.49,33.33,false,39,82.05,50,true,39,79.49,41.67,false
Justin Champagnie,true,8,38,92.11,58.33,true,38,86.84,58.33,true,38,81.58,50,true,27,88.89,77.78,true,19,84.21,66.67,true,18,94.44,33.33,true,21,90.48,57.14,true,19,84.21,16.67,true
Justin Edwards,false,4,11,100,50,true,11,100,50,true,11,90.91,75,true,6,100,,true,,,,,,,,,,,,,,,,
Jusuf Nurkić,false,6,40,85,58.33,true,40,75,58.33,false,39,76.92,50,false,39,82.05,41.67,true,18,94.44,16.67,true,18,100,66.67,true,18,88.89,83.33,true,18,94.44,100,true
Kam Jones,true,8,6,100,,true,7,85.71,,true,7,100,,true,7,100,,true,4,100,,true,4,100,,true,4,100,,true,4,100,,true
Karl-Anthony Towns,false,3,62,72.58,57.89,false,62,72.58,73.68,false,62,85.48,63.16,true,58,79.31,33.33,false,38,84.21,33.33,true,37,86.49,75,true,38,78.95,66.67,false,38,63.16,66.67,false
Karlo Matković,false,7,9,100,66.67,true,8,100,66.67,true,6,100,,true,,,,,6,100,,true,6,100,,true,8,100,33.33,true,6,100,,true
Kasparas Jakučionis,true,8,14,100,20,true,14,100,80,true,14,92.86,20,true,5,100,,true,10,100,100,true,10,100,100,true,10,90,33.33,true,10,100,100,true
Kawhi Leonard,false,7,49,81.63,53.33,true,49,83.67,33.33,true,49,75.51,53.33,false,46,82.61,71.43,true,35,82.86,45.45,true,34,85.29,54.55,true,34,82.35,36.36,true,34,88.24,45.45,true
Keaton Wallace,false,3,5,100,,true,4,100,,true,4,100,,true,,,,,,,,,,,,,,,,,,,,
Keegan Murray,true,8,22,100,71.43,true,21,90.48,57.14,true,22,90.91,71.43,true,22,90.91,57.14,true,10,90,33.33,true,10,100,66.67,true,10,100,66.67,true,10,100,33.33,true
Kel'el Ware,false,6,48,85.42,46.67,true,48,72.92,60,false,41,78.05,46.15,false,29,96.55,66.67,true,28,89.29,66.67,true,25,92,50,true,28,92.86,77.78,true,27,88.89,55.56,true
Keldon Johnson,false,3,62,75.81,47.37,false,62,82.26,47.37,true,62,79.03,47.37,false,27,92.59,88.89,true,39,76.92,58.33,false,39,79.49,25,false,39,66.67,58.33,false,39,87.18,50,true
Kelly Olynyk,false,3,1,100,,true,1,100,,true,1,100,,true,,,,,,,,,,,,,,,,,,,,
Kelly Oubre Jr.,false,1,,,,,,,,,,,,,30,90,33.33,true,,,,,,,,,,,,,,,,
Kenrich Williams,true,8,17,94.12,66.67,true,17,88.24,50,true,17,100,50,true,5,100,,true,12,100,75,true,12,100,50,true,12,100,100,true,12,100,75,true
Kentavious Caldwell-Pope,true,8,45,82.22,57.14,true,44,81.82,57.14,true,44,84.09,35.71,true,16,87.5,80,true,10,100,66.67,true,10,80,33.33,true,10,90,33.33,true,10,100,33.33,true
Keon Ellis,false,7,28,82.14,22.22,true,25,92,25,true,24,91.67,12.5,true,6,100,,true,14,78.57,40,false,14,92.86,60,true,13,100,25,true,14,92.86,60,true
Keshad Johnson,false,2,1,100,,true,1,100,,true,,,,,,,,,,,,,,,,,,,,,,,,
Kevin Durant,false,7,59,81.36,38.89,true,59,81.36,55.56,true,59,81.36,50,true,58,87.93,44.44,true,40,80,25,true,40,77.5,25,false,40,85,50,true,40,82.5,50,true
Kevin Huerter,true,8,40,80,50,true,40,90,58.33,true,40,87.5,50,true,19,100,66.67,true,12,100,50,true,12,91.67,50,true,12,100,50,true,12,100,25,true
Kevin Love,true,8,13,100,75,true,13,100,75,true,13,100,25,true,3,100,,true,5,100,,true,5,100,,true,4,100,,true,5,100,,true
Kevin Porter Jr.,false,1,,,,,,,,,,,,,32,93.75,50,true,,,,,,,,,,,,,,,,
Kevon Looney,false,3,3,100,,true,3,100,,true,2,100,,true,,,,,,,,,,,,,,,,,,,,
Keyonte George,false,7,51,80.39,31.25,true,51,80.39,31.25,true,51,78.43,50,false,49,83.67,60,true,25,80,50,true,25,88,37.5,true,25,84,37.5,true,25,80,50,true
Khaman Maluach,false,3,1,100,,true,1,100,,true,1,100,,true,,,,,,,,,,,,,,,,,,,,
Khris Middleton,false,4,44,86.36,64.29,true,43,72.09,53.85,false,44,77.27,57.14,false,43,74.42,69.23,false,24,87.5,62.5,true,24,79.17,62.5,false,24,95.83,62.5,true,24,95.83,100,true
KJ Simpson,false,3,4,100,,true,2,100,,true,3,100,,true,,,,,,,,,,,,,,,,,,,,
Klay Thompson,false,7,53,86.79,62.5,true,53,73.58,43.75,false,53,86.79,81.25,true,14,100,20,true,30,90,44.44,true,30,96.67,66.67,true,30,93.33,77.78,true,29,89.66,22.22,true
Kobe Brown,true,8,9,100,100,true,7,100,,true,7,100,,true,4,100,,true,6,100,,true,6,100,,true,6,83.33,,true,6,100,,true
Kobe Bufkin,false,7,1,100,,true,1,100,,true,1,100,,true,,,,,1,100,,true,1,100,,true,1,100,,true,1,100,,true
Kobe Sanders,true,8,25,96,62.5,true,15,100,100,true,11,100,75,true,3,100,,true,18,88.89,83.33,true,19,100,33.33,true,18,88.89,50,true,10,100,33.33,true
Kon Knueppel,false,5,63,84.13,63.16,true,60,71.67,38.89,false,63,82.54,57.89,true,62,75.81,42.11,false,43,81.4,46.15,true,43,76.74,38.46,false,43,81.4,61.54,true,43,83.72,61.54,true
Kris Dunn,false,6,61,81.97,52.63,true,62,77.42,42.11,false,62,77.42,47.37,false,54,85.19,76.47,true,44,84.09,64.29,true,45,80,71.43,true,45,84.44,50,true,45,84.44,35.71,true
Kris Murray,true,8,36,80.56,54.55,true,36,86.11,54.55,true,36,88.89,45.45,true,20,85,50,true,10,100,33.33,true,10,100,33.33,true,11,90.91,75,true,10,90,66.67,true
Kristaps Porziņģis,true,8,18,88.89,50,true,18,100,50,true,18,94.44,33.33,true,17,94.12,50,true,7,100,,true,7,100,,true,7,100,,true,7,100,,true
Kyle Anderson,false,7,7,100,,true,8,100,100,true,6,100,,true,,,,,2,100,,true,2,100,,true,3,100,,true,2,100,,true
Kyle Filipowski,false,6,54,81.48,41.18,true,54,81.48,76.47,true,52,75,50,false,45,86.67,71.43,true,29,86.21,44.44,true,29,89.66,55.56,true,29,86.21,44.44,true,28,78.57,44.44,false
Kyle Kuzma,false,7,57,82.46,61.11,true,57,73.68,27.78,false,57,80.7,38.89,true,41,82.93,30.77,true,34,88.24,54.55,true,34,94.12,54.55,true,34,82.35,54.55,true,34,88.24,36.36,true
Kyshawn George,true,8,47,85.11,53.33,true,47,89.36,33.33,true,47,85.11,40,true,45,84.44,57.14,true,28,92.86,44.44,true,28,96.43,44.44,true,28,96.43,33.33,true,28,92.86,33.33,true
LaMelo Ball,false,6,53,77.36,50,false,53,84.91,43.75,true,53,83.02,43.75,true,49,77.55,40,false,34,85.29,63.64,true,34,82.35,63.64,true,34,85.29,72.73,true,34,88.24,36.36,true
Landry Shamet,false,7,34,94.12,81.82,true,32,78.13,40,false,34,94.12,63.64,true,13,100,25,true,15,93.33,40,true,15,93.33,80,true,15,100,60,true,15,86.67,20,true
Larry Nance Jr.,false,1,,,,,,,,,,,,,2,100,,true,,,,,,,,,,,,,,,,
Lauri Markkanen,false,7,41,80.49,53.85,true,41,82.93,76.92,true,40,80,58.33,true,41,73.17,38.46,false,15,86.67,0,true,15,93.33,20,true,15,86.67,40,true,14,100,60,true
Leaky Black,false,3,1,100,,true,1,100,,true,,,,,,,,,1,100,,true,,,,,,,,,,,,
LeBron James,false,6,44,79.55,64.29,false,44,81.82,71.43,true,43,83.72,46.15,true,35,77.14,54.55,false,22,90.91,57.14,true,22,95.45,57.14,true,21,95.24,57.14,true,21,100,100,true
Leonard Miller,false,3,2,100,,true,2,100,,true,2,100,,true,,,,,,,,,,,,,,,,,,,,
Liam McNeeley,false,3,5,100,,true,4,100,,true,3,100,,true,,,,,,,,,,,,,,,,,,,,
Lonzo Ball,true,8,23,86.96,57.14,true,24,83.33,37.5,true,24,87.5,75,true,16,93.75,80,true,7,100,,true,7,100,,true,7,100,,true,7,100,,true
Luguentz Dort,false,7,53,83.02,62.5,true,53,81.13,37.5,true,52,82.69,68.75,true,51,86.27,75,true,32,78.13,40,false,32,90.63,50,true,32,93.75,20,true,32,81.25,40,true
Luka Dončić,false,6,51,86.27,62.5,true,51,86.27,50,true,51,76.47,62.5,false,45,73.33,28.57,false,30,90,44.44,true,30,93.33,22.22,true,30,93.33,33.33,true,30,83.33,55.56,true
Luka Garza,true,8,24,91.67,50,true,24,95.83,75,true,22,90.91,57.14,true,2,100,,true,16,100,80,true,16,93.75,60,true,16,93.75,40,true,14,85.71,40,true
Luke Kennard,false,7,50,84,66.67,true,49,81.63,60,true,49,77.55,46.67,false,6,100,,true,25,92,37.5,true,24,83.33,25,true,25,92,100,true,25,88,50,true
Luke Kornet,false,7,44,88.64,64.29,true,45,88.89,50,true,43,81.4,53.85,true,,,,,28,89.29,55.56,true,28,85.71,22.22,true,28,92.86,55.56,true,28,96.43,77.78,true
Malaki Branham,false,3,3,100,,true,2,100,,true,2,100,,true,,,,,,,,,,,,,,,,,,,,
Malik Monk,false,6,44,81.82,57.14,true,42,85.71,53.85,true,44,90.91,50,true,20,90,33.33,true,34,79.41,54.55,false,34,85.29,45.45,true,34,88.24,36.36,true,33,72.73,60,false
Marcus Sasser,true,8,4,100,,true,4,100,,true,4,100,,true,2,100,,true,3,100,,true,3,100,,true,3,100,,true,3,100,,true
Marcus Smart,false,7,53,84.91,50,true,53,73.58,43.75,false,53,81.13,43.75,true,46,82.61,42.86,true,30,90,55.56,true,30,93.33,22.22,true,30,90,33.33,true,29,82.76,66.67,true
Mark Williams,false,6,52,73.08,56.25,false,52,84.62,68.75,true,51,84.31,43.75,true,,,,,28,85.71,44.44,true,28,85.71,33.33,true,28,89.29,66.67,true,28,82.14,55.56,true
Marvin Bagley III,false,1,,,,,,,,,,,,,1,100,,true,,,,,,,,,,,,,,,,
Mason Plumlee,false,3,2,100,,true,1,100,,true,1,100,,true,,,,,,,,,,,,,,,,,,,,
Matas Buzelis,false,4,61,77.05,57.89,false,59,76.27,55.56,false,59,72.88,61.11,false,41,90.24,53.85,true,39,82.05,25,true,39,84.62,41.67,true,39,82.05,25,true,39,79.49,50,false
Matisse Thybulle,false,3,2,100,,true,2,100,,true,2,100,,true,,,,,,,,,,,,,,,,,,,,
Max Christie,false,6,57,78.95,50,false,57,71.93,33.33,false,57,80.7,77.78,true,49,81.63,26.67,true,37,86.49,75,true,37,91.89,83.33,true,37,89.19,58.33,true,37,83.78,50,true
Maxi Kleber,true,8,2,100,,true,2,100,,true,2,100,,true,1,100,,true,1,100,,true,1,100,,true,1,100,,true,1,100,,true
Maxime Raynaud,false,5,40,97.5,50,true,40,70,41.67,false,39,79.49,41.67,false,28,92.86,100,true,28,85.71,77.78,true,28,96.43,55.56,true,28,92.86,66.67,true,28,78.57,55.56,false
Micah Peavy,true,8,13,92.31,25,true,13,92.31,50,true,13,92.31,50,true,2,100,,true,6,100,,true,6,100,,true,6,100,,true,6,83.33,,true
Micah Potter,true,8,9,100,66.67,true,9,100,33.33,true,8,100,33.33,true,3,100,,true,4,100,,true,2,100,,true,4,100,,true,4,100,,true
Michael Porter Jr.,false,1,,,,,,,,,,,,,50,82,33.33,true,,,,,,,,,,,,,,,,
Mikal Bridges,false,4,66,78.79,45,false,66,77.27,40,false,66,77.27,55,false,61,85.25,26.32,true,40,82.5,33.33,true,40,90,41.67,true,40,72.5,58.33,false,40,87.5,50,true
Mike Conley,true,8,30,90,44.44,true,28,92.86,55.56,true,30,83.33,44.44,true,9,100,33.33,true,9,100,66.67,true,10,100,66.67,true,10,100,33.33,true,10,100,33.33,true
Miles Bridges,false,6,58,79.31,44.44,false,57,78.95,44.44,false,58,82.76,38.89,true,58,81.03,38.89,true,28,96.43,77.78,true,28,96.43,44.44,true,28,96.43,66.67,true,28,82.14,55.56,true
Miles McBride,false,7,33,78.79,20,false,33,90.91,60,true,33,84.85,40,true,16,87.5,80,true,8,100,33.33,true,8,100,33.33,true,8,87.5,66.67,true,8,100,100,true
Mitchell Robinson,false,4,45,84.44,64.29,true,45,84.44,35.71,true,44,77.27,42.86,false,,,,,33,78.79,40,false,32,84.38,50,true,33,78.79,40,false,33,84.85,30,true
Mohamed Diawara,true,8,7,100,,true,7,100,,true,7,100,,true,4,100,,true,2,100,,true,2,100,,true,2,100,,true,2,100,,true
Monte Morris,false,7,1,100,,true,1,100,,true,1,100,,true,,,,,1,100,,true,1,100,,true,1,100,,true,1,100,,true
Moritz Wagner,true,8,7,100,,true,7,100,,true,7,100,,true,1,100,,true,2,100,,true,2,100,,true,2,100,,true,2,100,,true
Moses Moody,false,7,56,75,58.82,false,55,80,47.06,true,55,81.82,47.06,true,48,93.75,40,true,26,88.46,62.5,true,27,85.19,55.56,true,27,92.59,66.67,true,26,84.62,62.5,true
Mouhamed Gueye,true,8,28,100,55.56,true,28,92.86,44.44,true,22,95.45,85.71,true,11,90.91,25,true,13,92.31,50,true,13,100,100,true,13,100,25,true,13,92.31,50,true
Moussa Cisse,false,1,1,100,,true,,,,,,,,,,,,,,,,,,,,,,,,,,,,
Moussa Diabaté,false,3,55,78.18,47.06,false,55,78.18,58.82,false,55,74.55,23.53,false,,,,,25,96,25,true,24,79.17,62.5,false,25,92,75,true,24,91.67,62.5,true
Myles Turner,false,6,58,91.38,61.11,true,57,75.44,50,false,58,74.14,61.11,false,56,85.71,52.94,true,32,87.5,70,true,32,93.75,30,true,34,91.18,54.55,true,32,87.5,80,true
Myron Gardner,true,8,4,100,,true,5,100,,true,3,100,,true,1,100,,true,4,100,,true,4,100,,true,4,100,,true,1,100,,true
Nae'Qwan Tomlin,false,7,15,100,40,true,6,83.33,,true,2,100,,true,,,,,10,80,33.33,true,7,85.71,,true,11,81.82,50,true,4,100,,true
Naji Marshall,false,3,60,80,44.44,true,59,79.66,38.89,false,60,76.67,27.78,false,45,75.56,50,false,35,74.29,63.64,false,36,75,45.45,false,36,80.56,27.27,true,36,80.56,45.45,true
Naz Reid,false,3,61,73.77,47.37,false,60,71.67,38.89,false,61,67.21,42.11,false,52,78.85,50,false,38,86.84,66.67,true,38,84.21,41.67,true,38,86.84,75,true,38,78.95,50,false
Neemias Queta,false,6,55,80,29.41,true,56,76.79,70.59,false,56,80.36,58.82,true,,,,,35,88.57,45.45,true,35,85.71,27.27,true,35,91.43,36.36,true,35,80,45.45,true
Nic Claxton,false,6,57,82.46,72.22,true,57,77.19,55.56,false,56,82.14,64.71,true,,,,,40,82.5,75,true,40,87.5,58.33,true,39,92.31,50,true,40,80,58.33,true
Nick Richards,false,7,12,91.67,50,true,12,91.67,0,true,9,88.89,33.33,true,,,,,6,100,,true,4,100,,true,6,100,,true,6,100,,true
Nickeil Alexander-Walker,false,4,59,79.66,55.56,false,59,77.97,44.44,false,59,74.58,33.33,false,57,89.47,66.67,true,40,75,58.33,false,40,90,75,true,40,80,58.33,true,40,92.5,50,true
Nicolas Batum,true,8,37,83.78,33.33,true,37,81.08,41.67,true,37,83.78,50,true,13,84.62,75,true,16,100,100,true,16,87.5,80,true,16,93.75,100,true,16,100,40,true
Nikola Jokić,false,6,49,81.63,40,true,49,85.71,73.33,true,49,77.55,53.33,false,46,73.91,50,false,27,88.89,44.44,true,27,88.89,44.44,true,27,92.59,77.78,true,27,92.59,77.78,true
Nikola Jović,true,8,26,96.15,62.5,true,24,91.67,50,true,25,88,75,true,6,100,,true,14,100,60,true,12,100,25,true,12,83.33,50,true,10,100,66.67,true
Nikola Vučević,false,5,58,81.03,50,true,58,77.59,55.56,false,58,79.31,66.67,false,48,77.08,46.67,false,22,86.36,42.86,true,22,86.36,57.14,true,22,95.45,42.86,true,22,95.45,42.86,true
Nique Clifford,true,8,40,85,50,true,39,82.05,33.33,true,40,82.5,33.33,true,18,88.89,66.67,true,29,86.21,55.56,true,29,93.1,55.56,true,29,89.66,22.22,true,29,89.66,11.11,true
Noah Clowney,false,6,57,84.21,38.89,true,56,76.79,70.59,false,56,76.79,41.18,false,52,80.77,62.5,true,34,82.35,72.73,true,34,88.24,45.45,true,34,91.18,54.55,true,34,82.35,36.36,true
Noah Penda,false,4,5,100,,true,5,80,,true,5,100,,true,2,100,,true,4,75,,false,4,75,,false,4,75,,false,4,75,,false
Nolan Traore,true,8,28,85.71,33.33,true,25,84,62.5,true,25,88,62.5,true,19,94.74,50,true,23,91.3,14.29,true,24,83.33,12.5,true,23,86.96,42.86,true,23,86.96,57.14,true
Norman Powell,false,7,47,82.98,46.67,true,47,82.98,66.67,true,46,80.43,35.71,true,43,81.4,15.38,true,24,79.17,50,false,24,91.67,12.5,true,24,87.5,62.5,true,24,95.83,100,true
Obi Toppin,true,8,3,100,,true,3,100,,true,3,100,,true,3,100,,true,1,100,,true,1,100,,true,1,100,,true,1,100,,true
Ochai Agbaji,true,8,16,93.75,0,true,16,93.75,80,true,13,92.31,0,true,9,100,33.33,true,3,100,,true,4,100,,true,4,100,,true,4,100,,true
OG Anunoby,true,8,51,82.35,50,true,51,88.24,50,true,51,86.27,50,true,46,91.3,35.71,true,31,83.87,30,true,31,87.1,60,true,31,93.55,40,true,31,87.1,50,true
Olivier-Maxence Prosper,true,8,8,87.5,100,true,7,100,,true,5,100,,true,2,100,,true,12,83.33,50,true,11,90.91,50,true,12,83.33,50,true,11,90.91,25,true
Onyeka Okongwu,false,5,57,78.95,55.56,false,57,75.44,55.56,false,57,80.7,38.89,true,57,77.19,22.22,false,37,83.78,50,true,37,86.49,66.67,true,37,94.59,58.33,true,37,81.08,50,true
Oso Ighodaro,false,4,52,78.85,31.25,false,52,84.62,37.5,true,49,79.59,40,false,,,,,32,87.5,30,true,32,93.75,60,true,32,81.25,40,true,32,71.88,50,false
Ousmane Dieng,true,8,7,100,,true,7,85.71,,true,7,100,,true,4,100,,true,6,100,,true,6,100,,true,6,100,,true,6,100,,true
P.J. Washington,true,8,43,83.72,46.15,true,43,86.05,38.46,true,42,88.1,53.85,true,41,80.49,53.85,true,23,95.65,28.57,true,23,91.3,42.86,true,23,91.3,42.86,true,23,86.96,71.43,true
Paolo Banchero,false,6,51,76.47,50,false,51,80.39,56.25,true,50,80,73.33,true,46,76.09,57.14,false,21,90.48,14.29,true,21,90.48,57.14,true,21,85.71,71.43,true,21,85.71,42.86,true
Pascal Siakam,false,4,55,72.73,70.59,false,55,81.82,52.94,true,54,79.63,29.41,false,54,70.37,23.53,false,26,84.62,50,true,26,84.62,25,true,24,83.33,25,true,26,76.92,37.5,false
Pat Connaughton,false,3,1,100,,true,1,100,,true,1,100,,true,,,,,,,,,,,,,,,,,,,,
Pat Spencer,true,8,16,100,40,true,12,91.67,75,true,14,100,60,true,2,100,,true,8,100,66.67,true,8,100,33.33,true,8,100,100,true,8,100,33.33,true
Patrick Williams,false,6,37,81.08,50,true,37,75.68,50,false,36,91.67,81.82,true,8,100,100,true,19,78.95,33.33,false,19,94.74,66.67,true,18,88.89,33.33,true,19,89.47,33.33,true
Paul George,true,8,27,88.89,44.44,true,27,88.89,77.78,true,27,81.48,66.67,true,25,88,37.5,true,3,100,,true,3,100,,true,3,100,,true,3,100,,true
Paul Reed,true,8,12,100,50,true,12,91.67,75,true,12,91.67,25,true,9,100,66.67,true,4,100,,true,4,100,,true,4,100,,true,4,100,,true
Payton Pritchard,false,5,62,85.48,57.89,true,61,86.89,68.42,true,62,79.03,47.37,false,61,77.05,47.37,false,39,79.49,66.67,false,39,82.05,41.67,true,39,89.74,25,true,39,84.62,75,true
Pelle Larsson,false,6,48,79.17,46.67,false,48,83.33,46.67,true,47,76.6,60,false,36,80.56,63.64,true,25,88,75,true,24,95.83,62.5,true,25,84,37.5,true,25,92,75,true
Peyton Watson,false,6,48,77.08,46.67,false,48,77.08,26.67,false,47,82.98,33.33,true,34,88.24,36.36,true,24,95.83,50,true,24,87.5,37.5,true,24,91.67,62.5,true,24,87.5,37.5,true
PJ Hall,false,3,1,100,,true,2,100,,true,,,,,,,,,1,100,,true,,,,,,,,,,,,
Precious Achiuwa,false,7,46,84.78,50,true,47,74.47,53.33,false,46,82.61,57.14,true,26,84.62,62.5,true,37,89.19,41.67,true,37,81.08,33.33,true,37,89.19,58.33,true,36,91.67,27.27,true
Quentin Grimes,false,6,57,68.42,33.33,false,57,80.7,44.44,true,57,84.21,22.22,true,47,70.21,33.33,false,36,88.89,72.73,true,36,86.11,81.82,true,36,86.11,54.55,true,35,85.71,27.27,true
Quenton Jackson,false,7,14,100,40,true,11,90.91,50,true,7,100,,true,,,,,5,100,,true,3,100,,true,3,100,,true,1,100,,true
Quinten Post,true,8,34,85.29,63.64,true,36,83.33,45.45,true,34,91.18,54.55,true,30,86.67,44.44,true,23,91.3,42.86,true,21,95.24,28.57,true,23,95.65,71.43,true,23,91.3,71.43,true
Rasheer Fleming,false,3,1,100,,true,1,100,,true,1,100,,true,,,,,,,,,,,,,,,,,,,,
Rayan Rupert,true,8,12,100,25,true,11,81.82,25,true,9,88.89,33.33,true,1,100,,true,8,100,66.67,true,5,100,,true,5,100,,true,5,100,,true
RayJ Dennis,false,6,3,100,,true,,,,,2,100,,true,1,100,,true,1,100,,true,1,100,,true,1,100,,true,,,,
Reed Sheppard,false,7,60,78.33,38.89,false,60,80,61.11,true,61,80.33,36.84,true,52,80.77,31.25,true,41,80.49,30.77,true,41,85.37,7.69,true,41,85.37,38.46,true,41,80.49,38.46,true
RJ Barrett,false,6,38,76.32,41.67,false,38,84.21,16.67,true,38,86.84,50,true,38,71.05,50,false,24,95.83,62.5,true,24,95.83,62.5,true,24,91.67,37.5,true,24,83.33,37.5,true
Rob Dillingham,false,7,7,100,,true,7,100,,true,7,100,,true,,,,,5,100,,true,5,100,,true,5,80,,true,5,100,,true
Ronald Holland II,false,1,,,,,,,,,,,,,2,100,,true,,,,,,,,,,,,,,,,
Royce O'Neale,false,5,63,79.37,31.58,false,63,76.19,52.63,false,62,79.03,52.63,false,60,85,61.11,true,35,85.71,63.64,true,35,82.86,72.73,true,35,91.43,90.91,true,35,80,54.55,true
Rudy Gobert,false,5,60,80,44.44,true,60,71.67,44.44,false,59,79.66,38.89,false,,,,,36,83.33,36.36,true,36,80.56,45.45,true,36,88.89,45.45,true,36,88.89,63.64,true
Rui Hachimura,false,6,51,84.31,62.5,true,51,80.39,50,true,50,78,53.33,false,39,79.49,58.33,false,29,100,55.56,true,29,93.1,55.56,true,29,96.55,44.44,true,28,96.43,44.44,true
Russell Westbrook,false,4,59,79.66,61.11,false,59,77.97,55.56,false,59,79.66,44.44,false,55,72.73,35.29,false,43,81.4,84.62,true,43,81.4,69.23,true,43,81.4,69.23,true,43,86.05,76.92,true
Ryan Dunn,true,8,42,83.33,46.15,true,42,88.1,46.15,true,41,87.8,61.54,true,20,95,66.67,true,18,100,83.33,true,17,88.24,50,true,18,88.89,50,true,17,100,66.67,true
Ryan Kalkbrenner,false,6,44,77.27,57.14,false,44,88.64,42.86,true,43,79.07,53.85,false,4,100,,true,24,87.5,50,true,24,95.83,75,true,26,88.46,50,true,23,91.3,28.57,true
Ryan Nembhard,false,7,23,82.61,71.43,true,10,100,33.33,true,22,81.82,71.43,true,,,,,12,100,50,true,10,100,66.67,true,12,91.67,50,true,8,100,66.67,true
Ryan Rollins,true,8,60,81.67,38.89,true,60,80,55.56,true,60,80,50,true,58,87.93,22.22,true,35,94.29,54.55,true,35,85.71,45.45,true,36,83.33,54.55,true,36,91.67,36.36,true
Saddiq Bey,false,4,58,74.14,77.78,false,58,74.14,44.44,false,57,77.19,44.44,false,53,77.36,56.25,false,37,89.19,58.33,true,37,86.49,25,true,37,81.08,66.67,true,36,88.89,63.64,true
Sam Hauser,false,6,56,82.14,52.94,true,55,78.18,58.82,false,55,80,47.06,true,33,78.79,40,false,34,88.24,45.45,true,34,88.24,45.45,true,34,85.29,54.55,true,34,85.29,36.36,true
Sam Merrill,true,8,39,89.74,58.33,true,39,82.05,50,true,39,87.18,50,true,35,94.29,54.55,true,25,96,62.5,true,25,88,37.5,true,25,96,62.5,true,25,92,25,true
Sandro Mamukelashvili,false,4,56,75,47.06,false,55,78.18,70.59,false,56,73.21,47.06,false,40,90,50,true,37,78.38,50,false,37,89.19,58.33,true,37,89.19,50,true,37,81.08,58.33,true
Santi Aldama,true,8,41,85.37,61.54,true,41,82.93,46.15,true,42,88.1,23.08,true,28,89.29,66.67,true,14,100,40,true,14,100,40,true,13,92.31,25,true,14,85.71,60,true
Scoot Henderson,true,8,13,92.31,75,true,13,100,50,true,13,100,50,true,11,100,100,true,7,100,,true,7,100,,true,7,100,,true,7,100,,true
Scottie Barnes,false,4,60,70,50,false,60,76.67,33.33,false,60,76.67,38.89,false,59,72.88,61.11,false,36,83.33,54.55,true,36,83.33,36.36,true,36,91.67,36.36,true,36,80.56,72.73,true
Scotty Pippen Jr.,false,1,,,,,,,,,,,,,8,100,66.67,true,,,,,,,,,,,,,,,,
Shaedon Sharpe,true,8,46,93.48,64.29,true,46,80.43,42.86,true,46,95.65,64.29,true,44,81.82,57.14,true,23,86.96,28.57,true,23,82.61,57.14,true,23,86.96,57.14,true,23,86.96,42.86,true
Shai Gilgeous-Alexander,false,6,53,83.02,31.25,true,52,75,50,false,53,75.47,62.5,false,51,86.27,75,true,29,86.21,33.33,true,29,82.76,22.22,true,29,93.1,66.67,true,29,86.21,33.33,true
Sharife Cooper,false,6,3,100,,true,2,100,,true,,,,,,,,,1,100,,true,1,100,,true,1,100,,true,2,100,,true
Sidy Cissoko,false,6,30,83.33,44.44,true,16,93.75,60,true,13,100,100,true,,,,,26,76.92,37.5,false,23,91.3,57.14,true,21,90.48,28.57,true,11,100,25,true
Simone Fontecchio,false,7,36,83.33,45.45,true,36,75,63.64,false,36,94.44,81.82,true,6,100,,true,20,95,33.33,true,20,95,33.33,true,20,100,33.33,true,20,100,50,true
Sion James,false,6,56,80.36,52.94,true,57,77.19,55.56,false,57,85.96,38.89,true,11,81.82,25,true,40,80,41.67,true,40,82.5,33.33,true,39,84.62,33.33,true,39,79.49,66.67,false
Spencer Jones,false,7,31,90.32,60,true,18,83.33,33.33,true,4,100,,true,,,,,25,92,25,true,25,84,25,true,25,84,37.5,true,16,87.5,40,true
Stephen Curry,true,8,38,89.47,25,true,38,86.84,25,true,38,92.11,66.67,true,38,81.58,33.33,true,14,100,60,true,14,100,20,true,14,100,20,true,14,100,60,true
Stephon Castle,false,7,53,84.91,43.75,true,51,84.31,81.25,true,53,79.25,50,false,46,86.96,64.29,true,35,88.57,27.27,true,35,88.57,54.55,true,35,94.29,54.55,true,35,82.86,63.64,true
Steven Adams,false,7,29,89.66,66.67,true,29,89.66,44.44,true,29,86.21,44.44,true,,,,,5,80,,true,5,100,,true,5,80,,true,5,80,,true
Svi Mykhailiuk,true,8,41,82.93,69.23,true,40,90,25,true,39,89.74,41.67,true,37,83.78,25,true,19,94.74,66.67,true,19,94.74,66.67,true,19,100,66.67,true,19,94.74,33.33,true
T.J. McConnell,false,7,35,80,36.36,true,35,71.43,45.45,false,35,94.29,36.36,true,16,93.75,20,true,15,80,20,true,15,80,40,true,15,100,60,true,15,93.33,20,true
Taelon Peter,false,2,1,100,,true,,,,,,,,,,,,,2,100,,true,,,,,,,,,,,,
Tari Eason,true,8,39,87.18,41.67,true,39,87.18,41.67,true,39,82.05,33.33,true,36,88.89,18.18,true,29,86.21,55.56,true,29,86.21,11.11,true,29,89.66,44.44,true,29,82.76,55.56,true
Taurean Prince,false,3,6,100,,true,5,100,,true,5,100,,true,,,,,,,,,,,,,,,,,,,,
Taylor Hendricks,true,8,21,90.48,71.43,true,21,90.48,42.86,true,18,83.33,66.67,true,13,92.31,50,true,18,88.89,66.67,true,18,88.89,66.67,true,18,88.89,66.67,true,18,100,50,true
Terance Mann,false,6,49,77.55,40,false,48,79.17,60,false,48,87.5,26.67,true,43,90.7,53.85,true,25,88,62.5,true,25,88,62.5,true,25,92,50,true,25,88,75,true
Thomas Bryant,false,7,7,100,,true,7,100,,true,6,100,,true,,,,,1,100,,true,1,100,,true,1,100,,true,1,100,,true
Tidjane Salaün,true,8,15,86.67,40,true,15,93.33,80,true,15,100,40,true,3,100,,true,12,91.67,50,true,10,100,66.67,true,12,83.33,50,true,10,100,0,true
Tim Hardaway Jr.,false,1,,,,,,,,,,,,,34,97.06,54.55,true,,,,,,,,,,,,,,,,
Tobias Harris,false,7,45,91.11,64.29,true,44,79.55,57.14,false,45,84.44,85.71,true,42,83.33,38.46,true,29,82.76,66.67,true,29,89.66,66.67,true,29,86.21,55.56,true,29,89.66,66.67,true
Tony Bradley,false,3,4,100,,true,4,100,,true,4,100,,true,,,,,,,,,,,,,,,,,,,,
Toumani Camara,false,5,64,84.38,60,true,64,70.31,50,false,63,80.95,36.84,true,64,76.56,40,false,41,82.93,69.23,true,39,76.92,58.33,false,40,85,50,true,41,80.49,53.85,true
Trae Young,true,8,10,100,33.33,true,10,100,33.33,true,10,90,66.67,true,10,100,33.33,true,5,100,,true,5,100,,true,5,100,,true,5,100,,true
Trayce Jackson-Davis,false,3,4,100,,true,4,100,,true,4,100,,true,,,,,,,,,,,,,,,,,,,,
Tre Johnson,false,7,48,91.67,66.67,true,48,83.33,53.33,true,48,87.5,66.67,true,37,75.68,25,false,30,86.67,22.22,true,31,83.87,60,true,31,90.32,50,true,31,90.32,40,true
Tre Jones,false,5,46,80.43,35.71,true,45,75.56,57.14,false,46,78.26,42.86,false,36,72.22,45.45,false,22,86.36,57.14,true,22,90.91,42.86,true,22,95.45,14.29,true,22,81.82,57.14,true
Tre Mann,false,7,16,87.5,60,true,16,87.5,20,true,16,93.75,60,true,,,,,5,100,,true,5,100,,true,5,100,,true,5,100,,true
Trendon Watford,true,8,18,88.89,33.33,true,18,94.44,16.67,true,18,94.44,66.67,true,7,100,,true,8,100,33.33,true,9,100,66.67,true,9,100,33.33,true,9,100,0,true
Trey Murphy III,false,1,,,,,,,,,,,,,53,83.02,56.25,true,,,,,,,,,,,,,,,,
Tristan da Silva,false,6,52,82.69,62.5,true,52,80.77,37.5,true,52,76.92,31.25,false,29,75.86,44.44,false,20,100,16.67,true,20,95,66.67,true,20,100,50,true,20,95,33.33,true
Tristan Vukcevic,true,8,10,100,33.33,true,9,88.89,33.33,true,7,100,,true,3,100,,true,10,100,0,true,10,90,0,true,10,100,66.67,true,9,100,66.67,true
Ty Jerome,false,7,10,100,66.67,true,9,100,33.33,true,10,100,100,true,8,100,33.33,true,9,88.89,66.67,true,9,100,33.33,true,9,88.89,66.67,true,9,77.78,66.67,false
Tyler Herro,true,8,20,95,50,true,19,94.74,50,true,20,100,50,true,19,94.74,33.33,true,12,91.67,25,true,12,91.67,75,true,12,100,50,true,12,91.67,50,true
Tyler Kolek,true,8,13,92.31,25,true,13,100,75,true,13,92.31,50,true,3,100,,true,5,80,,true,5,100,,true,5,100,,true,5,80,,true
Tyrese Martin,false,4,21,95.24,57.14,true,21,85.71,42.86,true,21,85.71,57.14,true,9,88.89,66.67,true,,,,,,,,,,,,,,,,
Tyrese Maxey,false,4,60,78.33,61.11,false,59,77.97,38.89,false,60,78.33,33.33,false,59,84.75,44.44,true,29,86.21,44.44,true,29,89.66,33.33,true,29,79.31,33.33,false,29,82.76,33.33,true
Tyrese Proctor,true,8,4,100,,true,4,100,,true,4,100,,true,1,100,,true,1,100,,true,1,100,,true,1,100,,true,1,100,,true
Tyus Jones,true,8,22,90.91,71.43,true,22,86.36,57.14,true,23,91.3,57.14,true,9,100,66.67,true,9,100,33.33,true,9,100,33.33,true,9,88.89,33.33,true,9,100,33.33,true
Victor Wembanyama,false,7,50,88,53.33,true,50,82,40,true,49,81.63,33.33,true,39,89.74,58.33,true,35,85.71,36.36,true,35,82.86,45.45,true,35,85.71,27.27,true,35,74.29,45.45,false
Vince Williams Jr.,false,1,,,,,,,,,,,,,15,86.67,40,true,,,,,,,,,,,,,,,,
Vít Krejčí,false,6,49,79.59,46.67,false,47,91.49,66.67,true,48,75,40,false,23,86.96,28.57,true,28,92.86,33.33,true,28,92.86,33.33,true,27,85.19,33.33,true,28,89.29,66.67,true
VJ Edgecombe,false,7,56,83.93,58.82,true,56,73.21,47.06,false,55,81.82,41.18,true,54,85.19,64.71,true,31,87.1,40,true,31,83.87,30,true,31,87.1,40,true,31,83.87,50,true
Walker Kessler,false,4,4,100,,true,4,100,,true,4,100,,true,4,100,,true,,,,,,,,,,,,,,,,
Walter Clayton Jr.,false,1,,,,,,,,,,,,,8,100,66.67,true,,,,,,,,,,,,,,,,
Wendell Carter Jr.,false,1,,,,,,,,,,,,,44,84.09,42.86,true,,,,,,,,,,,,,,,,
Will Richard,true,8,33,84.85,60,true,33,84.85,50,true,31,87.1,50,true,16,93.75,40,true,17,94.12,33.33,true,17,88.24,33.33,true,18,94.44,50,true,17,100,33.33,true
Will Riley,false,7,27,77.78,44.44,false,25,88,87.5,true,24,87.5,50,true,10,100,33.33,true,17,94.12,16.67,true,17,94.12,16.67,true,17,94.12,16.67,true,17,94.12,33.33,true
Xavier Tillman,false,3,1,100,,true,1,100,,true,1,100,,true,,,,,,,,,,,,,,,,,,,,
Yang Hansen,false,4,2,100,,true,2,100,,true,1,100,,true,1,100,,true,,,,,,,,,,,,,,,,
Yves Missi,false,7,30,80,66.67,true,30,93.33,66.67,true,29,86.21,33.33,true,,,,,14,85.71,20,true,15,93.33,0,true,15,93.33,60,true,15,100,60,true
Zaccharie Risacher,false,4,49,83.67,53.33,true,49,89.8,53.33,true,48,72.92,66.67,false,45,77.78,71.43,false,34,91.18,36.36,true,34,79.41,27.27,false,34,91.18,45.45,true,34,79.41,45.45,false
Zach Collins,true,8,9,100,100,true,9,100,100,true,8,100,33.33,true,1,100,,true,2,100,,true,2,100,,true,2,100,,true,2,100,,true
Zach Edey,false,4,10,100,66.67,true,10,100,33.33,true,10,100,66.67,true,3,100,,true,,,,,,,,,,,,,,,,
Zach LaVine,false,6,38,92.11,66.67,true,38,86.84,50,true,38,76.32,41.67,false,34,79.41,27.27,false,19,94.74,66.67,true,19,94.74,66.67,true,19,94.74,66.67,true,19,100,50,true
Zeke Nnaji,true,8,13,92.31,50,true,13,92.31,25,true,13,92.31,50,true,3,100,,true,8,100,33.33,true,8,100,66.67,true,8,100,33.33,true,8,100,66.67,true
Ziaire Williams,true,8,33,81.82,80,true,35,97.14,63.64,true,32,93.75,60,true,17,94.12,83.33,true,13,84.62,25,true,13,84.62,25,true,14,92.86,20,true,13,100,75,true
Zion Williamson,false,7,46,82.61,42.86,true,46,80.43,42.86,true,46,80.43,57.14,true,1,100,,true,33,90.91,20,true,33,78.79,40,false,33,90.91,50,true,33,90.91,50,true